rank,uuid,collection_filter,canonical_id,expected_title,expected_year,expected_number,title,observed_act_id,observed_act_year,observed_act_number,collection,state_name,no_of_section,handle,last_modified,api_url,public_url,sections_url,schedules_url,inventory_source_blob_sha256,raw_blob_sha256
1,4d3bfe6b-a872-47d8-a0d5-1b3d437b81be,ACT,,,,,"The Kerala (Alteration of Name) Act, 2026",AC_CEN_5_0_202618_1788259652475,2026,18,ACT,CENTRAL,,123456789/619586,,https://indiacode.gov.in/server/api/core/items/4d3bfe6b-a872-47d8-a0d5-1b3d437b81be,https://indiacode.gov.in/act/4d3bfe6b-a872-47d8-a0d5-1b3d437b81be,https://indiacode.gov.in/act/4d3bfe6b-a872-47d8-a0d5-1b3d437b81be/sections,https://indiacode.gov.in/act/4d3bfe6b-a872-47d8-a0d5-1b3d437b81be/schedules,9067cfd7a4a46e1047adde176d4f51c6f322237dc21cf360780289fff315509a,
2,505f0079-9aee-49b0-93f3-dfd48511f81e,ACT,,,,,"The Tribunals Reforms Act, 2026",AC_CEN_3_46_202617_1788240133650,2026,17,ACT,CENTRAL,,123456789/619582,,https://indiacode.gov.in/server/api/core/items/505f0079-9aee-49b0-93f3-dfd48511f81e,https://indiacode.gov.in/act/505f0079-9aee-49b0-93f3-dfd48511f81e,https://indiacode.gov.in/act/505f0079-9aee-49b0-93f3-dfd48511f81e/sections,https://indiacode.gov.in/act/505f0079-9aee-49b0-93f3-dfd48511f81e/schedules,9067cfd7a4a46e1047adde176d4f51c6f322237dc21cf360780289fff315509a,
3,63b87434-40a1-4eaf-a44e-adcc29215670,ACT,,,,,"The Viksit Bharat—Guarantee for Rozgar And Ajeevika Mission (Gramin): Vb—G Ram G (विकसित भारत—जी राम जी)Act, 2025",AC_CEN_18_21_00003_2025-36_1782898495903,2025,36,ACT,CENTRAL,0,123456789/619290,,https://indiacode.gov.in/server/api/core/items/63b87434-40a1-4eaf-a44e-adcc29215670,https://indiacode.gov.in/act/63b87434-40a1-4eaf-a44e-adcc29215670,https://indiacode.gov.in/act/63b87434-40a1-4eaf-a44e-adcc29215670/sections,https://indiacode.gov.in/act/63b87434-40a1-4eaf-a44e-adcc29215670/schedules,9067cfd7a4a46e1047adde176d4f51c6f322237dc21cf360780289fff315509a,
4,df9e8d57-1b22-4300-b88c-a07217e10524,ACT,,,,,"The Repealing and Amending Act, 2025",AC_CEN_3_20_00074_2025-37_1768215915280,2025,37,ACT,CENTRAL,0,123456789/496453,,https://indiacode.gov.in/server/api/core/items/df9e8d57-1b22-4300-b88c-a07217e10524,https://indiacode.gov.in/act/df9e8d57-1b22-4300-b88c-a07217e10524,https://indiacode.gov.in/act/df9e8d57-1b22-4300-b88c-a07217e10524/sections,https://indiacode.gov.in/act/df9e8d57-1b22-4300-b88c-a07217e10524/schedules,9067cfd7a4a46e1047adde176d4f51c6f322237dc21cf360780289fff315509a,
5,e3988e15-800a-4b73-9d53-3e482682cd29,ACT,,,,,"The Health Security Se National Security Cess Act, 2025",AC_CEN_2_2_00037_2025-35_1771398637863,2025,35,ACT,CENTRAL,0,123456789/496299,,https://indiacode.gov.in/server/api/core/items/e3988e15-800a-4b73-9d53-3e482682cd29,https://indiacode.gov.in/act/e3988e15-800a-4b73-9d53-3e482682cd29,https://indiacode.gov.in/act/e3988e15-800a-4b73-9d53-3e482682cd29/sections,https://indiacode.gov.in/act/e3988e15-800a-4b73-9d53-3e482682cd29/schedules,9067cfd7a4a46e1047adde176d4f51c6f322237dc21cf360780289fff315509a,
6,08c961e9-dbcd-4702-bb14-81e1eb71df64,ACT,,,,,"The Promotion and Regulation of Online Gaming Act, 2025",AC_CEN_45_0_00004_2025-32_1778133559220,2025,32,ACT,CENTRAL,0,123456789/496509,,https://indiacode.gov.in/server/api/core/items/08c961e9-dbcd-4702-bb14-81e1eb71df64,https://indiacode.gov.in/act/08c961e9-dbcd-4702-bb14-81e1eb71df64,https://indiacode.gov.in/act/08c961e9-dbcd-4702-bb14-81e1eb71df64/sections,https://indiacode.gov.in/act/08c961e9-dbcd-4702-bb14-81e1eb71df64/schedules,9067cfd7a4a46e1047adde176d4f51c6f322237dc21cf360780289fff315509a,
7,3ff1fdd2-85fc-4db7-9aff-e07c2bbeecb8,ACT,,,,,The Indian Ports Act 2025,AC_CEN_198_0_00008_2025-7_1780909543261,2025,27,ACT,CENTRAL,0,123456789/496080,,https://indiacode.gov.in/server/api/core/items/3ff1fdd2-85fc-4db7-9aff-e07c2bbeecb8,https://indiacode.gov.in/act/3ff1fdd2-85fc-4db7-9aff-e07c2bbeecb8,https://indiacode.gov.in/act/3ff1fdd2-85fc-4db7-9aff-e07c2bbeecb8/sections,https://indiacode.gov.in/act/3ff1fdd2-85fc-4db7-9aff-e07c2bbeecb8/schedules,9067cfd7a4a46e1047adde176d4f51c6f322237dc21cf360780289fff315509a,
8,5a5bb080-385a-4542-8b8e-ac42e773708e,ACT,,,,,"The Merchant Shipping Act, 2025",AC_CEN_198_0_00006_2025-24_1777264737276,2025,24,ACT,CENTRAL,0,123456789/496078,,https://indiacode.gov.in/server/api/core/items/5a5bb080-385a-4542-8b8e-ac42e773708e,https://indiacode.gov.in/act/5a5bb080-385a-4542-8b8e-ac42e773708e,https://indiacode.gov.in/act/5a5bb080-385a-4542-8b8e-ac42e773708e/sections,https://indiacode.gov.in/act/5a5bb080-385a-4542-8b8e-ac42e773708e/schedules,9067cfd7a4a46e1047adde176d4f51c6f322237dc21cf360780289fff315509a,
9,96e79827-df92-46cb-a785-ceb2abd287ae,ACT,,,,,"The National Sports Governance Act, 2025",AC_CEN_34_92_00002_2025-25_1767697307397,2025,25,ACT,CENTRAL,0,123456789/496361,,https://indiacode.gov.in/server/api/core/items/96e79827-df92-46cb-a785-ceb2abd287ae,https://indiacode.gov.in/act/96e79827-df92-46cb-a785-ceb2abd287ae,https://indiacode.gov.in/act/96e79827-df92-46cb-a785-ceb2abd287ae/sections,https://indiacode.gov.in/act/96e79827-df92-46cb-a785-ceb2abd287ae/schedules,9067cfd7a4a46e1047adde176d4f51c6f322237dc21cf360780289fff315509a,
10,d8fb7bca-f02c-4398-bc6b-15f874f0c2fe,ACT,,,,,"The Readjustment of Representation of Scheduled Tribes in Assembly Constituencies of the State of Goa Act, 2025",AC_CEN_3_20_00075_2025-21_1786951607239,2025,21,ACT,CENTRAL,0,123456789/619301,,https://indiacode.gov.in/server/api/core/items/d8fb7bca-f02c-4398-bc6b-15f874f0c2fe,https://indiacode.gov.in/act/d8fb7bca-f02c-4398-bc6b-15f874f0c2fe,https://indiacode.gov.in/act/d8fb7bca-f02c-4398-bc6b-15f874f0c2fe/sections,https://indiacode.gov.in/act/d8fb7bca-f02c-4398-bc6b-15f874f0c2fe/schedules,9067cfd7a4a46e1047adde176d4f51c6f322237dc21cf360780289fff315509a,
11,2ac30bdb-7e3c-4d2e-8ee4-c62fb8528653,ACT,,,,,"The Coastal Shipping Act, 2025",AC_CEN_198_0_00007_2025-20_1777265394360,2025,20,ACT,CENTRAL,0,123456789/496079,,https://indiacode.gov.in/server/api/core/items/2ac30bdb-7e3c-4d2e-8ee4-c62fb8528653,https://indiacode.gov.in/act/2ac30bdb-7e3c-4d2e-8ee4-c62fb8528653,https://indiacode.gov.in/act/2ac30bdb-7e3c-4d2e-8ee4-c62fb8528653/sections,https://indiacode.gov.in/act/2ac30bdb-7e3c-4d2e-8ee4-c62fb8528653/schedules,9067cfd7a4a46e1047adde176d4f51c6f322237dc21cf360780289fff315509a,
12,1a9b7c18-faca-4b25-83a0-774f39fc20fc,ACT,,,,,"The Bills of Lading Act, 2025",AC_CEN_198_0_00006_2025-18_1758263039996,2025,18,ACT,CENTRAL,0,123456789/496077,,https://indiacode.gov.in/server/api/core/items/1a9b7c18-faca-4b25-83a0-774f39fc20fc,https://indiacode.gov.in/act/1a9b7c18-faca-4b25-83a0-774f39fc20fc,https://indiacode.gov.in/act/1a9b7c18-faca-4b25-83a0-774f39fc20fc/sections,https://indiacode.gov.in/act/1a9b7c18-faca-4b25-83a0-774f39fc20fc/schedules,9067cfd7a4a46e1047adde176d4f51c6f322237dc21cf360780289fff315509a,
13,364683a7-2386-4b5a-8b9f-b2ad4605ea7e,ACT,,,,,"The Protection of Interests in Aircraft Objects Act, 2025",AC_CEN_36_0_000010_202517_1746601226831,2025,17,ACT,CENTRAL,0,123456789/496364,,https://indiacode.gov.in/server/api/core/items/364683a7-2386-4b5a-8b9f-b2ad4605ea7e,https://indiacode.gov.in/act/364683a7-2386-4b5a-8b9f-b2ad4605ea7e,https://indiacode.gov.in/act/364683a7-2386-4b5a-8b9f-b2ad4605ea7e/sections,https://indiacode.gov.in/act/364683a7-2386-4b5a-8b9f-b2ad4605ea7e/schedules,9067cfd7a4a46e1047adde176d4f51c6f322237dc21cf360780289fff315509a,
14,21c04350-dcd1-4a44-8680-25e9d8b8853b,ACT,,,,,"The Mussalman Wakf (Repeal) Act, 2025",AC_CEN_44_0_00005_A2025-15_1745400820389,2025,15,ACT,CENTRAL,0,123456789/496506,,https://indiacode.gov.in/server/api/core/items/21c04350-dcd1-4a44-8680-25e9d8b8853b,https://indiacode.gov.in/act/21c04350-dcd1-4a44-8680-25e9d8b8853b,https://indiacode.gov.in/act/21c04350-dcd1-4a44-8680-25e9d8b8853b/sections,https://indiacode.gov.in/act/21c04350-dcd1-4a44-8680-25e9d8b8853b/schedules,9067cfd7a4a46e1047adde176d4f51c6f322237dc21cf360780289fff315509a,
15,090dd487-4fb9-4bd8-8968-b8fa8984bf9e,ACT,,,,,"The Immigration and Foreigners Act, 2025",AC_CEN_5_40_00022_2025-13_1757572252406,2025,13,ACT,CENTRAL,0,123456789/496587,,https://indiacode.gov.in/server/api/core/items/090dd487-4fb9-4bd8-8968-b8fa8984bf9e,https://indiacode.gov.in/act/090dd487-4fb9-4bd8-8968-b8fa8984bf9e,https://indiacode.gov.in/act/090dd487-4fb9-4bd8-8968-b8fa8984bf9e/sections,https://indiacode.gov.in/act/090dd487-4fb9-4bd8-8968-b8fa8984bf9e/schedules,9067cfd7a4a46e1047adde176d4f51c6f322237dc21cf360780289fff315509a,
16,99eb4e16-4357-4f02-9d47-ee06724eadef,ACT,,,,,"The Boilers Act, 2025",AC_CEN_11_61_00011_A2025-12_1748411048044,2025,12,ACT,CENTRAL,0,123456789/495970,,https://indiacode.gov.in/server/api/core/items/99eb4e16-4357-4f02-9d47-ee06724eadef,https://indiacode.gov.in/act/99eb4e16-4357-4f02-9d47-ee06724eadef,https://indiacode.gov.in/act/99eb4e16-4357-4f02-9d47-ee06724eadef/sections,https://indiacode.gov.in/act/99eb4e16-4357-4f02-9d47-ee06724eadef/schedules,9067cfd7a4a46e1047adde176d4f51c6f322237dc21cf360780289fff315509a,
17,d597e8f1-bec8-420e-b1d2-aa2d76605df2,ACT,,,,,"The ""Tribhuvan"" Sahkari University Act, 2025",AC_CEN_200_0_00003_A2025-11_1745400500757,2025,11,ACT,CENTRAL,0,123456789/496090,,https://indiacode.gov.in/server/api/core/items/d597e8f1-bec8-420e-b1d2-aa2d76605df2,https://indiacode.gov.in/act/d597e8f1-bec8-420e-b1d2-aa2d76605df2,https://indiacode.gov.in/act/d597e8f1-bec8-420e-b1d2-aa2d76605df2/sections,https://indiacode.gov.in/act/d597e8f1-bec8-420e-b1d2-aa2d76605df2/schedules,9067cfd7a4a46e1047adde176d4f51c6f322237dc21cf360780289fff315509a,
18,1160b94f-e0b1-43a8-bdef-09578ac7b54d,ACT,,,,,"The Carriage of Goods by Sea Act, 2025",AC_CEN_198_0_00005_2025-19_1757570478140,2025,19,ACT,CENTRAL,0,123456789/496076,,https://indiacode.gov.in/server/api/core/items/1160b94f-e0b1-43a8-bdef-09578ac7b54d,https://indiacode.gov.in/act/1160b94f-e0b1-43a8-bdef-09578ac7b54d,https://indiacode.gov.in/act/1160b94f-e0b1-43a8-bdef-09578ac7b54d/sections,https://indiacode.gov.in/act/1160b94f-e0b1-43a8-bdef-09578ac7b54d/schedules,9067cfd7a4a46e1047adde176d4f51c6f322237dc21cf360780289fff315509a,
19,ccf19a37-e669-40cb-aa29-1555f223b48e,ACT,,,,,"The Bharatiya Vayuyan Adhiniyam, 2024",AC_CEN_36_0_000010_202416_1738131525716,2024,16,ACT,CENTRAL,0,123456789/496363,,https://indiacode.gov.in/server/api/core/items/ccf19a37-e669-40cb-aa29-1555f223b48e,https://indiacode.gov.in/act/ccf19a37-e669-40cb-aa29-1555f223b48e,https://indiacode.gov.in/act/ccf19a37-e669-40cb-aa29-1555f223b48e/sections,https://indiacode.gov.in/act/ccf19a37-e669-40cb-aa29-1555f223b48e/schedules,9067cfd7a4a46e1047adde176d4f51c6f322237dc21cf360780289fff315509a,
20,787ebbb6-45cd-4abb-8d2f-e4e01bbc4f7d,ACT,,,,,"The Public Examinations (Prevention of Unfair Means) Act, 2024",AC_CEN_26_36_00009_A2024-01_1719556801892,2024,1,ACT,CENTRAL,0,123456789/496173,,https://indiacode.gov.in/server/api/core/items/787ebbb6-45cd-4abb-8d2f-e4e01bbc4f7d,https://indiacode.gov.in/act/787ebbb6-45cd-4abb-8d2f-e4e01bbc4f7d,https://indiacode.gov.in/act/787ebbb6-45cd-4abb-8d2f-e4e01bbc4f7d/sections,https://indiacode.gov.in/act/787ebbb6-45cd-4abb-8d2f-e4e01bbc4f7d/schedules,9067cfd7a4a46e1047adde176d4f51c6f322237dc21cf360780289fff315509a,
21,f41756bf-5609-4e8d-bc63-75cd37df0011,ACT,,,,,"The Press and Registration of Periodicals Act, 2023",AC_CEN_29_0_00007_202351_1724412396961,2023,51,ACT,CENTRAL,0,123456789/496216,,https://indiacode.gov.in/server/api/core/items/f41756bf-5609-4e8d-bc63-75cd37df0011,https://indiacode.gov.in/act/f41756bf-5609-4e8d-bc63-75cd37df0011,https://indiacode.gov.in/act/f41756bf-5609-4e8d-bc63-75cd37df0011/sections,https://indiacode.gov.in/act/f41756bf-5609-4e8d-bc63-75cd37df0011/schedules,9067cfd7a4a46e1047adde176d4f51c6f322237dc21cf360780289fff315509a,
22,95e575e3-dbdb-46e7-b60e-5c2bcfbc93a2,ACT,,,,,"The Chief Election Commissioner And Other Election Commissioners (Appointment, Conditions of Service And Term of Office) Act, 2023",AC_CEN_3_20_00080_A2023-49_1704690560714,2023,49,ACT,CENTRAL,0,123456789/496462,,https://indiacode.gov.in/server/api/core/items/95e575e3-dbdb-46e7-b60e-5c2bcfbc93a2,https://indiacode.gov.in/act/95e575e3-dbdb-46e7-b60e-5c2bcfbc93a2,https://indiacode.gov.in/act/95e575e3-dbdb-46e7-b60e-5c2bcfbc93a2/sections,https://indiacode.gov.in/act/95e575e3-dbdb-46e7-b60e-5c2bcfbc93a2/schedules,9067cfd7a4a46e1047adde176d4f51c6f322237dc21cf360780289fff315509a,
23,01e2d921-b61d-4dac-a51e-0a216cfdc4c4,ACT,,,,,"The Provisional collection of Taxes Act,2023",AC_CEN_3_20_00079_202350_1704347596085,2023,50,ACT,CENTRAL,0,123456789/496460,,https://indiacode.gov.in/server/api/core/items/01e2d921-b61d-4dac-a51e-0a216cfdc4c4,https://indiacode.gov.in/act/01e2d921-b61d-4dac-a51e-0a216cfdc4c4,https://indiacode.gov.in/act/01e2d921-b61d-4dac-a51e-0a216cfdc4c4/sections,https://indiacode.gov.in/act/01e2d921-b61d-4dac-a51e-0a216cfdc4c4/schedules,9067cfd7a4a46e1047adde176d4f51c6f322237dc21cf360780289fff315509a,
24,4bb3e636-ed67-4731-8fb1-7ebfd83e1584,ACT,,,,,"The Bharatiya Nyaya Sanhita, 2023",AC_CEN_5_23_00048_2023-45_1719292564123,2023,45,ACT,CENTRAL,0,123456789/496548,,https://indiacode.gov.in/server/api/core/items/4bb3e636-ed67-4731-8fb1-7ebfd83e1584,https://indiacode.gov.in/act/4bb3e636-ed67-4731-8fb1-7ebfd83e1584,https://indiacode.gov.in/act/4bb3e636-ed67-4731-8fb1-7ebfd83e1584/sections,https://indiacode.gov.in/act/4bb3e636-ed67-4731-8fb1-7ebfd83e1584/schedules,9067cfd7a4a46e1047adde176d4f51c6f322237dc21cf360780289fff315509a,
25,9e461245-2c13-4171-9d9d-267425c01e1d,ACT,,,,,"The Bharatiya Sakshya Adhiniyam, 2023",AC_CEN_5_23_00049_2023-47_1719292804654,2023,47,ACT,CENTRAL,0,123456789/496549,,https://indiacode.gov.in/server/api/core/items/9e461245-2c13-4171-9d9d-267425c01e1d,https://indiacode.gov.in/act/9e461245-2c13-4171-9d9d-267425c01e1d,https://indiacode.gov.in/act/9e461245-2c13-4171-9d9d-267425c01e1d/sections,https://indiacode.gov.in/act/9e461245-2c13-4171-9d9d-267425c01e1d/schedules,9067cfd7a4a46e1047adde176d4f51c6f322237dc21cf360780289fff315509a,
26,72592ac7-d084-4545-95d3-0c98dc49fac3,ACT,,,,,"The Bharatiya Nagarik Suraksha Sanhita, 2023",AC_CEN_5_23_00049_202346_1719552320687,2023,46,ACT,CENTRAL,0,123456789/496550,,https://indiacode.gov.in/server/api/core/items/72592ac7-d084-4545-95d3-0c98dc49fac3,https://indiacode.gov.in/act/72592ac7-d084-4545-95d3-0c98dc49fac3,https://indiacode.gov.in/act/72592ac7-d084-4545-95d3-0c98dc49fac3/sections,https://indiacode.gov.in/act/72592ac7-d084-4545-95d3-0c98dc49fac3/schedules,9067cfd7a4a46e1047adde176d4f51c6f322237dc21cf360780289fff315509a,
27,3b49d32d-5af1-4bb9-9f6c-ddac6d06fb1c,ACT,,,,,"The Telecommunications Act, 2023.",AC_CEN_37_58_00002_202344_1721027001853,2023,44,ACT,CENTRAL,0,123456789/496373,,https://indiacode.gov.in/server/api/core/items/3b49d32d-5af1-4bb9-9f6c-ddac6d06fb1c,https://indiacode.gov.in/act/3b49d32d-5af1-4bb9-9f6c-ddac6d06fb1c,https://indiacode.gov.in/act/3b49d32d-5af1-4bb9-9f6c-ddac6d06fb1c/sections,https://indiacode.gov.in/act/3b49d32d-5af1-4bb9-9f6c-ddac6d06fb1c/schedules,9067cfd7a4a46e1047adde176d4f51c6f322237dc21cf360780289fff315509a,
28,80a36343-29f0-4bf0-a82d-e31105eb202f,ACT,,,,,"The Post Office Act, 2023",AC_CEN_37_95_00003_2023-43_1718954617340,2023,43,ACT,CENTRAL,0,123456789/496378,,https://indiacode.gov.in/server/api/core/items/80a36343-29f0-4bf0-a82d-e31105eb202f,https://indiacode.gov.in/act/80a36343-29f0-4bf0-a82d-e31105eb202f,https://indiacode.gov.in/act/80a36343-29f0-4bf0-a82d-e31105eb202f/sections,https://indiacode.gov.in/act/80a36343-29f0-4bf0-a82d-e31105eb202f/schedules,9067cfd7a4a46e1047adde176d4f51c6f322237dc21cf360780289fff315509a,
29,fd1a7f72-25b4-48af-82d0-6c3c6509b098,ACT,,,,,"The Repealing and Amending Act, 2023",AC_CEN_3_20_00079_202337_1703224004767,2023,37,ACT,CENTRAL,0,123456789/496459,,https://indiacode.gov.in/server/api/core/items/fd1a7f72-25b4-48af-82d0-6c3c6509b098,https://indiacode.gov.in/act/fd1a7f72-25b4-48af-82d0-6c3c6509b098,https://indiacode.gov.in/act/fd1a7f72-25b4-48af-82d0-6c3c6509b098/sections,https://indiacode.gov.in/act/fd1a7f72-25b4-48af-82d0-6c3c6509b098/schedules,9067cfd7a4a46e1047adde176d4f51c6f322237dc21cf360780289fff315509a,
30,f3810ecc-2e1f-44f7-b246-b374e098ccb6,ACT,,,,,"The Mediation Act, 2023",AC_CEN_3_46_00011_A2023-32_1697800640677,2023,32,ACT,CENTRAL,0,123456789/496500,,https://indiacode.gov.in/server/api/core/items/f3810ecc-2e1f-44f7-b246-b374e098ccb6,https://indiacode.gov.in/act/f3810ecc-2e1f-44f7-b246-b374e098ccb6,https://indiacode.gov.in/act/f3810ecc-2e1f-44f7-b246-b374e098ccb6/sections,https://indiacode.gov.in/act/f3810ecc-2e1f-44f7-b246-b374e098ccb6/schedules,9067cfd7a4a46e1047adde176d4f51c6f322237dc21cf360780289fff315509a,
31,eb894a2b-5d22-4b2e-9304-ab392ea42b7f,ACT,,,,,"The Inter-Services Organisations (Command, Control and Discipline) Act, 2023",AC_CEN_28_1408_00016_202328_1715339556253,2023,28,ACT,CENTRAL,0,123456789/496193,,https://indiacode.gov.in/server/api/core/items/eb894a2b-5d22-4b2e-9304-ab392ea42b7f,https://indiacode.gov.in/act/eb894a2b-5d22-4b2e-9304-ab392ea42b7f,https://indiacode.gov.in/act/eb894a2b-5d22-4b2e-9304-ab392ea42b7f/sections,https://indiacode.gov.in/act/eb894a2b-5d22-4b2e-9304-ab392ea42b7f/schedules,9067cfd7a4a46e1047adde176d4f51c6f322237dc21cf360780289fff315509a,
32,b15bd50d-66a2-436e-afab-82830555e9c9,ACT,,,,,"The National Nursing and Midwifery Commission Act, 2023",AC_CEN_12_13_00025_202326_1710407531189,2023,26,ACT,CENTRAL,0,123456789/495993,,https://indiacode.gov.in/server/api/core/items/b15bd50d-66a2-436e-afab-82830555e9c9,https://indiacode.gov.in/act/b15bd50d-66a2-436e-afab-82830555e9c9,https://indiacode.gov.in/act/b15bd50d-66a2-436e-afab-82830555e9c9/sections,https://indiacode.gov.in/act/b15bd50d-66a2-436e-afab-82830555e9c9/schedules,9067cfd7a4a46e1047adde176d4f51c6f322237dc21cf360780289fff315509a,
33,40daad55-affd-4dbf-b490-54accb4fb046,ACT,,,,,"The Anusandhan National Research Foundation Act, 2023",AC_CEN_3_20_00081_202325_1707384553118,2023,25,ACT,CENTRAL,0,123456789/496463,,https://indiacode.gov.in/server/api/core/items/40daad55-affd-4dbf-b490-54accb4fb046,https://indiacode.gov.in/act/40daad55-affd-4dbf-b490-54accb4fb046,https://indiacode.gov.in/act/40daad55-affd-4dbf-b490-54accb4fb046/sections,https://indiacode.gov.in/act/40daad55-affd-4dbf-b490-54accb4fb046/schedules,9067cfd7a4a46e1047adde176d4f51c6f322237dc21cf360780289fff315509a,
34,3e32e192-4ab9-4ed9-857e-c3716f8da357,ACT,,,,,"The National Dental Commission Act, 2023",AC_CEN_12_13_00024_2023-21_1710130648069,2023,21,ACT,CENTRAL,0,123456789/495992,,https://indiacode.gov.in/server/api/core/items/3e32e192-4ab9-4ed9-857e-c3716f8da357,https://indiacode.gov.in/act/3e32e192-4ab9-4ed9-857e-c3716f8da357,https://indiacode.gov.in/act/3e32e192-4ab9-4ed9-857e-c3716f8da357/sections,https://indiacode.gov.in/act/3e32e192-4ab9-4ed9-857e-c3716f8da357/schedules,9067cfd7a4a46e1047adde176d4f51c6f322237dc21cf360780289fff315509a,
35,c058fa9f-eaf0-4ca3-98f1-3443b087bca9,ACT,,,,,"The Digital Personal Data Protection Act, 2023.",AC_CEN_45_0_00003_2023-22_1763464807080,2023,22,ACT,CENTRAL,0,123456789/496508,,https://indiacode.gov.in/server/api/core/items/c058fa9f-eaf0-4ca3-98f1-3443b087bca9,https://indiacode.gov.in/act/c058fa9f-eaf0-4ca3-98f1-3443b087bca9,https://indiacode.gov.in/act/c058fa9f-eaf0-4ca3-98f1-3443b087bca9/sections,https://indiacode.gov.in/act/c058fa9f-eaf0-4ca3-98f1-3443b087bca9/schedules,9067cfd7a4a46e1047adde176d4f51c6f322237dc21cf360780289fff315509a,
36,12b4bbf0-2e7f-44b6-97a6-c5d2a3abef95,ACT,,,,,"The Maritime Anti-Piracy Act, 2022.",AC_CEN_10_0_00019_202303_1696834013167,2023,3,ACT,CENTRAL,0,123456789/495933,,https://indiacode.gov.in/server/api/core/items/12b4bbf0-2e7f-44b6-97a6-c5d2a3abef95,https://indiacode.gov.in/act/12b4bbf0-2e7f-44b6-97a6-c5d2a3abef95,https://indiacode.gov.in/act/12b4bbf0-2e7f-44b6-97a6-c5d2a3abef95/sections,https://indiacode.gov.in/act/12b4bbf0-2e7f-44b6-97a6-c5d2a3abef95/schedules,9067cfd7a4a46e1047adde176d4f51c6f322237dc21cf360780289fff315509a,
37,63c4925e-822e-4f59-b558-3de9e3f1bb06,ACT,,,,,"The National Anti-Doping Act, 2022",AC_CEN_34_53_00003_2022-15_1785389786301,2022,15,ACT,CENTRAL,0,123456789/619291,,https://indiacode.gov.in/server/api/core/items/63c4925e-822e-4f59-b558-3de9e3f1bb06,https://indiacode.gov.in/act/63c4925e-822e-4f59-b558-3de9e3f1bb06,https://indiacode.gov.in/act/63c4925e-822e-4f59-b558-3de9e3f1bb06/sections,https://indiacode.gov.in/act/63c4925e-822e-4f59-b558-3de9e3f1bb06/schedules,9067cfd7a4a46e1047adde176d4f51c6f322237dc21cf360780289fff315509a,
38,e5eed822-a7b7-4a39-9eab-6955f603f497,ACT,,,,,"The Indian Antarctic Act, 2022",AC_CEN_203_0_00001_202213_1694673147668,2022,13,ACT,CENTRAL,0,123456789/496091,,https://indiacode.gov.in/server/api/core/items/e5eed822-a7b7-4a39-9eab-6955f603f497,https://indiacode.gov.in/act/e5eed822-a7b7-4a39-9eab-6955f603f497,https://indiacode.gov.in/act/e5eed822-a7b7-4a39-9eab-6955f603f497/sections,https://indiacode.gov.in/act/e5eed822-a7b7-4a39-9eab-6955f603f497/schedules,9067cfd7a4a46e1047adde176d4f51c6f322237dc21cf360780289fff315509a,
39,09c34f52-648d-40c9-8f00-a78efe6bfe9e,ACT,,,,,"The Criminal Procedure (Identification) Act, 2022",AC_CEN_5_23_00043_202211_1659596300196,2022,11,ACT,CENTRAL,0,123456789/496544,,https://indiacode.gov.in/server/api/core/items/09c34f52-648d-40c9-8f00-a78efe6bfe9e,https://indiacode.gov.in/act/09c34f52-648d-40c9-8f00-a78efe6bfe9e,https://indiacode.gov.in/act/09c34f52-648d-40c9-8f00-a78efe6bfe9e/sections,https://indiacode.gov.in/act/09c34f52-648d-40c9-8f00-a78efe6bfe9e/schedules,9067cfd7a4a46e1047adde176d4f51c6f322237dc21cf360780289fff315509a,
40,c418a283-d7ef-4421-bf06-37dd7e9ce18f,ACT,,,,,"The Surrogacy (Regulation) Act, 2021",AC_CEN_12_72_00002_202147_1643711958603,2021,47,ACT,CENTRAL,0,123456789/495997,,https://indiacode.gov.in/server/api/core/items/c418a283-d7ef-4421-bf06-37dd7e9ce18f,https://indiacode.gov.in/act/c418a283-d7ef-4421-bf06-37dd7e9ce18f,https://indiacode.gov.in/act/c418a283-d7ef-4421-bf06-37dd7e9ce18f/sections,https://indiacode.gov.in/act/c418a283-d7ef-4421-bf06-37dd7e9ce18f/schedules,9067cfd7a4a46e1047adde176d4f51c6f322237dc21cf360780289fff315509a,
41,6a92de1c-ffd4-4d0a-abfd-4fe579a03e6d,ACT,,,,,"The Assisted Reproductive Technology (Regulation) Act, 2021",AC_CEN_12_72_00001_202142_1643274805540,2021,42,ACT,CENTRAL,0,123456789/495995,,https://indiacode.gov.in/server/api/core/items/6a92de1c-ffd4-4d0a-abfd-4fe579a03e6d,https://indiacode.gov.in/act/6a92de1c-ffd4-4d0a-abfd-4fe579a03e6d,https://indiacode.gov.in/act/6a92de1c-ffd4-4d0a-abfd-4fe579a03e6d/sections,https://indiacode.gov.in/act/6a92de1c-ffd4-4d0a-abfd-4fe579a03e6d/schedules,9067cfd7a4a46e1047adde176d4f51c6f322237dc21cf360780289fff315509a,
42,513f7343-207c-4e36-abff-56a0bfee369c,ACT,,,,,"The Dam Safety Act, 2021",AC_CEN_199_1516_00001_202141_1641277357892,2021,41,ACT,CENTRAL,0,123456789/496081,,https://indiacode.gov.in/server/api/core/items/513f7343-207c-4e36-abff-56a0bfee369c,https://indiacode.gov.in/act/513f7343-207c-4e36-abff-56a0bfee369c,https://indiacode.gov.in/act/513f7343-207c-4e36-abff-56a0bfee369c/sections,https://indiacode.gov.in/act/513f7343-207c-4e36-abff-56a0bfee369c/schedules,9067cfd7a4a46e1047adde176d4f51c6f322237dc21cf360780289fff315509a,
43,d04e7411-8d1e-47ef-ad36-0b3c1216bb0c,ACT,,,,,"The Farm Laws Repeal Act, 2021",AC_CEN_23_31_00012_202140_1638437177885,2021,40,ACT,CENTRAL,0,123456789/496136,,https://indiacode.gov.in/server/api/core/items/d04e7411-8d1e-47ef-ad36-0b3c1216bb0c,https://indiacode.gov.in/act/d04e7411-8d1e-47ef-ad36-0b3c1216bb0c,https://indiacode.gov.in/act/d04e7411-8d1e-47ef-ad36-0b3c1216bb0c/sections,https://indiacode.gov.in/act/d04e7411-8d1e-47ef-ad36-0b3c1216bb0c/schedules,9067cfd7a4a46e1047adde176d4f51c6f322237dc21cf360780289fff315509a,
44,d61b7035-e74d-4dfc-bce6-020efe804127,ACT,,,,,"The Commission for Air Quality Management in National Capital Region and Adjoining Areas Act, 2021",AC_CEN_16_0_00011_202129_1629266138666,2021,29,ACT,CENTRAL,0,123456789/496019,,https://indiacode.gov.in/server/api/core/items/d61b7035-e74d-4dfc-bce6-020efe804127,https://indiacode.gov.in/act/d61b7035-e74d-4dfc-bce6-020efe804127,https://indiacode.gov.in/act/d61b7035-e74d-4dfc-bce6-020efe804127/sections,https://indiacode.gov.in/act/d61b7035-e74d-4dfc-bce6-020efe804127/schedules,9067cfd7a4a46e1047adde176d4f51c6f322237dc21cf360780289fff315509a,
45,56616371-ec19-4733-ba12-4cebb5717c64,ACT,,,,,"The Inland Vessels Act, 2021",AC_CEN_198_0_00002_202124_1645693186182,2021,24,ACT,CENTRAL,0,123456789/496074,,https://indiacode.gov.in/server/api/core/items/56616371-ec19-4733-ba12-4cebb5717c64,https://indiacode.gov.in/act/56616371-ec19-4733-ba12-4cebb5717c64,https://indiacode.gov.in/act/56616371-ec19-4733-ba12-4cebb5717c64/sections,https://indiacode.gov.in/act/56616371-ec19-4733-ba12-4cebb5717c64/schedules,9067cfd7a4a46e1047adde176d4f51c6f322237dc21cf360780289fff315509a,
46,7b686c39-2b3f-488a-8cd1-0f2a6d890d35,ACT,,,,,"The National Institutes of Food Technology, Entrepreneurship and Management Act, 2021.",AC_CEN_39_65_00001_202119_1633427623344,2021,19,ACT,CENTRAL,0,123456789/496382,,https://indiacode.gov.in/server/api/core/items/7b686c39-2b3f-488a-8cd1-0f2a6d890d35,https://indiacode.gov.in/act/7b686c39-2b3f-488a-8cd1-0f2a6d890d35,https://indiacode.gov.in/act/7b686c39-2b3f-488a-8cd1-0f2a6d890d35/sections,https://indiacode.gov.in/act/7b686c39-2b3f-488a-8cd1-0f2a6d890d35/schedules,9067cfd7a4a46e1047adde176d4f51c6f322237dc21cf360780289fff315509a,
47,040e5e03-bbf4-46d4-a75f-d032e28296d6,ACT,,,,,"The National Bank for Financing Infrastructure and Development Act, 2021",AC_CEN_2_33_00047_202117_1619088293867,2021,17,ACT,CENTRAL,0,123456789/496323,,https://indiacode.gov.in/server/api/core/items/040e5e03-bbf4-46d4-a75f-d032e28296d6,https://indiacode.gov.in/act/040e5e03-bbf4-46d4-a75f-d032e28296d6,https://indiacode.gov.in/act/040e5e03-bbf4-46d4-a75f-d032e28296d6/sections,https://indiacode.gov.in/act/040e5e03-bbf4-46d4-a75f-d032e28296d6/schedules,9067cfd7a4a46e1047adde176d4f51c6f322237dc21cf360780289fff315509a,
48,b87a0db4-08c8-40c7-be3f-ea2de1641560,ACT,,,,,"The National Commission for Allied and Healthcare Professions Act, 2021",AC_CEN_12_13_00023_202114_1622792373723,2021,14,ACT,CENTRAL,0,123456789/495990,,https://indiacode.gov.in/server/api/core/items/b87a0db4-08c8-40c7-be3f-ea2de1641560,https://indiacode.gov.in/act/b87a0db4-08c8-40c7-be3f-ea2de1641560,https://indiacode.gov.in/act/b87a0db4-08c8-40c7-be3f-ea2de1641560/sections,https://indiacode.gov.in/act/b87a0db4-08c8-40c7-be3f-ea2de1641560/schedules,9067cfd7a4a46e1047adde176d4f51c6f322237dc21cf360780289fff315509a,
49,a8e6458e-5da7-44d4-9dc7-9930f7faffe2,ACT,,,,,"The Major Port Authorities Act, 2021",AC_CEN_198_0_00001_202101_1636538981512,2021,1,ACT,CENTRAL,0,123456789/496073,,https://indiacode.gov.in/server/api/core/items/a8e6458e-5da7-44d4-9dc7-9930f7faffe2,https://indiacode.gov.in/act/a8e6458e-5da7-44d4-9dc7-9930f7faffe2,https://indiacode.gov.in/act/a8e6458e-5da7-44d4-9dc7-9930f7faffe2/sections,https://indiacode.gov.in/act/a8e6458e-5da7-44d4-9dc7-9930f7faffe2/schedules,9067cfd7a4a46e1047adde176d4f51c6f322237dc21cf360780289fff315509a,
50,1105cbcb-a765-4321-9758-8b92289371ac,ACT,,,,,"The Code on Social Security, 2020",AC_CEN_6_0_00036_202036_1623221080799,2020,36,ACT,CENTRAL,0,123456789/496700,,https://indiacode.gov.in/server/api/core/items/1105cbcb-a765-4321-9758-8b92289371ac,https://indiacode.gov.in/act/1105cbcb-a765-4321-9758-8b92289371ac,https://indiacode.gov.in/act/1105cbcb-a765-4321-9758-8b92289371ac/sections,https://indiacode.gov.in/act/1105cbcb-a765-4321-9758-8b92289371ac/schedules,9067cfd7a4a46e1047adde176d4f51c6f322237dc21cf360780289fff315509a,
51,68f0e43a-9120-4028-8e08-0f63f5a0e061,ACT,,,,,"The Occupational Safety, Health and Working Conditions Code, 2020",AC_CEN_6_0_00037_2020-37_1764583355013,2020,37,ACT,CENTRAL,0,123456789/496701,,https://indiacode.gov.in/server/api/core/items/68f0e43a-9120-4028-8e08-0f63f5a0e061,https://indiacode.gov.in/act/68f0e43a-9120-4028-8e08-0f63f5a0e061,https://indiacode.gov.in/act/68f0e43a-9120-4028-8e08-0f63f5a0e061/sections,https://indiacode.gov.in/act/68f0e43a-9120-4028-8e08-0f63f5a0e061/schedules,9067cfd7a4a46e1047adde176d4f51c6f322237dc21cf360780289fff315509a,
52,8f89967d-6d71-4d1c-bed5-53b6bf63d432,ACT,,,,,"The Industrial Relations Code, 2020",AC_CEN_6_0_00038_2020-35_1764741523513,2020,35,ACT,CENTRAL,0,123456789/496702,,https://indiacode.gov.in/server/api/core/items/8f89967d-6d71-4d1c-bed5-53b6bf63d432,https://indiacode.gov.in/act/8f89967d-6d71-4d1c-bed5-53b6bf63d432,https://indiacode.gov.in/act/8f89967d-6d71-4d1c-bed5-53b6bf63d432/sections,https://indiacode.gov.in/act/8f89967d-6d71-4d1c-bed5-53b6bf63d432/schedules,9067cfd7a4a46e1047adde176d4f51c6f322237dc21cf360780289fff315509a,
53,7c20575d-39bf-43d9-ac91-90240f7e8114,ACT,,,,,"The National Forensic Sciences University Act, 2020",AC_CEN_5_1461_00001_202032_1602501703622,2020,32,ACT,CENTRAL,0,123456789/496520,,https://indiacode.gov.in/server/api/core/items/7c20575d-39bf-43d9-ac91-90240f7e8114,https://indiacode.gov.in/act/7c20575d-39bf-43d9-ac91-90240f7e8114,https://indiacode.gov.in/act/7c20575d-39bf-43d9-ac91-90240f7e8114/sections,https://indiacode.gov.in/act/7c20575d-39bf-43d9-ac91-90240f7e8114/schedules,9067cfd7a4a46e1047adde176d4f51c6f322237dc21cf360780289fff315509a,
54,e4544076-6ee6-4d07-9e4e-9eb165dfac21,ACT,,,,,"The Bilateral Netting of Qualified Financial Contracts Act, 2020",AC_CEN_2_11_00032_202030_1602065217441,2020,30,ACT,CENTRAL,0,123456789/496254,,https://indiacode.gov.in/server/api/core/items/e4544076-6ee6-4d07-9e4e-9eb165dfac21,https://indiacode.gov.in/act/e4544076-6ee6-4d07-9e4e-9eb165dfac21,https://indiacode.gov.in/act/e4544076-6ee6-4d07-9e4e-9eb165dfac21/sections,https://indiacode.gov.in/act/e4544076-6ee6-4d07-9e4e-9eb165dfac21/schedules,9067cfd7a4a46e1047adde176d4f51c6f322237dc21cf360780289fff315509a,
55,e7ccce42-9b4c-4ad4-bd1d-aca88f36caa5,ACT,,,,,"The Rashtriya Raksha University Act, 2020.",AC_CEN_5_23_00048_202031_1602487878914,2020,31,ACT,CENTRAL,0,123456789/496547,,https://indiacode.gov.in/server/api/core/items/e7ccce42-9b4c-4ad4-bd1d-aca88f36caa5,https://indiacode.gov.in/act/e7ccce42-9b4c-4ad4-bd1d-aca88f36caa5,https://indiacode.gov.in/act/e7ccce42-9b4c-4ad4-bd1d-aca88f36caa5/sections,https://indiacode.gov.in/act/e7ccce42-9b4c-4ad4-bd1d-aca88f36caa5/schedules,9067cfd7a4a46e1047adde176d4f51c6f322237dc21cf360780289fff315509a,
56,deedf123-8be5-43ce-89df-874f77c36948,ACT,,,,,"The Jammu and Kashmir Official Languages Act, 2020.",AC_CEN_5_34_00004_202023_1601447366243,2020,23,ACT,CENTRAL,0,123456789/496574,,https://indiacode.gov.in/server/api/core/items/deedf123-8be5-43ce-89df-874f77c36948,https://indiacode.gov.in/act/deedf123-8be5-43ce-89df-874f77c36948,https://indiacode.gov.in/act/deedf123-8be5-43ce-89df-874f77c36948/sections,https://indiacode.gov.in/act/deedf123-8be5-43ce-89df-874f77c36948/schedules,9067cfd7a4a46e1047adde176d4f51c6f322237dc21cf360780289fff315509a,
57,21bfb618-b158-4641-aea3-2b67303123a1,ACT,,,,,"The Institute of Teaching and Research in Ayurveda Act, 2020",AC_CEN_51_0_00005_202016_1603175098070,2020,16,ACT,CENTRAL,0,123456789/496519,,https://indiacode.gov.in/server/api/core/items/21bfb618-b158-4641-aea3-2b67303123a1,https://indiacode.gov.in/act/21bfb618-b158-4641-aea3-2b67303123a1,https://indiacode.gov.in/act/21bfb618-b158-4641-aea3-2b67303123a1/sections,https://indiacode.gov.in/act/21bfb618-b158-4641-aea3-2b67303123a1/schedules,9067cfd7a4a46e1047adde176d4f51c6f322237dc21cf360780289fff315509a,
58,e29eb2f0-8c70-4de9-98d6-b16da6304989,ACT,,,,,"The National Commission for Indian System of Medicine Act, 2020",AC_CEN_51_0_00003_202014_1602498622060,2020,14,ACT,CENTRAL,0,123456789/496517,,https://indiacode.gov.in/server/api/core/items/e29eb2f0-8c70-4de9-98d6-b16da6304989,https://indiacode.gov.in/act/e29eb2f0-8c70-4de9-98d6-b16da6304989,https://indiacode.gov.in/act/e29eb2f0-8c70-4de9-98d6-b16da6304989/sections,https://indiacode.gov.in/act/e29eb2f0-8c70-4de9-98d6-b16da6304989/schedules,9067cfd7a4a46e1047adde176d4f51c6f322237dc21cf360780289fff315509a,
59,10e7b056-593b-473a-95fb-7eff54bd86e7,ACT,,,,,"The National Commission for Homoeopathy Act, 2020.",AC_CEN_51_0_00004_202015_1602499849967,2020,15,ACT,CENTRAL,0,123456789/496518,,https://indiacode.gov.in/server/api/core/items/10e7b056-593b-473a-95fb-7eff54bd86e7,https://indiacode.gov.in/act/10e7b056-593b-473a-95fb-7eff54bd86e7,https://indiacode.gov.in/act/10e7b056-593b-473a-95fb-7eff54bd86e7/sections,https://indiacode.gov.in/act/10e7b056-593b-473a-95fb-7eff54bd86e7/schedules,9067cfd7a4a46e1047adde176d4f51c6f322237dc21cf360780289fff315509a,
60,a687d26d-617b-4069-81f0-19cdfe845234,ACT,,,,,"The Marine Aids to Navigation Act, 2021.",AC_CEN_198_0_00003_202120_1648026775700,2021,20,ACT,CENTRAL,0,123456789/496075,,https://indiacode.gov.in/server/api/core/items/a687d26d-617b-4069-81f0-19cdfe845234,https://indiacode.gov.in/act/a687d26d-617b-4069-81f0-19cdfe845234,https://indiacode.gov.in/act/a687d26d-617b-4069-81f0-19cdfe845234/sections,https://indiacode.gov.in/act/a687d26d-617b-4069-81f0-19cdfe845234/schedules,9067cfd7a4a46e1047adde176d4f51c6f322237dc21cf360780289fff315509a,
61,c05b906e-8beb-421d-a8f2-b3de8feb2ac2,ACT,,,,,"The Central Sanskrit Universities Act, 2020",AC_CEN_9_30_00043_202005_1587725302551,2020,5,ACT,CENTRAL,0,123456789/496766,,https://indiacode.gov.in/server/api/core/items/c05b906e-8beb-421d-a8f2-b3de8feb2ac2,https://indiacode.gov.in/act/c05b906e-8beb-421d-a8f2-b3de8feb2ac2,https://indiacode.gov.in/act/c05b906e-8beb-421d-a8f2-b3de8feb2ac2/sections,https://indiacode.gov.in/act/c05b906e-8beb-421d-a8f2-b3de8feb2ac2/schedules,9067cfd7a4a46e1047adde176d4f51c6f322237dc21cf360780289fff315509a,
62,7ea3baa5-eb62-47ea-aab3-33337ad45592,ACT,,,,,"The Direct Tax Vivad se Vishwas Act, 2020",AC_CEN_2_2_00039_202003_1584597766943,2020,3,ACT,CENTRAL,0,123456789/496304,,https://indiacode.gov.in/server/api/core/items/7ea3baa5-eb62-47ea-aab3-33337ad45592,https://indiacode.gov.in/act/7ea3baa5-eb62-47ea-aab3-33337ad45592,https://indiacode.gov.in/act/7ea3baa5-eb62-47ea-aab3-33337ad45592/sections,https://indiacode.gov.in/act/7ea3baa5-eb62-47ea-aab3-33337ad45592/schedules,9067cfd7a4a46e1047adde176d4f51c6f322237dc21cf360780289fff315509a,
63,de09ad4f-ff21-4ac0-90b3-2b6aa0f06731,ACT,,,,,"The Transgender Persons (Protection of Rights) Act, 2019.",AC_CEN_25_35_00007_201940_1579157374013,2019,40,ACT,CENTRAL,0,123456789/496162,,https://indiacode.gov.in/server/api/core/items/de09ad4f-ff21-4ac0-90b3-2b6aa0f06731,https://indiacode.gov.in/act/de09ad4f-ff21-4ac0-90b3-2b6aa0f06731,https://indiacode.gov.in/act/de09ad4f-ff21-4ac0-90b3-2b6aa0f06731/sections,https://indiacode.gov.in/act/de09ad4f-ff21-4ac0-90b3-2b6aa0f06731/schedules,9067cfd7a4a46e1047adde176d4f51c6f322237dc21cf360780289fff315509a,
64,6177464e-ebb1-42bd-ba19-9fc6fd75bee1,ACT,,,,,"The International Financial Services Centres Authority Act, 2019",AC_CEN_2_11_00031_201950_1589797713024,2019,50,ACT,CENTRAL,0,123456789/496252,,https://indiacode.gov.in/server/api/core/items/6177464e-ebb1-42bd-ba19-9fc6fd75bee1,https://indiacode.gov.in/act/6177464e-ebb1-42bd-ba19-9fc6fd75bee1,https://indiacode.gov.in/act/6177464e-ebb1-42bd-ba19-9fc6fd75bee1/sections,https://indiacode.gov.in/act/6177464e-ebb1-42bd-ba19-9fc6fd75bee1/schedules,9067cfd7a4a46e1047adde176d4f51c6f322237dc21cf360780289fff315509a,
65,4793a48f-4471-4f6e-bba6-ed6738e8e7de,ACT,,,,,"The Recycling of Ships Act, 2019",AC_CEN_7_0_00023_201949_1604576474487,2019,49,ACT,CENTRAL,0,123456789/496714,,https://indiacode.gov.in/server/api/core/items/4793a48f-4471-4f6e-bba6-ed6738e8e7de,https://indiacode.gov.in/act/4793a48f-4471-4f6e-bba6-ed6738e8e7de,https://indiacode.gov.in/act/4793a48f-4471-4f6e-bba6-ed6738e8e7de/sections,https://indiacode.gov.in/act/4793a48f-4471-4f6e-bba6-ed6738e8e7de/schedules,9067cfd7a4a46e1047adde176d4f51c6f322237dc21cf360780289fff315509a,
66,4bcba928-8799-438f-8211-99d543dc9bad,ACT,,,,,"The Dadra and Nagar Haveli and Daman and Diu (Merger of Union territories) Act, 2019",AC_CEN_3_20_00078_201944_1576735558443,2019,44,ACT,CENTRAL,0,123456789/496457,,https://indiacode.gov.in/server/api/core/items/4bcba928-8799-438f-8211-99d543dc9bad,https://indiacode.gov.in/act/4bcba928-8799-438f-8211-99d543dc9bad,https://indiacode.gov.in/act/4bcba928-8799-438f-8211-99d543dc9bad/sections,https://indiacode.gov.in/act/4bcba928-8799-438f-8211-99d543dc9bad/schedules,9067cfd7a4a46e1047adde176d4f51c6f322237dc21cf360780289fff315509a,
67,e534a245-936d-433c-bdc3-44b475a2a01d,ACT,,,,,"The Prohibition of Electronic Cigarettes (Production, Manufacture, Import, Export, Transport, Sale, Distribution, Storage and Advertisement) Act, 2019",AC_CEN_3_20_00077_201942_1576735296048,2019,42,ACT,CENTRAL,0,123456789/496456,,https://indiacode.gov.in/server/api/core/items/e534a245-936d-433c-bdc3-44b475a2a01d,https://indiacode.gov.in/act/e534a245-936d-433c-bdc3-44b475a2a01d,https://indiacode.gov.in/act/e534a245-936d-433c-bdc3-44b475a2a01d/sections,https://indiacode.gov.in/act/e534a245-936d-433c-bdc3-44b475a2a01d/schedules,9067cfd7a4a46e1047adde176d4f51c6f322237dc21cf360780289fff315509a,
68,119dd8ac-6de2-4a68-aae2-650a7045a95e,ACT,,,,,"The National Capital Territory of Delhi (Recognition of Property Rights of Residents in Unauthorised Colonies) Act, 2019",AC_CEN_3_20_00079_201945_1576820830514,2019,45,ACT,CENTRAL,0,123456789/496458,,https://indiacode.gov.in/server/api/core/items/119dd8ac-6de2-4a68-aae2-650a7045a95e,https://indiacode.gov.in/act/119dd8ac-6de2-4a68-aae2-650a7045a95e,https://indiacode.gov.in/act/119dd8ac-6de2-4a68-aae2-650a7045a95e/sections,https://indiacode.gov.in/act/119dd8ac-6de2-4a68-aae2-650a7045a95e/schedules,9067cfd7a4a46e1047adde176d4f51c6f322237dc21cf360780289fff315509a,
69,0545d74a-2e1e-416f-acd4-7bde099d06d8,ACT,,,,,"The Jammu and Kashmir Reorganisation Act, 2019",AC_CEN_3_20_00071_201934_1568889824041,2019,34,ACT,CENTRAL,0,123456789/496447,,https://indiacode.gov.in/server/api/core/items/0545d74a-2e1e-416f-acd4-7bde099d06d8,https://indiacode.gov.in/act/0545d74a-2e1e-416f-acd4-7bde099d06d8,https://indiacode.gov.in/act/0545d74a-2e1e-416f-acd4-7bde099d06d8/sections,https://indiacode.gov.in/act/0545d74a-2e1e-416f-acd4-7bde099d06d8/schedules,9067cfd7a4a46e1047adde176d4f51c6f322237dc21cf360780289fff315509a,
70,1b6c1754-47b1-411e-9607-1712a9caf368,ACT,,,,,"The Consumer Protection Act, 2019",AC_CEN_21_44_00007_201935_1596441164903,2019,35,ACT,CENTRAL,0,123456789/496115,,https://indiacode.gov.in/server/api/core/items/1b6c1754-47b1-411e-9607-1712a9caf368,https://indiacode.gov.in/act/1b6c1754-47b1-411e-9607-1712a9caf368,https://indiacode.gov.in/act/1b6c1754-47b1-411e-9607-1712a9caf368/sections,https://indiacode.gov.in/act/1b6c1754-47b1-411e-9607-1712a9caf368/schedules,9067cfd7a4a46e1047adde176d4f51c6f322237dc21cf360780289fff315509a,
71,77a51a9b-c4c0-455c-809c-13d2efb3c8e5,ACT,,,,,"The Code on Wages, 2019",AC_CEN_6_0_00035_201929_1608714855550,2019,29,ACT,CENTRAL,0,123456789/496699,,https://indiacode.gov.in/server/api/core/items/77a51a9b-c4c0-455c-809c-13d2efb3c8e5,https://indiacode.gov.in/act/77a51a9b-c4c0-455c-809c-13d2efb3c8e5,https://indiacode.gov.in/act/77a51a9b-c4c0-455c-809c-13d2efb3c8e5/sections,https://indiacode.gov.in/act/77a51a9b-c4c0-455c-809c-13d2efb3c8e5/schedules,9067cfd7a4a46e1047adde176d4f51c6f322237dc21cf360780289fff315509a,
72,1318e9a0-e1b1-458b-992a-aef1121141c7,ACT,,,,,"The National Medical Commission Act, 2019",AC_CEN_12_13_00022_201930_1568010505879,2019,30,ACT,CENTRAL,0,123456789/495987,,https://indiacode.gov.in/server/api/core/items/1318e9a0-e1b1-458b-992a-aef1121141c7,https://indiacode.gov.in/act/1318e9a0-e1b1-458b-992a-aef1121141c7,https://indiacode.gov.in/act/1318e9a0-e1b1-458b-992a-aef1121141c7/sections,https://indiacode.gov.in/act/1318e9a0-e1b1-458b-992a-aef1121141c7/schedules,9067cfd7a4a46e1047adde176d4f51c6f322237dc21cf360780289fff315509a,
73,1a32f92a-a8fa-4fc8-8d24-54f01e8dcd18,ACT,,,,,"The Repealing and Amending Act, 2019",AC_CEN_3_20_00072_2_1568963149894,2019,31,ACT,CENTRAL,0,123456789/496450,,https://indiacode.gov.in/server/api/core/items/1a32f92a-a8fa-4fc8-8d24-54f01e8dcd18,https://indiacode.gov.in/act/1a32f92a-a8fa-4fc8-8d24-54f01e8dcd18,https://indiacode.gov.in/act/1a32f92a-a8fa-4fc8-8d24-54f01e8dcd18/sections,https://indiacode.gov.in/act/1a32f92a-a8fa-4fc8-8d24-54f01e8dcd18/schedules,9067cfd7a4a46e1047adde176d4f51c6f322237dc21cf360780289fff315509a,
74,10cdb6e4-fa42-428f-b256-4cff98671b38,ACT,,,,,"The Banning of Unregulated Deposit Schemes Act, 2019",AC_CEN_3_20_00070_A2019-21_1566198986977,2019,21,ACT,CENTRAL,0,123456789/496446,,https://indiacode.gov.in/server/api/core/items/10cdb6e4-fa42-428f-b256-4cff98671b38,https://indiacode.gov.in/act/10cdb6e4-fa42-428f-b256-4cff98671b38,https://indiacode.gov.in/act/10cdb6e4-fa42-428f-b256-4cff98671b38/sections,https://indiacode.gov.in/act/10cdb6e4-fa42-428f-b256-4cff98671b38/schedules,9067cfd7a4a46e1047adde176d4f51c6f322237dc21cf360780289fff315509a,
75,1f82ee21-741f-4a57-94ef-b26040d515b9,ACT,,,,,"The Muslim Women (Protection of Rights on Marriage) Act, 2019.",AC_CEN_3_20_00069_201920_1565334896444,2019,20,ACT,CENTRAL,0,123456789/496444,,https://indiacode.gov.in/server/api/core/items/1f82ee21-741f-4a57-94ef-b26040d515b9,https://indiacode.gov.in/act/1f82ee21-741f-4a57-94ef-b26040d515b9,https://indiacode.gov.in/act/1f82ee21-741f-4a57-94ef-b26040d515b9/sections,https://indiacode.gov.in/act/1f82ee21-741f-4a57-94ef-b26040d515b9/schedules,9067cfd7a4a46e1047adde176d4f51c6f322237dc21cf360780289fff315509a,
76,63bab083-5f93-495f-8a92-6aca182f20c4,ACT,,,,,"The India International Arbitration Centre Act, 2019",AC_CEN_3_46_00012_A2019-17_1564468638143,2019,17,ACT,CENTRAL,0,123456789/496501,,https://indiacode.gov.in/server/api/core/items/63bab083-5f93-495f-8a92-6aca182f20c4,https://indiacode.gov.in/act/63bab083-5f93-495f-8a92-6aca182f20c4,https://indiacode.gov.in/act/63bab083-5f93-495f-8a92-6aca182f20c4/sections,https://indiacode.gov.in/act/63bab083-5f93-495f-8a92-6aca182f20c4/schedules,9067cfd7a4a46e1047adde176d4f51c6f322237dc21cf360780289fff315509a,
77,d490f4f1-6e27-4d94-9c1c-a4a1f8f9d647,ACT,,,,,"The Central Educational Institutions (Reservation in Teachers Cadre) Act, 2019",AC_CEN_9_30_00043_201910_1562758090123,2019,10,ACT,CENTRAL,0,123456789/496765,,https://indiacode.gov.in/server/api/core/items/d490f4f1-6e27-4d94-9c1c-a4a1f8f9d647,https://indiacode.gov.in/act/d490f4f1-6e27-4d94-9c1c-a4a1f8f9d647,https://indiacode.gov.in/act/d490f4f1-6e27-4d94-9c1c-a4a1f8f9d647/sections,https://indiacode.gov.in/act/d490f4f1-6e27-4d94-9c1c-a4a1f8f9d647/schedules,9067cfd7a4a46e1047adde176d4f51c6f322237dc21cf360780289fff315509a,
78,b7dbc124-2097-4fae-be9d-6ed1983bcb48,ACT,,,,,"The National Sports University Act, 2018",AC_CEN_34_92_00001_A2018-25_1542612433983,2018,25,ACT,CENTRAL,0,123456789/496360,,https://indiacode.gov.in/server/api/core/items/b7dbc124-2097-4fae-be9d-6ed1983bcb48,https://indiacode.gov.in/act/b7dbc124-2097-4fae-be9d-6ed1983bcb48,https://indiacode.gov.in/act/b7dbc124-2097-4fae-be9d-6ed1983bcb48/sections,https://indiacode.gov.in/act/b7dbc124-2097-4fae-be9d-6ed1983bcb48/schedules,9067cfd7a4a46e1047adde176d4f51c6f322237dc21cf360780289fff315509a,
79,2d28c666-8121-4f89-b6f9-fba78d43272a,ACT,,,,,"The National Commission for Backward Classes (Repeal) Act, 2018",AC_CEN_25_35_00006_A2018-24_1542613153379,2018,24,ACT,CENTRAL,0,123456789/496160,,https://indiacode.gov.in/server/api/core/items/2d28c666-8121-4f89-b6f9-fba78d43272a,https://indiacode.gov.in/act/2d28c666-8121-4f89-b6f9-fba78d43272a,https://indiacode.gov.in/act/2d28c666-8121-4f89-b6f9-fba78d43272a/sections,https://indiacode.gov.in/act/2d28c666-8121-4f89-b6f9-fba78d43272a/schedules,9067cfd7a4a46e1047adde176d4f51c6f322237dc21cf360780289fff315509a,
80,8129f247-6e83-4fbe-889e-1d1ac3a465b6,ACT,,,,,"The Fugitive Economic Offenders Act, 2018",AC_CEN_2_11_00032_A2018-17_1542613466306,2018,17,ACT,CENTRAL,0,123456789/496255,,https://indiacode.gov.in/server/api/core/items/8129f247-6e83-4fbe-889e-1d1ac3a465b6,https://indiacode.gov.in/act/8129f247-6e83-4fbe-889e-1d1ac3a465b6,https://indiacode.gov.in/act/8129f247-6e83-4fbe-889e-1d1ac3a465b6/sections,https://indiacode.gov.in/act/8129f247-6e83-4fbe-889e-1d1ac3a465b6/schedules,9067cfd7a4a46e1047adde176d4f51c6f322237dc21cf360780289fff315509a,
81,1255efa3-568b-447b-b3cd-8806785eacb5,ACT,,,,,"The Indian Institute of Petroleum and Energy Act, 2017",AC_CEN_32_0_00011_201803_1523880255984,2018,3,ACT,CENTRAL,0,123456789/496344,,https://indiacode.gov.in/server/api/core/items/1255efa3-568b-447b-b3cd-8806785eacb5,https://indiacode.gov.in/act/1255efa3-568b-447b-b3cd-8806785eacb5,https://indiacode.gov.in/act/1255efa3-568b-447b-b3cd-8806785eacb5/sections,https://indiacode.gov.in/act/1255efa3-568b-447b-b3cd-8806785eacb5/schedules,9067cfd7a4a46e1047adde176d4f51c6f322237dc21cf360780289fff315509a,
82,6e5486b4-3f6c-4b92-9bb8-bc233017ee5f,ACT,,,,,"The Repealing and Amending Act, 2017",AC_CEN_3_20_00067_201802_1523879770599,2018,2,ACT,CENTRAL,0,123456789/496442,,https://indiacode.gov.in/server/api/core/items/6e5486b4-3f6c-4b92-9bb8-bc233017ee5f,https://indiacode.gov.in/act/6e5486b4-3f6c-4b92-9bb8-bc233017ee5f,https://indiacode.gov.in/act/6e5486b4-3f6c-4b92-9bb8-bc233017ee5f/sections,https://indiacode.gov.in/act/6e5486b4-3f6c-4b92-9bb8-bc233017ee5f/schedules,9067cfd7a4a46e1047adde176d4f51c6f322237dc21cf360780289fff315509a,
83,35506757-6282-47a9-89c5-f1015c77ced8,ACT,,,,,"The Repealing and Amending Act (Second) Act, 2017",AC_CEN_3_20_00068_201804_1523879885682,2018,4,ACT,CENTRAL,0,123456789/496443,,https://indiacode.gov.in/server/api/core/items/35506757-6282-47a9-89c5-f1015c77ced8,https://indiacode.gov.in/act/35506757-6282-47a9-89c5-f1015c77ced8,https://indiacode.gov.in/act/35506757-6282-47a9-89c5-f1015c77ced8/sections,https://indiacode.gov.in/act/35506757-6282-47a9-89c5-f1015c77ced8/schedules,9067cfd7a4a46e1047adde176d4f51c6f322237dc21cf360780289fff315509a,
84,895b5271-7e4c-43c9-ad18-55950e30234f,ACT,,,,,"The Indian Institute of Management Act, 2017",AC_CEN_9_30_00040_201733_1528448470711,2017,33,ACT,CENTRAL,0,123456789/496764,,https://indiacode.gov.in/server/api/core/items/895b5271-7e4c-43c9-ad18-55950e30234f,https://indiacode.gov.in/act/895b5271-7e4c-43c9-ad18-55950e30234f,https://indiacode.gov.in/act/895b5271-7e4c-43c9-ad18-55950e30234f/sections,https://indiacode.gov.in/act/895b5271-7e4c-43c9-ad18-55950e30234f/schedules,9067cfd7a4a46e1047adde176d4f51c6f322237dc21cf360780289fff315509a,
85,cf8ab9c3-0cfa-46a0-bc35-f554d17d2596,ACT,,,,,"The Central Goods and Services Tax (Extension to Jammu and Kashmir) Act, 2017",AC_CEN_2_2_00040_201726_1517807327964,2017,26,ACT,CENTRAL,,123456789/496305,,https://indiacode.gov.in/server/api/core/items/cf8ab9c3-0cfa-46a0-bc35-f554d17d2596,https://indiacode.gov.in/act/cf8ab9c3-0cfa-46a0-bc35-f554d17d2596,https://indiacode.gov.in/act/cf8ab9c3-0cfa-46a0-bc35-f554d17d2596/sections,https://indiacode.gov.in/act/cf8ab9c3-0cfa-46a0-bc35-f554d17d2596/schedules,9067cfd7a4a46e1047adde176d4f51c6f322237dc21cf360780289fff315509a,
86,182a3dc5-713c-4663-816a-c7db22a0923c,ACT,,,,,"The Integrated Goods and Services Tax (Extension to Jammu and Kashmir) Act, 2017",AC_CEN_2_2_00041_201727_1517807328026,2017,27,ACT,CENTRAL,,123456789/496308,,https://indiacode.gov.in/server/api/core/items/182a3dc5-713c-4663-816a-c7db22a0923c,https://indiacode.gov.in/act/182a3dc5-713c-4663-816a-c7db22a0923c,https://indiacode.gov.in/act/182a3dc5-713c-4663-816a-c7db22a0923c/sections,https://indiacode.gov.in/act/182a3dc5-713c-4663-816a-c7db22a0923c/schedules,9067cfd7a4a46e1047adde176d4f51c6f322237dc21cf360780289fff315509a,
87,5f74e738-4df7-4868-b089-ba26afcd6239,ACT,,,,,"The Admiralty (Jurisdiction and Settlement of Maritime Claims) Act, 2017",AC_CEN_7_7_00013_201722_1517807327069,2017,22,ACT,CENTRAL,,123456789/496719,,https://indiacode.gov.in/server/api/core/items/5f74e738-4df7-4868-b089-ba26afcd6239,https://indiacode.gov.in/act/5f74e738-4df7-4868-b089-ba26afcd6239,https://indiacode.gov.in/act/5f74e738-4df7-4868-b089-ba26afcd6239/sections,https://indiacode.gov.in/act/5f74e738-4df7-4868-b089-ba26afcd6239/schedules,9067cfd7a4a46e1047adde176d4f51c6f322237dc21cf360780289fff315509a,
88,cc480ba3-648f-481f-ae92-157649683a4c,ACT,,,,,"The Indian Institutes of Information Technology (Public-private Partnership) Act, 2017",AC_CEN_9_30_00033_201723_1517807328002,2017,23,ACT,CENTRAL,,123456789/496758,,https://indiacode.gov.in/server/api/core/items/cc480ba3-648f-481f-ae92-157649683a4c,https://indiacode.gov.in/act/cc480ba3-648f-481f-ae92-157649683a4c,https://indiacode.gov.in/act/cc480ba3-648f-481f-ae92-157649683a4c/sections,https://indiacode.gov.in/act/cc480ba3-648f-481f-ae92-157649683a4c/schedules,9067cfd7a4a46e1047adde176d4f51c6f322237dc21cf360780289fff315509a,
89,6599a2d6-5bbb-46d1-88e1-e0533e460719,ACT,,,,,"The Footwear Design and Development Institute Act, 2017",AC_CEN_11_12_00011_201720_1517807328050,2017,20,ACT,CENTRAL,,123456789/495957,,https://indiacode.gov.in/server/api/core/items/6599a2d6-5bbb-46d1-88e1-e0533e460719,https://indiacode.gov.in/act/6599a2d6-5bbb-46d1-88e1-e0533e460719,https://indiacode.gov.in/act/6599a2d6-5bbb-46d1-88e1-e0533e460719/sections,https://indiacode.gov.in/act/6599a2d6-5bbb-46d1-88e1-e0533e460719/schedules,9067cfd7a4a46e1047adde176d4f51c6f322237dc21cf360780289fff315509a,
90,87a5bba8-be58-43c3-a638-2147a30d4359,ACT,,,,,"The Human Immunodeficiency Virus and Acquired Immune Deficiency Syndrome (Prevention and Control) Act, 2017",AC_CEN_12_13_00021_201716_1517807327383,2017,16,ACT,CENTRAL,,123456789/495984,,https://indiacode.gov.in/server/api/core/items/87a5bba8-be58-43c3-a638-2147a30d4359,https://indiacode.gov.in/act/87a5bba8-be58-43c3-a638-2147a30d4359,https://indiacode.gov.in/act/87a5bba8-be58-43c3-a638-2147a30d4359/sections,https://indiacode.gov.in/act/87a5bba8-be58-43c3-a638-2147a30d4359/schedules,9067cfd7a4a46e1047adde176d4f51c6f322237dc21cf360780289fff315509a,
91,1f98f6d0-ec9d-42f0-bd50-dc34d25998e1,ACT,,,,,"The Central Goods and Services Tax Act, 2017",AC_CEN_2_2_00042_201712_1517807328102,2017,12,ACT,CENTRAL,,123456789/496310,,https://indiacode.gov.in/server/api/core/items/1f98f6d0-ec9d-42f0-bd50-dc34d25998e1,https://indiacode.gov.in/act/1f98f6d0-ec9d-42f0-bd50-dc34d25998e1,https://indiacode.gov.in/act/1f98f6d0-ec9d-42f0-bd50-dc34d25998e1/sections,https://indiacode.gov.in/act/1f98f6d0-ec9d-42f0-bd50-dc34d25998e1/schedules,9067cfd7a4a46e1047adde176d4f51c6f322237dc21cf360780289fff315509a,
92,4d35c34c-a9bf-48ea-815b-094ba4cd61d4,ACT,,,,,"The Goods and Services Tax (Compensation to States) Act, 2017",AC_CEN_2_2_00039_201715_1517807326965,2017,15,ACT,CENTRAL,,123456789/496303,,https://indiacode.gov.in/server/api/core/items/4d35c34c-a9bf-48ea-815b-094ba4cd61d4,https://indiacode.gov.in/act/4d35c34c-a9bf-48ea-815b-094ba4cd61d4,https://indiacode.gov.in/act/4d35c34c-a9bf-48ea-815b-094ba4cd61d4/sections,https://indiacode.gov.in/act/4d35c34c-a9bf-48ea-815b-094ba4cd61d4/schedules,9067cfd7a4a46e1047adde176d4f51c6f322237dc21cf360780289fff315509a,
93,469585ac-f7fb-4a8a-b729-8dc5f2b8d9a0,ACT,,,,,"The Union Territory Goods and Services Tax Act, 2017",AC_CEN_2_2_00044_201714_1517807328128,2017,14,ACT,CENTRAL,,123456789/496314,,https://indiacode.gov.in/server/api/core/items/469585ac-f7fb-4a8a-b729-8dc5f2b8d9a0,https://indiacode.gov.in/act/469585ac-f7fb-4a8a-b729-8dc5f2b8d9a0,https://indiacode.gov.in/act/469585ac-f7fb-4a8a-b729-8dc5f2b8d9a0/sections,https://indiacode.gov.in/act/469585ac-f7fb-4a8a-b729-8dc5f2b8d9a0/schedules,9067cfd7a4a46e1047adde176d4f51c6f322237dc21cf360780289fff315509a,
94,fa807882-959e-4fda-9981-230235661fad,ACT,,,,,"The Integrated Goods and Services Tax Act, 2017",AC_CEN_2_2_00043_201713_1517807328116,2017,13,ACT,CENTRAL,,123456789/496312,,https://indiacode.gov.in/server/api/core/items/fa807882-959e-4fda-9981-230235661fad,https://indiacode.gov.in/act/fa807882-959e-4fda-9981-230235661fad,https://indiacode.gov.in/act/fa807882-959e-4fda-9981-230235661fad/sections,https://indiacode.gov.in/act/fa807882-959e-4fda-9981-230235661fad/schedules,9067cfd7a4a46e1047adde176d4f51c6f322237dc21cf360780289fff315509a,
95,63a1a7f4-fc92-49c3-808b-6f0bc3ede89c,ACT,,,,,"The Mental Healthcare Act, 2017",AC_CEN_12_13_00024_201710_1517807327874,2017,10,ACT,CENTRAL,,123456789/495991,,https://indiacode.gov.in/server/api/core/items/63a1a7f4-fc92-49c3-808b-6f0bc3ede89c,https://indiacode.gov.in/act/63a1a7f4-fc92-49c3-808b-6f0bc3ede89c,https://indiacode.gov.in/act/63a1a7f4-fc92-49c3-808b-6f0bc3ede89c/sections,https://indiacode.gov.in/act/63a1a7f4-fc92-49c3-808b-6f0bc3ede89c/schedules,9067cfd7a4a46e1047adde176d4f51c6f322237dc21cf360780289fff315509a,
96,c7609f6b-57e7-4855-899e-9cc338ebb024,ACT,,,,,"The Specified Bank Notes (Cessation of Liabilities) Act, 2017",AC_CEN_2_11_00054_201702_1517807327901,2017,2,ACT,CENTRAL,,123456789/496275,,https://indiacode.gov.in/server/api/core/items/c7609f6b-57e7-4855-899e-9cc338ebb024,https://indiacode.gov.in/act/c7609f6b-57e7-4855-899e-9cc338ebb024,https://indiacode.gov.in/act/c7609f6b-57e7-4855-899e-9cc338ebb024/sections,https://indiacode.gov.in/act/c7609f6b-57e7-4855-899e-9cc338ebb024/schedules,9067cfd7a4a46e1047adde176d4f51c6f322237dc21cf360780289fff315509a,
97,14782d77-dfa1-494f-a277-ac0006c05b7f,ACT,,,,,"The Commercial Courts Act, 2015",AC_CEN_3_46_00008_201604_1517807328347,2016,4,ACT,CENTRAL,,123456789/496498,,https://indiacode.gov.in/server/api/core/items/14782d77-dfa1-494f-a277-ac0006c05b7f,https://indiacode.gov.in/act/14782d77-dfa1-494f-a277-ac0006c05b7f,https://indiacode.gov.in/act/14782d77-dfa1-494f-a277-ac0006c05b7f/sections,https://indiacode.gov.in/act/14782d77-dfa1-494f-a277-ac0006c05b7f/schedules,9067cfd7a4a46e1047adde176d4f51c6f322237dc21cf360780289fff315509a,
98,a2ccc006-552f-4598-886f-217d79088b9d,ACT,,,,,"The Rights of Persons with Disabilities Act, 2016.",AC_CEN_25_54_00002_201649_1517807328299,2016,49,ACT,CENTRAL,,123456789/496164,,https://indiacode.gov.in/server/api/core/items/a2ccc006-552f-4598-886f-217d79088b9d,https://indiacode.gov.in/act/a2ccc006-552f-4598-886f-217d79088b9d,https://indiacode.gov.in/act/a2ccc006-552f-4598-886f-217d79088b9d/sections,https://indiacode.gov.in/act/a2ccc006-552f-4598-886f-217d79088b9d/schedules,9067cfd7a4a46e1047adde176d4f51c6f322237dc21cf360780289fff315509a,
99,2d2cc208-0066-4c4c-9fda-b3d93b8cfbab,ACT,,,,,"The Compensatory Afforestation Fund Act, 2016.",AC_CEN_16_18_00012_201638_1517807328204,2016,38,ACT,CENTRAL,,123456789/496030,,https://indiacode.gov.in/server/api/core/items/2d2cc208-0066-4c4c-9fda-b3d93b8cfbab,https://indiacode.gov.in/act/2d2cc208-0066-4c4c-9fda-b3d93b8cfbab,https://indiacode.gov.in/act/2d2cc208-0066-4c4c-9fda-b3d93b8cfbab/sections,https://indiacode.gov.in/act/2d2cc208-0066-4c4c-9fda-b3d93b8cfbab/schedules,9067cfd7a4a46e1047adde176d4f51c6f322237dc21cf360780289fff315509a,
100,26a9b910-a8f0-40e0-bd81-1454cc1f944e,ACT,,,,,"The Regional Centre for Biotechnology Act, 2016.",AC_CEN_31_84_00001_201636_1517807328236,2016,36,ACT,CENTRAL,,123456789/496342,,https://indiacode.gov.in/server/api/core/items/26a9b910-a8f0-40e0-bd81-1454cc1f944e,https://indiacode.gov.in/act/26a9b910-a8f0-40e0-bd81-1454cc1f944e,https://indiacode.gov.in/act/26a9b910-a8f0-40e0-bd81-1454cc1f944e/sections,https://indiacode.gov.in/act/26a9b910-a8f0-40e0-bd81-1454cc1f944e/schedules,9067cfd7a4a46e1047adde176d4f51c6f322237dc21cf360780289fff315509a,
101,37c94edf-7892-4c4f-a284-0c24613a4bf5,ACT,,,,,"The Insolvency and Bankruptcy Code, 2016.",AC_CEN_2_11_00055_201631_1517807328273,2016,31,ACT,CENTRAL,,123456789/496276,,https://indiacode.gov.in/server/api/core/items/37c94edf-7892-4c4f-a284-0c24613a4bf5,https://indiacode.gov.in/act/37c94edf-7892-4c4f-a284-0c24613a4bf5,https://indiacode.gov.in/act/37c94edf-7892-4c4f-a284-0c24613a4bf5/sections,https://indiacode.gov.in/act/37c94edf-7892-4c4f-a284-0c24613a4bf5/schedules,5a4f575fee3e9acbe8e3654016c8ee330ef2ffef5e4520070abc0401a4b546ac,
102,56d48da1-7f2d-41f7-ac0f-1ac92ca6cb2d,ACT,,,,,"The Dr. Rajendra Prasad Central Agricultural University Act, 2016.",AC_CEN_23_47_00006_201632_1517807328191,2016,32,ACT,CENTRAL,,123456789/496140,,https://indiacode.gov.in/server/api/core/items/56d48da1-7f2d-41f7-ac0f-1ac92ca6cb2d,https://indiacode.gov.in/act/56d48da1-7f2d-41f7-ac0f-1ac92ca6cb2d,https://indiacode.gov.in/act/56d48da1-7f2d-41f7-ac0f-1ac92ca6cb2d/sections,https://indiacode.gov.in/act/56d48da1-7f2d-41f7-ac0f-1ac92ca6cb2d/schedules,5a4f575fee3e9acbe8e3654016c8ee330ef2ffef5e4520070abc0401a4b546ac,
103,a9aa2d8e-5966-46f0-9dc1-d472feb31dee,ACT,,,,,"The Anti-Hijacking Act, 2016.",AC_CEN_36_56_00011_201630_1517807328179,2016,30,ACT,CENTRAL,,123456789/496371,,https://indiacode.gov.in/server/api/core/items/a9aa2d8e-5966-46f0-9dc1-d472feb31dee,https://indiacode.gov.in/act/a9aa2d8e-5966-46f0-9dc1-d472feb31dee,https://indiacode.gov.in/act/a9aa2d8e-5966-46f0-9dc1-d472feb31dee/sections,https://indiacode.gov.in/act/a9aa2d8e-5966-46f0-9dc1-d472feb31dee/schedules,5a4f575fee3e9acbe8e3654016c8ee330ef2ffef5e4520070abc0401a4b546ac,
104,87958a65-b20e-4a2b-9483-947aa7f6ecf3,ACT,,,,,"The Repealing and Amending Act, 2016",AC_CEN_3_20_00073_201623_1571395848757,2016,23,ACT,CENTRAL,0,123456789/496451,,https://indiacode.gov.in/server/api/core/items/87958a65-b20e-4a2b-9483-947aa7f6ecf3,https://indiacode.gov.in/act/87958a65-b20e-4a2b-9483-947aa7f6ecf3,https://indiacode.gov.in/act/87958a65-b20e-4a2b-9483-947aa7f6ecf3/sections,https://indiacode.gov.in/act/87958a65-b20e-4a2b-9483-947aa7f6ecf3/schedules,5a4f575fee3e9acbe8e3654016c8ee330ef2ffef5e4520070abc0401a4b546ac,
105,3e702074-c96d-4d32-8de8-f584d3773c92,ACT,,,,,"The National Waterways Act, 2016.",AC_CEN_7_7_00016_201617_1517807328429,2016,17,ACT,CENTRAL,,123456789/496721,,https://indiacode.gov.in/server/api/core/items/3e702074-c96d-4d32-8de8-f584d3773c92,https://indiacode.gov.in/act/3e702074-c96d-4d32-8de8-f584d3773c92,https://indiacode.gov.in/act/3e702074-c96d-4d32-8de8-f584d3773c92/sections,https://indiacode.gov.in/act/3e702074-c96d-4d32-8de8-f584d3773c92/schedules,5a4f575fee3e9acbe8e3654016c8ee330ef2ffef5e4520070abc0401a4b546ac,
106,fcd3b406-8eae-4130-950f-b94cfb11d2d0,ACT,,,,,"The Aadhaar (Targeted Delivery of Financial and Other Subsidies, Benefits and Services) Act, 2016.",AC_CEN_37_85_00001_201618_1517807328460,2016,18,ACT,CENTRAL,,123456789/496376,,https://indiacode.gov.in/server/api/core/items/fcd3b406-8eae-4130-950f-b94cfb11d2d0,https://indiacode.gov.in/act/fcd3b406-8eae-4130-950f-b94cfb11d2d0,https://indiacode.gov.in/act/fcd3b406-8eae-4130-950f-b94cfb11d2d0/sections,https://indiacode.gov.in/act/fcd3b406-8eae-4130-950f-b94cfb11d2d0/schedules,5a4f575fee3e9acbe8e3654016c8ee330ef2ffef5e4520070abc0401a4b546ac,
107,769e081c-f8d1-4987-ab07-b93a11ae53ad,ACT,,,,,"The Real Estate (Regulation and Development) Act, 2016.",AC_CEN_17_19_00033_201616_1517807328405,2016,16,ACT,CENTRAL,,123456789/496051,,https://indiacode.gov.in/server/api/core/items/769e081c-f8d1-4987-ab07-b93a11ae53ad,https://indiacode.gov.in/act/769e081c-f8d1-4987-ab07-b93a11ae53ad,https://indiacode.gov.in/act/769e081c-f8d1-4987-ab07-b93a11ae53ad/sections,https://indiacode.gov.in/act/769e081c-f8d1-4987-ab07-b93a11ae53ad/schedules,5a4f575fee3e9acbe8e3654016c8ee330ef2ffef5e4520070abc0401a4b546ac,
108,6b0edab5-20a1-4292-a773-71aecc7d4f14,ACT,,,,,"The Bureau of Indian Standards Act, 2016.",AC_CEN_21_44_00008_201611_1517807328370,2016,11,ACT,CENTRAL,,123456789/496116,,https://indiacode.gov.in/server/api/core/items/6b0edab5-20a1-4292-a773-71aecc7d4f14,https://indiacode.gov.in/act/6b0edab5-20a1-4292-a773-71aecc7d4f14,https://indiacode.gov.in/act/6b0edab5-20a1-4292-a773-71aecc7d4f14/sections,https://indiacode.gov.in/act/6b0edab5-20a1-4292-a773-71aecc7d4f14/schedules,5a4f575fee3e9acbe8e3654016c8ee330ef2ffef5e4520070abc0401a4b546ac,
109,bfa75673-9ac9-4ce8-b5cf-836472c94203,ACT,,,,,"The Juvenile Justice (Care and Protection of Children) Act, 2015.",AC_CEN_13_14_000010_201602_1517807328168,2016,2,ACT,CENTRAL,,123456789/496000,,https://indiacode.gov.in/server/api/core/items/bfa75673-9ac9-4ce8-b5cf-836472c94203,https://indiacode.gov.in/act/bfa75673-9ac9-4ce8-b5cf-836472c94203,https://indiacode.gov.in/act/bfa75673-9ac9-4ce8-b5cf-836472c94203/sections,https://indiacode.gov.in/act/bfa75673-9ac9-4ce8-b5cf-836472c94203/schedules,5a4f575fee3e9acbe8e3654016c8ee330ef2ffef5e4520070abc0401a4b546ac,
110,f005708f-975c-4e44-9106-6dc277638c71,ACT,,,,,"The Black Money (Undisclosed Foreign Income and Assets) and Imposition of Tax Act, 2015",AC_CEN_2_2_00045_201522_1517807328155,2015,22,ACT,CENTRAL,,123456789/496315,,https://indiacode.gov.in/server/api/core/items/f005708f-975c-4e44-9106-6dc277638c71,https://indiacode.gov.in/act/f005708f-975c-4e44-9106-6dc277638c71,https://indiacode.gov.in/act/f005708f-975c-4e44-9106-6dc277638c71/sections,https://indiacode.gov.in/act/f005708f-975c-4e44-9106-6dc277638c71/schedules,5a4f575fee3e9acbe8e3654016c8ee330ef2ffef5e4520070abc0401a4b546ac,
111,dd08edb5-fbdf-4ebf-afff-113a10bdb1ea,ACT,,,,,"The Repealing and Amending (Second) Act, 2015",AC_CEN_3_20_00074_201519_1571722895859,2015,19,ACT,CENTRAL,0,123456789/496452,,https://indiacode.gov.in/server/api/core/items/dd08edb5-fbdf-4ebf-afff-113a10bdb1ea,https://indiacode.gov.in/act/dd08edb5-fbdf-4ebf-afff-113a10bdb1ea,https://indiacode.gov.in/act/dd08edb5-fbdf-4ebf-afff-113a10bdb1ea/sections,https://indiacode.gov.in/act/dd08edb5-fbdf-4ebf-afff-113a10bdb1ea/schedules,5a4f575fee3e9acbe8e3654016c8ee330ef2ffef5e4520070abc0401a4b546ac,
112,416c8e6b-a06d-49e4-bda6-76560511baad,ACT,,,,,"The Repealing and Amending Act, 2015",AC_CEN_3_20_00072_201517_1571392199791,2015,17,ACT,CENTRAL,0,123456789/496449,,https://indiacode.gov.in/server/api/core/items/416c8e6b-a06d-49e4-bda6-76560511baad,https://indiacode.gov.in/act/416c8e6b-a06d-49e4-bda6-76560511baad,https://indiacode.gov.in/act/416c8e6b-a06d-49e4-bda6-76560511baad/sections,https://indiacode.gov.in/act/416c8e6b-a06d-49e4-bda6-76560511baad/schedules,5a4f575fee3e9acbe8e3654016c8ee330ef2ffef5e4520070abc0401a4b546ac,
113,d5cdc202-2edf-48b6-881e-994432d7e250,ACT,,,,,"The Coal Mines (Special Provisions) Act, 2015",AC_CEN_8_8_000010_201511_1517807328142,2015,11,ACT,CENTRAL,,123456789/496722,,https://indiacode.gov.in/server/api/core/items/d5cdc202-2edf-48b6-881e-994432d7e250,https://indiacode.gov.in/act/d5cdc202-2edf-48b6-881e-994432d7e250,https://indiacode.gov.in/act/d5cdc202-2edf-48b6-881e-994432d7e250/sections,https://indiacode.gov.in/act/d5cdc202-2edf-48b6-881e-994432d7e250/schedules,5a4f575fee3e9acbe8e3654016c8ee330ef2ffef5e4520070abc0401a4b546ac,
114,85b3c08b-29c1-45c8-9eec-68128d9205bc,ACT,,,,,"The National Judicial Appointments Commission Act, 2014",AC_CEN_3_3_00021_201440_1517807328088,2014,40,ACT,CENTRAL,,123456789/496479,,https://indiacode.gov.in/server/api/core/items/85b3c08b-29c1-45c8-9eec-68128d9205bc,https://indiacode.gov.in/act/85b3c08b-29c1-45c8-9eec-68128d9205bc,https://indiacode.gov.in/act/85b3c08b-29c1-45c8-9eec-68128d9205bc/sections,https://indiacode.gov.in/act/85b3c08b-29c1-45c8-9eec-68128d9205bc/schedules,5a4f575fee3e9acbe8e3654016c8ee330ef2ffef5e4520070abc0401a4b546ac,
115,85478220-534a-4bfa-a0aa-34fd1730e72f,ACT,,,,,"The School of Planning and Architecture Act, 2014",AC_CEN_9_30_00034_201437_1517807328037,2014,37,ACT,CENTRAL,,123456789/496759,,https://indiacode.gov.in/server/api/core/items/85478220-534a-4bfa-a0aa-34fd1730e72f,https://indiacode.gov.in/act/85478220-534a-4bfa-a0aa-34fd1730e72f,https://indiacode.gov.in/act/85478220-534a-4bfa-a0aa-34fd1730e72f/sections,https://indiacode.gov.in/act/85478220-534a-4bfa-a0aa-34fd1730e72f/schedules,5a4f575fee3e9acbe8e3654016c8ee330ef2ffef5e4520070abc0401a4b546ac,
116,c24ab3e3-7eba-4bb8-8678-bd6854665038,ACT,,,,,"The Indian Institutes of Information Technology Act, 2014",AC_CEN_9_30_00035_201430_1517807328075,2014,30,ACT,CENTRAL,,123456789/496760,,https://indiacode.gov.in/server/api/core/items/c24ab3e3-7eba-4bb8-8678-bd6854665038,https://indiacode.gov.in/act/c24ab3e3-7eba-4bb8-8678-bd6854665038,https://indiacode.gov.in/act/c24ab3e3-7eba-4bb8-8678-bd6854665038/sections,https://indiacode.gov.in/act/c24ab3e3-7eba-4bb8-8678-bd6854665038/schedules,5a4f575fee3e9acbe8e3654016c8ee330ef2ffef5e4520070abc0401a4b546ac,
117,65edac5d-539a-4eee-9e4a-0176c2b7cc0d,ACT,,,,,"The National Institutes of Design Act, 2014",AC_CEN_11_61_00007_201418_1517807327924,2014,18,ACT,CENTRAL,,123456789/495968,,https://indiacode.gov.in/server/api/core/items/65edac5d-539a-4eee-9e4a-0176c2b7cc0d,https://indiacode.gov.in/act/65edac5d-539a-4eee-9e4a-0176c2b7cc0d,https://indiacode.gov.in/act/65edac5d-539a-4eee-9e4a-0176c2b7cc0d/sections,https://indiacode.gov.in/act/65edac5d-539a-4eee-9e4a-0176c2b7cc0d/schedules,5a4f575fee3e9acbe8e3654016c8ee330ef2ffef5e4520070abc0401a4b546ac,
118,46b66bc7-71fa-4675-ad77-372ac3ef875e,ACT,,,,,"The Street Vendors (Protection of Livelihood and Regulation of Street Vending) Act, 2014",AC_CEN_47_83_00001_201407_1517807327761,2014,7,ACT,CENTRAL,,123456789/496515,,https://indiacode.gov.in/server/api/core/items/46b66bc7-71fa-4675-ad77-372ac3ef875e,https://indiacode.gov.in/act/46b66bc7-71fa-4675-ad77-372ac3ef875e,https://indiacode.gov.in/act/46b66bc7-71fa-4675-ad77-372ac3ef875e/sections,https://indiacode.gov.in/act/46b66bc7-71fa-4675-ad77-372ac3ef875e/schedules,5a4f575fee3e9acbe8e3654016c8ee330ef2ffef5e4520070abc0401a4b546ac,
119,24e576d9-aff8-431e-b88d-b24848311621,ACT,,,,,"The Andhra Pradesh Reorganisation Act, 2014",AC_CEN_5_5_00058_201406_1517807327989,2014,6,ACT,CENTRAL,,123456789/496637,,https://indiacode.gov.in/server/api/core/items/24e576d9-aff8-431e-b88d-b24848311621,https://indiacode.gov.in/act/24e576d9-aff8-431e-b88d-b24848311621,https://indiacode.gov.in/act/24e576d9-aff8-431e-b88d-b24848311621/sections,https://indiacode.gov.in/act/24e576d9-aff8-431e-b88d-b24848311621/schedules,5a4f575fee3e9acbe8e3654016c8ee330ef2ffef5e4520070abc0401a4b546ac,
120,15f6da06-72aa-4959-8a6c-e0490a72122c,ACT,,,,,"The Lokpal and Lokayuktas Act, 2013",AC_CEN_26_36_00014_201401_1517807327889,2014,1,ACT,CENTRAL,,123456789/496176,,https://indiacode.gov.in/server/api/core/items/15f6da06-72aa-4959-8a6c-e0490a72122c,https://indiacode.gov.in/act/15f6da06-72aa-4959-8a6c-e0490a72122c,https://indiacode.gov.in/act/15f6da06-72aa-4959-8a6c-e0490a72122c/sections,https://indiacode.gov.in/act/15f6da06-72aa-4959-8a6c-e0490a72122c/schedules,5a4f575fee3e9acbe8e3654016c8ee330ef2ffef5e4520070abc0401a4b546ac,
121,3de78b3e-dce3-447e-8ef4-eb09d4897a22,ACT,,,,,"The Right to Fair Compensation and Transparency in Land Acquisition, Rehabilitation and Resettlement Act, 2013",AC_CEN_18_43_00003_201330_1517807327433,2013,30,ACT,CENTRAL,,123456789/496066,,https://indiacode.gov.in/server/api/core/items/3de78b3e-dce3-447e-8ef4-eb09d4897a22,https://indiacode.gov.in/act/3de78b3e-dce3-447e-8ef4-eb09d4897a22,https://indiacode.gov.in/act/3de78b3e-dce3-447e-8ef4-eb09d4897a22/sections,https://indiacode.gov.in/act/3de78b3e-dce3-447e-8ef4-eb09d4897a22/schedules,5a4f575fee3e9acbe8e3654016c8ee330ef2ffef5e4520070abc0401a4b546ac,
122,19926ab3-053a-48e3-9948-30731c2eaffe,ACT,,,,,"The Pension Fund Regulatory and Development Authority Act, 2013",AC_CEN_2_45_00007_201323_1517807327819,2013,23,ACT,CENTRAL,,123456789/496327,,https://indiacode.gov.in/server/api/core/items/19926ab3-053a-48e3-9948-30731c2eaffe,https://indiacode.gov.in/act/19926ab3-053a-48e3-9948-30731c2eaffe,https://indiacode.gov.in/act/19926ab3-053a-48e3-9948-30731c2eaffe/sections,https://indiacode.gov.in/act/19926ab3-053a-48e3-9948-30731c2eaffe/schedules,5a4f575fee3e9acbe8e3654016c8ee330ef2ffef5e4520070abc0401a4b546ac,
123,457678e5-1d39-4233-bdf9-740f751e2eb0,ACT,,,,,"The Prohibition of Employment as Manual Scavengers and their Rehabilitation Act, 2013",AC_CEN_25_35_00008_201325_1517807327789,2013,25,ACT,CENTRAL,,123456789/496163,,https://indiacode.gov.in/server/api/core/items/457678e5-1d39-4233-bdf9-740f751e2eb0,https://indiacode.gov.in/act/457678e5-1d39-4233-bdf9-740f751e2eb0,https://indiacode.gov.in/act/457678e5-1d39-4233-bdf9-740f751e2eb0/sections,https://indiacode.gov.in/act/457678e5-1d39-4233-bdf9-740f751e2eb0/schedules,5a4f575fee3e9acbe8e3654016c8ee330ef2ffef5e4520070abc0401a4b546ac,
124,56b8a559-acf7-4d07-a194-4fd592e940c4,ACT,,,,,"The Rajiv Gandhi National Aviation University Act, 2013",AC_CEN_36_56_000010_201326_1517807327939,2013,26,ACT,CENTRAL,,123456789/496365,,https://indiacode.gov.in/server/api/core/items/56b8a559-acf7-4d07-a194-4fd592e940c4,https://indiacode.gov.in/act/56b8a559-acf7-4d07-a194-4fd592e940c4,https://indiacode.gov.in/act/56b8a559-acf7-4d07-a194-4fd592e940c4/sections,https://indiacode.gov.in/act/56b8a559-acf7-4d07-a194-4fd592e940c4/schedules,5a4f575fee3e9acbe8e3654016c8ee330ef2ffef5e4520070abc0401a4b546ac,
125,07a82769-c081-42db-8639-e604ff7ab28b,ACT,,,,,"The National Food Security Act, 2013",AC_CEN_21_28_000010_201320_1517807327638,2013,20,ACT,CENTRAL,,123456789/496105,,https://indiacode.gov.in/server/api/core/items/07a82769-c081-42db-8639-e604ff7ab28b,https://indiacode.gov.in/act/07a82769-c081-42db-8639-e604ff7ab28b,https://indiacode.gov.in/act/07a82769-c081-42db-8639-e604ff7ab28b/sections,https://indiacode.gov.in/act/07a82769-c081-42db-8639-e604ff7ab28b/schedules,5a4f575fee3e9acbe8e3654016c8ee330ef2ffef5e4520070abc0401a4b546ac,
126,f5bbbf6b-4247-400f-80fa-38c605132a8f,ACT,,,,,"The Companies Act, 2013",AC_CEN_22_29_00008_201318_1517807327856,2013,18,ACT,CENTRAL,,123456789/496128,,https://indiacode.gov.in/server/api/core/items/f5bbbf6b-4247-400f-80fa-38c605132a8f,https://indiacode.gov.in/act/f5bbbf6b-4247-400f-80fa-38c605132a8f,https://indiacode.gov.in/act/f5bbbf6b-4247-400f-80fa-38c605132a8f/sections,https://indiacode.gov.in/act/f5bbbf6b-4247-400f-80fa-38c605132a8f/schedules,5a4f575fee3e9acbe8e3654016c8ee330ef2ffef5e4520070abc0401a4b546ac,
127,6497706b-d8a5-4486-a968-9975498de966,ACT,,,,,"The Sexual Harassment of Women at Workplace (Prevention, Prohibition and Redressal) Act, 2013",AC_CEN_13_14_00009_201314_1517807327213,2013,14,ACT,CENTRAL,,123456789/496008,,https://indiacode.gov.in/server/api/core/items/6497706b-d8a5-4486-a968-9975498de966,https://indiacode.gov.in/act/6497706b-d8a5-4486-a968-9975498de966,https://indiacode.gov.in/act/6497706b-d8a5-4486-a968-9975498de966/sections,https://indiacode.gov.in/act/6497706b-d8a5-4486-a968-9975498de966/schedules,5a4f575fee3e9acbe8e3654016c8ee330ef2ffef5e4520070abc0401a4b546ac,
128,dc5084fb-e552-40fb-8aad-f56a8b0a3fac,ACT,,,,,"The National Institute of Mental Health and Neuro-Sciences, Bangalore Act, 2012",AC_CEN_12_13_00023_201238_1517807327843,2012,38,ACT,CENTRAL,,123456789/495989,,https://indiacode.gov.in/server/api/core/items/dc5084fb-e552-40fb-8aad-f56a8b0a3fac,https://indiacode.gov.in/act/dc5084fb-e552-40fb-8aad-f56a8b0a3fac,https://indiacode.gov.in/act/dc5084fb-e552-40fb-8aad-f56a8b0a3fac/sections,https://indiacode.gov.in/act/dc5084fb-e552-40fb-8aad-f56a8b0a3fac/schedules,5a4f575fee3e9acbe8e3654016c8ee330ef2ffef5e4520070abc0401a4b546ac,
129,eb988374-0520-4da4-9718-ebbf1af0a5e7,ACT,,,,,"The Rajiv Gandhi National Institute of Youth Development Act, 2012",AC_CEN_34_53_00002_201235_1517807327912,2012,35,ACT,CENTRAL,,123456789/496359,,https://indiacode.gov.in/server/api/core/items/eb988374-0520-4da4-9718-ebbf1af0a5e7,https://indiacode.gov.in/act/eb988374-0520-4da4-9718-ebbf1af0a5e7,https://indiacode.gov.in/act/eb988374-0520-4da4-9718-ebbf1af0a5e7/sections,https://indiacode.gov.in/act/eb988374-0520-4da4-9718-ebbf1af0a5e7/schedules,5a4f575fee3e9acbe8e3654016c8ee330ef2ffef5e4520070abc0401a4b546ac,
130,60dad1b9-bbf1-4310-8fa1-62643beab7a6,ACT,,,,,"The Protection of Children from Sexual Offences Act, 2012",AC_CEN_13_14_00005_201232_1517807323686,2012,32,ACT,CENTRAL,,123456789/496004,,https://indiacode.gov.in/server/api/core/items/60dad1b9-bbf1-4310-8fa1-62643beab7a6,https://indiacode.gov.in/act/60dad1b9-bbf1-4310-8fa1-62643beab7a6,https://indiacode.gov.in/act/60dad1b9-bbf1-4310-8fa1-62643beab7a6/sections,https://indiacode.gov.in/act/60dad1b9-bbf1-4310-8fa1-62643beab7a6/schedules,5a4f575fee3e9acbe8e3654016c8ee330ef2ffef5e4520070abc0401a4b546ac,
131,7b85c956-432b-4ae8-b4de-7bfa0b339fbd,ACT,,,,,"The Academy of Scientific and Innovative Research Act, 2011",AC_CEN_31_82_00001_201213_1517807327700,2012,13,ACT,CENTRAL,,123456789/496341,,https://indiacode.gov.in/server/api/core/items/7b85c956-432b-4ae8-b4de-7bfa0b339fbd,https://indiacode.gov.in/act/7b85c956-432b-4ae8-b4de-7bfa0b339fbd,https://indiacode.gov.in/act/7b85c956-432b-4ae8-b4de-7bfa0b339fbd/sections,https://indiacode.gov.in/act/7b85c956-432b-4ae8-b4de-7bfa0b339fbd/schedules,5a4f575fee3e9acbe8e3654016c8ee330ef2ffef5e4520070abc0401a4b546ac,
132,9332780c-2b2c-4c02-af89-f94ecfe9c860,ACT,,,,,"The Factoring Regulation Act, 2011",AC_CEN_2_33_00006_201212_1517807327606,2012,12,ACT,CENTRAL,,123456789/496317,,https://indiacode.gov.in/server/api/core/items/9332780c-2b2c-4c02-af89-f94ecfe9c860,https://indiacode.gov.in/act/9332780c-2b2c-4c02-af89-f94ecfe9c860,https://indiacode.gov.in/act/9332780c-2b2c-4c02-af89-f94ecfe9c860/sections,https://indiacode.gov.in/act/9332780c-2b2c-4c02-af89-f94ecfe9c860/schedules,5a4f575fee3e9acbe8e3654016c8ee330ef2ffef5e4520070abc0401a4b546ac,
133,c96de71b-b345-4198-bf03-5d1d33cd3be2,ACT,,,,,"The National Capital Territory of Delhi Laws (Special Provisions) Second Act, 2011",AC_CEN_17_19_00026_201120_1517807326878,2011,20,ACT,CENTRAL,,123456789/496049,,https://indiacode.gov.in/server/api/core/items/c96de71b-b345-4198-bf03-5d1d33cd3be2,https://indiacode.gov.in/act/c96de71b-b345-4198-bf03-5d1d33cd3be2,https://indiacode.gov.in/act/c96de71b-b345-4198-bf03-5d1d33cd3be2/sections,https://indiacode.gov.in/act/c96de71b-b345-4198-bf03-5d1d33cd3be2/schedules,5a4f575fee3e9acbe8e3654016c8ee330ef2ffef5e4520070abc0401a4b546ac,
134,ad2f78bc-05c1-4975-83af-8391319d3197,ACT,,,,,"The Orissa (Alteration of Name) Act, 2011",AC_CEN_5_24_00021_201115_1517807326989,2011,15,ACT,CENTRAL,,123456789/496567,,https://indiacode.gov.in/server/api/core/items/ad2f78bc-05c1-4975-83af-8391319d3197,https://indiacode.gov.in/act/ad2f78bc-05c1-4975-83af-8391319d3197,https://indiacode.gov.in/act/ad2f78bc-05c1-4975-83af-8391319d3197/sections,https://indiacode.gov.in/act/ad2f78bc-05c1-4975-83af-8391319d3197/schedules,5a4f575fee3e9acbe8e3654016c8ee330ef2ffef5e4520070abc0401a4b546ac,
135,fdbf1a64-68a5-4a30-8d5c-36d573c8200b,ACT,,,,,"The Coinage Act, 2011",AC_CEN_2_11_00052_201111_1517807327275,2011,11,ACT,CENTRAL,,123456789/496273,,https://indiacode.gov.in/server/api/core/items/fdbf1a64-68a5-4a30-8d5c-36d573c8200b,https://indiacode.gov.in/act/fdbf1a64-68a5-4a30-8d5c-36d573c8200b,https://indiacode.gov.in/act/fdbf1a64-68a5-4a30-8d5c-36d573c8200b/sections,https://indiacode.gov.in/act/fdbf1a64-68a5-4a30-8d5c-36d573c8200b/schedules,5a4f575fee3e9acbe8e3654016c8ee330ef2ffef5e4520070abc0401a4b546ac,
136,e62ef217-2250-4380-935c-d9ad915454b1,ACT,,,,,"The Foreign Contribution (Regulation) Act, 2010",AC_CEN_5_24_00024_201042_1517807327802,2010,42,ACT,CENTRAL,,123456789/496570,,https://indiacode.gov.in/server/api/core/items/e62ef217-2250-4380-935c-d9ad915454b1,https://indiacode.gov.in/act/e62ef217-2250-4380-935c-d9ad915454b1,https://indiacode.gov.in/act/e62ef217-2250-4380-935c-d9ad915454b1/sections,https://indiacode.gov.in/act/e62ef217-2250-4380-935c-d9ad915454b1/schedules,5a4f575fee3e9acbe8e3654016c8ee330ef2ffef5e4520070abc0401a4b546ac,
137,04e1a948-9959-4c30-a3bb-f9e73bf0f5d9,ACT,,,,,"The Nalanda University Act, 2010",AC_CEN_10_10_00019_201039_1517807327409,2010,39,ACT,CENTRAL,,123456789/495950,,https://indiacode.gov.in/server/api/core/items/04e1a948-9959-4c30-a3bb-f9e73bf0f5d9,https://indiacode.gov.in/act/04e1a948-9959-4c30-a3bb-f9e73bf0f5d9,https://indiacode.gov.in/act/04e1a948-9959-4c30-a3bb-f9e73bf0f5d9/sections,https://indiacode.gov.in/act/04e1a948-9959-4c30-a3bb-f9e73bf0f5d9/schedules,5a4f575fee3e9acbe8e3654016c8ee330ef2ffef5e4520070abc0401a4b546ac,
138,5c96c95e-2f19-4e79-ae96-244ccf360635,ACT,,,,,"The Civil Liability for Nuclear Damage Act, 2010",AC_CEN_38_63_00002_201038_1517807327224,2010,38,ACT,CENTRAL,,123456789/496380,,https://indiacode.gov.in/server/api/core/items/5c96c95e-2f19-4e79-ae96-244ccf360635,https://indiacode.gov.in/act/5c96c95e-2f19-4e79-ae96-244ccf360635,https://indiacode.gov.in/act/5c96c95e-2f19-4e79-ae96-244ccf360635/sections,https://indiacode.gov.in/act/5c96c95e-2f19-4e79-ae96-244ccf360635/schedules,5a4f575fee3e9acbe8e3654016c8ee330ef2ffef5e4520070abc0401a4b546ac,
139,6d68135f-a3bc-44e0-9c5f-d250afb8919c,ACT,,,,,"The Land Ports Authority of India Act, 2010",AC_CEN_5_80_00001_201031_1517807327519,2010,31,ACT,CENTRAL,,123456789/496698,,https://indiacode.gov.in/server/api/core/items/6d68135f-a3bc-44e0-9c5f-d250afb8919c,https://indiacode.gov.in/act/6d68135f-a3bc-44e0-9c5f-d250afb8919c,https://indiacode.gov.in/act/6d68135f-a3bc-44e0-9c5f-d250afb8919c/sections,https://indiacode.gov.in/act/6d68135f-a3bc-44e0-9c5f-d250afb8919c/schedules,5a4f575fee3e9acbe8e3654016c8ee330ef2ffef5e4520070abc0401a4b546ac,
140,74e4e4dd-ba5f-4e8d-9376-bb8164381040,ACT,,,,,"The Clinical Establishments (Registration and Regulation) Act, 2010",AC_CEN_12_13_00022_201023_1517807327396,2010,23,ACT,CENTRAL,,123456789/495986,,https://indiacode.gov.in/server/api/core/items/74e4e4dd-ba5f-4e8d-9376-bb8164381040,https://indiacode.gov.in/act/74e4e4dd-ba5f-4e8d-9376-bb8164381040,https://indiacode.gov.in/act/74e4e4dd-ba5f-4e8d-9376-bb8164381040/sections,https://indiacode.gov.in/act/74e4e4dd-ba5f-4e8d-9376-bb8164381040/schedules,5a4f575fee3e9acbe8e3654016c8ee330ef2ffef5e4520070abc0401a4b546ac,
141,b7437cdc-49cc-4bce-9e04-ba768521a2ec,ACT,,,,,"The National Green Tribunal Act, 2010",AC_CEN_16_18_00009_201019_1517807326004,2010,19,ACT,CENTRAL,,123456789/496028,,https://indiacode.gov.in/server/api/core/items/b7437cdc-49cc-4bce-9e04-ba768521a2ec,https://indiacode.gov.in/act/b7437cdc-49cc-4bce-9e04-ba768521a2ec,https://indiacode.gov.in/act/b7437cdc-49cc-4bce-9e04-ba768521a2ec/sections,https://indiacode.gov.in/act/b7437cdc-49cc-4bce-9e04-ba768521a2ec/schedules,5a4f575fee3e9acbe8e3654016c8ee330ef2ffef5e4520070abc0401a4b546ac,
142,9bb03b58-894a-4961-94f1-fa58770746dd,ACT,,,,,"The Tamil Nadu Legislative Council Act, 2010",AC_CEN_3_20_00032_201016_1517807325032,2010,16,ACT,CENTRAL,,123456789/496409,,https://indiacode.gov.in/server/api/core/items/9bb03b58-894a-4961-94f1-fa58770746dd,https://indiacode.gov.in/act/9bb03b58-894a-4961-94f1-fa58770746dd,https://indiacode.gov.in/act/9bb03b58-894a-4961-94f1-fa58770746dd/sections,https://indiacode.gov.in/act/9bb03b58-894a-4961-94f1-fa58770746dd/schedules,5a4f575fee3e9acbe8e3654016c8ee330ef2ffef5e4520070abc0401a4b546ac,
143,0ad0a862-c909-4033-8dd5-f45ddff817e0,ACT,,,,,"The Legal Metrology Act, 2009",AC_CEN_21_44_00007_201001_1517807327712,2010,1,ACT,CENTRAL,,123456789/496114,,https://indiacode.gov.in/server/api/core/items/0ad0a862-c909-4033-8dd5-f45ddff817e0,https://indiacode.gov.in/act/0ad0a862-c909-4033-8dd5-f45ddff817e0,https://indiacode.gov.in/act/0ad0a862-c909-4033-8dd5-f45ddff817e0/sections,https://indiacode.gov.in/act/0ad0a862-c909-4033-8dd5-f45ddff817e0/schedules,5a4f575fee3e9acbe8e3654016c8ee330ef2ffef5e4520070abc0401a4b546ac,
144,f56d1ae7-9bbb-40cd-95ab-193eb5a5daaa,ACT,,,,,"The Right of Children to Free and Compulsory Education Act, 2009",AC_CEN_9_9_00006_200935_1517807327595,2009,35,ACT,CENTRAL,,123456789/496774,,https://indiacode.gov.in/server/api/core/items/f56d1ae7-9bbb-40cd-95ab-193eb5a5daaa,https://indiacode.gov.in/act/f56d1ae7-9bbb-40cd-95ab-193eb5a5daaa,https://indiacode.gov.in/act/f56d1ae7-9bbb-40cd-95ab-193eb5a5daaa/sections,https://indiacode.gov.in/act/f56d1ae7-9bbb-40cd-95ab-193eb5a5daaa/schedules,5a4f575fee3e9acbe8e3654016c8ee330ef2ffef5e4520070abc0401a4b546ac,
145,271bb73b-1edc-4205-8fbd-3e2cd75fb911,ACT,,,,,"The Prevention and Control of Infectious and Contagious Diseases in Animals Act, 2009",AC_CEN_23_62_00007_200927_1517807327569,2009,27,ACT,CENTRAL,,123456789/496150,,https://indiacode.gov.in/server/api/core/items/271bb73b-1edc-4205-8fbd-3e2cd75fb911,https://indiacode.gov.in/act/271bb73b-1edc-4205-8fbd-3e2cd75fb911,https://indiacode.gov.in/act/271bb73b-1edc-4205-8fbd-3e2cd75fb911/sections,https://indiacode.gov.in/act/271bb73b-1edc-4205-8fbd-3e2cd75fb911/schedules,5a4f575fee3e9acbe8e3654016c8ee330ef2ffef5e4520070abc0401a4b546ac,
146,9ba1cefc-bcc6-45b4-a00c-b8769ba1d143,ACT,,,,,"The Central Universities Act, 2009",AC_CEN_9_30_00014_200925_1517807324115,2009,25,ACT,CENTRAL,,123456789/496740,,https://indiacode.gov.in/server/api/core/items/9ba1cefc-bcc6-45b4-a00c-b8769ba1d143,https://indiacode.gov.in/act/9ba1cefc-bcc6-45b4-a00c-b8769ba1d143,https://indiacode.gov.in/act/9ba1cefc-bcc6-45b4-a00c-b8769ba1d143/sections,https://indiacode.gov.in/act/9ba1cefc-bcc6-45b4-a00c-b8769ba1d143/schedules,5a4f575fee3e9acbe8e3654016c8ee330ef2ffef5e4520070abc0401a4b546ac,
147,345862e0-5c4b-414e-830d-ec96e7f6c6f7,ACT,,,,,"The National Jute Board Act, 2008",AC_CEN_20_25_00016_200912_1517807327624,2009,12,ACT,CENTRAL,,123456789/496104,,https://indiacode.gov.in/server/api/core/items/345862e0-5c4b-414e-830d-ec96e7f6c6f7,https://indiacode.gov.in/act/345862e0-5c4b-414e-830d-ec96e7f6c6f7,https://indiacode.gov.in/act/345862e0-5c4b-414e-830d-ec96e7f6c6f7/sections,https://indiacode.gov.in/act/345862e0-5c4b-414e-830d-ec96e7f6c6f7/schedules,5a4f575fee3e9acbe8e3654016c8ee330ef2ffef5e4520070abc0401a4b546ac,
148,f2d8d846-42cc-4400-9ba9-824da1a9204d,ACT,,,,,"The South Asian University Act, 2008",AC_CEN_10_10_00018_200908_1517807327343,2009,8,ACT,CENTRAL,,123456789/495949,,https://indiacode.gov.in/server/api/core/items/f2d8d846-42cc-4400-9ba9-824da1a9204d,https://indiacode.gov.in/act/f2d8d846-42cc-4400-9ba9-824da1a9204d,https://indiacode.gov.in/act/f2d8d846-42cc-4400-9ba9-824da1a9204d/sections,https://indiacode.gov.in/act/f2d8d846-42cc-4400-9ba9-824da1a9204d/schedules,5a4f575fee3e9acbe8e3654016c8ee330ef2ffef5e4520070abc0401a4b546ac,
149,1717190d-f0dd-4074-8aaa-d09615b943f6,ACT,,,,,"The Gram Nyayalayas Act, 2008",AC_CEN_3_3_00009_200904_1517807319778,2009,4,ACT,CENTRAL,,123456789/496472,,https://indiacode.gov.in/server/api/core/items/1717190d-f0dd-4074-8aaa-d09615b943f6,https://indiacode.gov.in/act/1717190d-f0dd-4074-8aaa-d09615b943f6,https://indiacode.gov.in/act/1717190d-f0dd-4074-8aaa-d09615b943f6/sections,https://indiacode.gov.in/act/1717190d-f0dd-4074-8aaa-d09615b943f6/schedules,5a4f575fee3e9acbe8e3654016c8ee330ef2ffef5e4520070abc0401a4b546ac,
150,b8ee8f02-e4aa-4ecd-bfe1-34ac16999b5e,ACT,,,,,"The Collection of Statistics Act, 2008",AC_CEN_40_66_00002_200907_1517807325488,2009,7,ACT,CENTRAL,,123456789/496504,,https://indiacode.gov.in/server/api/core/items/b8ee8f02-e4aa-4ecd-bfe1-34ac16999b5e,https://indiacode.gov.in/act/b8ee8f02-e4aa-4ecd-bfe1-34ac16999b5e,https://indiacode.gov.in/act/b8ee8f02-e4aa-4ecd-bfe1-34ac16999b5e/sections,https://indiacode.gov.in/act/b8ee8f02-e4aa-4ecd-bfe1-34ac16999b5e/schedules,5a4f575fee3e9acbe8e3654016c8ee330ef2ffef5e4520070abc0401a4b546ac,
151,cd2202d9-0e72-408b-8ae3-d86e2dfaf968,ACT,,,,,"The Limited Liability Partnership Act, 2008",AC_CEN_22_29_00007_200906_1517807325904,2009,6,ACT,CENTRAL,,123456789/496127,,https://indiacode.gov.in/server/api/core/items/cd2202d9-0e72-408b-8ae3-d86e2dfaf968,https://indiacode.gov.in/act/cd2202d9-0e72-408b-8ae3-d86e2dfaf968,https://indiacode.gov.in/act/cd2202d9-0e72-408b-8ae3-d86e2dfaf968/sections,https://indiacode.gov.in/act/cd2202d9-0e72-408b-8ae3-d86e2dfaf968/schedules,5a4f575fee3e9acbe8e3654016c8ee330ef2ffef5e4520070abc0401a4b546ac,
152,4bdc7685-15f7-4a59-b450-2cd286416959,ACT,,,,,"The National Investigation Agency Act, 2008",AC_CEN_5_24_00020_200834_1517807326916,2008,34,ACT,CENTRAL,,123456789/496566,,https://indiacode.gov.in/server/api/core/items/4bdc7685-15f7-4a59-b450-2cd286416959,https://indiacode.gov.in/act/4bdc7685-15f7-4a59-b450-2cd286416959,https://indiacode.gov.in/act/4bdc7685-15f7-4a59-b450-2cd286416959/sections,https://indiacode.gov.in/act/4bdc7685-15f7-4a59-b450-2cd286416959/schedules,5a4f575fee3e9acbe8e3654016c8ee330ef2ffef5e4520070abc0401a4b546ac,
153,d1393d73-0323-4f4d-9240-2e0467726375,ACT,,,,,"The Airports Economic Regulatory Authority of India Act, 2008",AC_CEN_36_56_00009_200827_1517807327369,2008,27,ACT,CENTRAL,,123456789/496370,,https://indiacode.gov.in/server/api/core/items/d1393d73-0323-4f4d-9240-2e0467726375,https://indiacode.gov.in/act/d1393d73-0323-4f4d-9240-2e0467726375,https://indiacode.gov.in/act/d1393d73-0323-4f4d-9240-2e0467726375/sections,https://indiacode.gov.in/act/d1393d73-0323-4f4d-9240-2e0467726375/schedules,5a4f575fee3e9acbe8e3654016c8ee330ef2ffef5e4520070abc0401a4b546ac,
154,1ef234f6-f4c7-4466-a2af-10fd326f2d52,ACT,,,,,"The Indian Maritime University Act, 2008",AC_CEN_7_7_00015_200822_1517807327775,2008,22,ACT,CENTRAL,,123456789/496720,,https://indiacode.gov.in/server/api/core/items/1ef234f6-f4c7-4466-a2af-10fd326f2d52,https://indiacode.gov.in/act/1ef234f6-f4c7-4466-a2af-10fd326f2d52,https://indiacode.gov.in/act/1ef234f6-f4c7-4466-a2af-10fd326f2d52/sections,https://indiacode.gov.in/act/1ef234f6-f4c7-4466-a2af-10fd326f2d52/schedules,5a4f575fee3e9acbe8e3654016c8ee330ef2ffef5e4520070abc0401a4b546ac,
155,d17c8e66-9e6b-47ef-ba8f-a5935c5e06e6,ACT,,,,,"The Jawaharlal Institute of Post-Graduate Medical Education and Research, Puducherry, Act, 2008",AC_CEN_12_13_00019_200819_1517807327178,2008,19,ACT,CENTRAL,,123456789/495981,,https://indiacode.gov.in/server/api/core/items/d17c8e66-9e6b-47ef-ba8f-a5935c5e06e6,https://indiacode.gov.in/act/d17c8e66-9e6b-47ef-ba8f-a5935c5e06e6,https://indiacode.gov.in/act/d17c8e66-9e6b-47ef-ba8f-a5935c5e06e6/sections,https://indiacode.gov.in/act/d17c8e66-9e6b-47ef-ba8f-a5935c5e06e6/schedules,5a4f575fee3e9acbe8e3654016c8ee330ef2ffef5e4520070abc0401a4b546ac,
156,2cc52f43-b784-447c-b84e-38cebfda552e,ACT,,,,,"The Maintenance and Welfare of Parents and Senior Citizens Act, 2007",AC_CEN_25_35_00007_200756_1517807326382,2007,56,ACT,CENTRAL,,123456789/496161,,https://indiacode.gov.in/server/api/core/items/2cc52f43-b784-447c-b84e-38cebfda552e,https://indiacode.gov.in/act/2cc52f43-b784-447c-b84e-38cebfda552e,https://indiacode.gov.in/act/2cc52f43-b784-447c-b84e-38cebfda552e/sections,https://indiacode.gov.in/act/2cc52f43-b784-447c-b84e-38cebfda552e/schedules,5a4f575fee3e9acbe8e3654016c8ee330ef2ffef5e4520070abc0401a4b546ac,
157,9cdb2078-4f65-4fcb-ae43-b682d4ced769,ACT,,,,,"The Armed Forces Tribunal Act, 2007",AC_CEN_28_38_00013_200755_1517807323574,2007,55,ACT,CENTRAL,,123456789/496204,,https://indiacode.gov.in/server/api/core/items/9cdb2078-4f65-4fcb-ae43-b682d4ced769,https://indiacode.gov.in/act/9cdb2078-4f65-4fcb-ae43-b682d4ced769,https://indiacode.gov.in/act/9cdb2078-4f65-4fcb-ae43-b682d4ced769/sections,https://indiacode.gov.in/act/9cdb2078-4f65-4fcb-ae43-b682d4ced769/schedules,5a4f575fee3e9acbe8e3654016c8ee330ef2ffef5e4520070abc0401a4b546ac,
158,0e37086d-e1e0-41ea-a689-a776e4f063b2,ACT,,,,,"The Rajiv Gandhi Institute of Petroleum Technology Act, 2007",AC_CEN_32_50_00005_200754_1517807322639,2007,54,ACT,CENTRAL,,123456789/496350,,https://indiacode.gov.in/server/api/core/items/0e37086d-e1e0-41ea-a689-a776e4f063b2,https://indiacode.gov.in/act/0e37086d-e1e0-41ea-a689-a776e4f063b2,https://indiacode.gov.in/act/0e37086d-e1e0-41ea-a689-a776e4f063b2/sections,https://indiacode.gov.in/act/0e37086d-e1e0-41ea-a689-a776e4f063b2/schedules,5a4f575fee3e9acbe8e3654016c8ee330ef2ffef5e4520070abc0401a4b546ac,
159,0c440dd4-d439-42ba-bced-6945512eb9b0,ACT,,,,,"The Payment and Settlement Systems Act, 2007",AC_CEN_2_33_00005_200751_1517807326929,2007,51,ACT,CENTRAL,,123456789/496316,,https://indiacode.gov.in/server/api/core/items/0c440dd4-d439-42ba-bced-6945512eb9b0,https://indiacode.gov.in/act/0c440dd4-d439-42ba-bced-6945512eb9b0,https://indiacode.gov.in/act/0c440dd4-d439-42ba-bced-6945512eb9b0/sections,https://indiacode.gov.in/act/0c440dd4-d439-42ba-bced-6945512eb9b0/schedules,5a4f575fee3e9acbe8e3654016c8ee330ef2ffef5e4520070abc0401a4b546ac,
160,07c890a1-5732-485a-9602-f1e57082d908,ACT,,,,,"The Indira Gandhi National Tribal University Act, 2007",AC_CEN_9_30_00019_200752_1517807325078,2007,52,ACT,CENTRAL,,123456789/496745,,https://indiacode.gov.in/server/api/core/items/07c890a1-5732-485a-9602-f1e57082d908,https://indiacode.gov.in/act/07c890a1-5732-485a-9602-f1e57082d908,https://indiacode.gov.in/act/07c890a1-5732-485a-9602-f1e57082d908/sections,https://indiacode.gov.in/act/07c890a1-5732-485a-9602-f1e57082d908/schedules,5a4f575fee3e9acbe8e3654016c8ee330ef2ffef5e4520070abc0401a4b546ac,
161,5d2846ac-5462-41ba-a409-e2f03ecfbc78,ACT,,,,,"The Sashastra Seema Bal Act, 2007",AC_CEN_5_24_00022_200753_1517807327089,2007,53,ACT,CENTRAL,,123456789/496568,,https://indiacode.gov.in/server/api/core/items/5d2846ac-5462-41ba-a409-e2f03ecfbc78,https://indiacode.gov.in/act/5d2846ac-5462-41ba-a409-e2f03ecfbc78,https://indiacode.gov.in/act/5d2846ac-5462-41ba-a409-e2f03ecfbc78/sections,https://indiacode.gov.in/act/5d2846ac-5462-41ba-a409-e2f03ecfbc78/schedules,5a4f575fee3e9acbe8e3654016c8ee330ef2ffef5e4520070abc0401a4b546ac,
162,43c59cb4-4bd4-412f-b04e-db2bb7a360fc,ACT,,,,,"The Tyre Corporation of India Limited (Disinvestment of Ownership) Act, 2007",AC_CEN_14_15_00006_200750_1517807323337,2007,50,ACT,CENTRAL,,123456789/496010,,https://indiacode.gov.in/server/api/core/items/43c59cb4-4bd4-412f-b04e-db2bb7a360fc,https://indiacode.gov.in/act/43c59cb4-4bd4-412f-b04e-db2bb7a360fc,https://indiacode.gov.in/act/43c59cb4-4bd4-412f-b04e-db2bb7a360fc/sections,https://indiacode.gov.in/act/43c59cb4-4bd4-412f-b04e-db2bb7a360fc/schedules,5a4f575fee3e9acbe8e3654016c8ee330ef2ffef5e4520070abc0401a4b546ac,
163,64d5d562-2896-4add-8a41-c96961859d19,ACT,,,,,"The Carriage by Road Act, 2007",AC_CEN_30_42_000010_200741_1517807327557,2007,41,ACT,CENTRAL,,123456789/496332,,https://indiacode.gov.in/server/api/core/items/64d5d562-2896-4add-8a41-c96961859d19,https://indiacode.gov.in/act/64d5d562-2896-4add-8a41-c96961859d19,https://indiacode.gov.in/act/64d5d562-2896-4add-8a41-c96961859d19/sections,https://indiacode.gov.in/act/64d5d562-2896-4add-8a41-c96961859d19/schedules,5a4f575fee3e9acbe8e3654016c8ee330ef2ffef5e4520070abc0401a4b546ac,
164,068602ec-ea76-4d5e-8e2b-89717a206231,ACT,,,,,"The Warehousing (Development and Regulation) Act, 2007",AC_CEN_21_28_00009_200737_1517807325670,2007,37,ACT,CENTRAL,,123456789/496109,,https://indiacode.gov.in/server/api/core/items/068602ec-ea76-4d5e-8e2b-89717a206231,https://indiacode.gov.in/act/068602ec-ea76-4d5e-8e2b-89717a206231,https://indiacode.gov.in/act/068602ec-ea76-4d5e-8e2b-89717a206231/sections,https://indiacode.gov.in/act/068602ec-ea76-4d5e-8e2b-89717a206231/schedules,5a4f575fee3e9acbe8e3654016c8ee330ef2ffef5e4520070abc0401a4b546ac,
165,2e3034a5-b735-4753-b1f0-6978ee97a49c,ACT,,,,,"The National Institutes of Technology, Science Education and Research Act, 2007",AC_CEN_9_30_00027_200729_1517807327079,2007,29,ACT,CENTRAL,,123456789/496752,,https://indiacode.gov.in/server/api/core/items/2e3034a5-b735-4753-b1f0-6978ee97a49c,https://indiacode.gov.in/act/2e3034a5-b735-4753-b1f0-6978ee97a49c,https://indiacode.gov.in/act/2e3034a5-b735-4753-b1f0-6978ee97a49c/sections,https://indiacode.gov.in/act/2e3034a5-b735-4753-b1f0-6978ee97a49c/schedules,5a4f575fee3e9acbe8e3654016c8ee330ef2ffef5e4520070abc0401a4b546ac,
166,9dacde81-dc1c-4002-84ca-14c3bed48e5a,ACT,,,,,"The National Rural Employment Guarantee (Extension to Jammu and Kashmir) Act, 2007",AC_CEN_18_21_00012_200723_1517807327001,2007,23,ACT,CENTRAL,,123456789/496064,,https://indiacode.gov.in/server/api/core/items/9dacde81-dc1c-4002-84ca-14c3bed48e5a,https://indiacode.gov.in/act/9dacde81-dc1c-4002-84ca-14c3bed48e5a,https://indiacode.gov.in/act/9dacde81-dc1c-4002-84ca-14c3bed48e5a/sections,https://indiacode.gov.in/act/9dacde81-dc1c-4002-84ca-14c3bed48e5a/schedules,5a4f575fee3e9acbe8e3654016c8ee330ef2ffef5e4520070abc0401a4b546ac,
167,115a66e6-5cc4-430e-b3cb-141de38a9b0f,ACT,,,,,"The Sports Broadcasting Signals (Mandatory Sharing with PrasarBharati) Act, 2007",AC_CEN_29_41_00007_200711_1517807323539,2007,11,ACT,CENTRAL,,123456789/496219,,https://indiacode.gov.in/server/api/core/items/115a66e6-5cc4-430e-b3cb-141de38a9b0f,https://indiacode.gov.in/act/115a66e6-5cc4-430e-b3cb-141de38a9b0f,https://indiacode.gov.in/act/115a66e6-5cc4-430e-b3cb-141de38a9b0f/sections,https://indiacode.gov.in/act/115a66e6-5cc4-430e-b3cb-141de38a9b0f/schedules,5a4f575fee3e9acbe8e3654016c8ee330ef2ffef5e4520070abc0401a4b546ac,
168,4d05ceca-211b-48eb-b918-441b44771e16,ACT,,,,,"The Sikkim University Act, 2006",AC_CEN_9_30_00030_200710_1517807327488,2007,10,ACT,CENTRAL,,123456789/496755,,https://indiacode.gov.in/server/api/core/items/4d05ceca-211b-48eb-b918-441b44771e16,https://indiacode.gov.in/act/4d05ceca-211b-48eb-b918-441b44771e16,https://indiacode.gov.in/act/4d05ceca-211b-48eb-b918-441b44771e16/sections,https://indiacode.gov.in/act/4d05ceca-211b-48eb-b918-441b44771e16/schedules,5a4f575fee3e9acbe8e3654016c8ee330ef2ffef5e4520070abc0401a4b546ac,
169,550aef46-b0d4-4a89-8c96-020ce9363a28,ACT,,,,,"The Tripura University Act, 2006",AC_CEN_9_30_00028_200709_1517807327114,2007,9,ACT,CENTRAL,,123456789/496753,,https://indiacode.gov.in/server/api/core/items/550aef46-b0d4-4a89-8c96-020ce9363a28,https://indiacode.gov.in/act/550aef46-b0d4-4a89-8c96-020ce9363a28,https://indiacode.gov.in/act/550aef46-b0d4-4a89-8c96-020ce9363a28/sections,https://indiacode.gov.in/act/550aef46-b0d4-4a89-8c96-020ce9363a28/schedules,5a4f575fee3e9acbe8e3654016c8ee330ef2ffef5e4520070abc0401a4b546ac,
170,81cb6494-1a0a-4c88-95ec-baf6cb43a9f5,ACT,,,,,"The Prohibition of Child Marriage Act, 2006",AC_CEN_13_14_00001_200706_1517807317592,2007,6,ACT,CENTRAL,,123456789/496001,,https://indiacode.gov.in/server/api/core/items/81cb6494-1a0a-4c88-95ec-baf6cb43a9f5,https://indiacode.gov.in/act/81cb6494-1a0a-4c88-95ec-baf6cb43a9f5,https://indiacode.gov.in/act/81cb6494-1a0a-4c88-95ec-baf6cb43a9f5/sections,https://indiacode.gov.in/act/81cb6494-1a0a-4c88-95ec-baf6cb43a9f5/schedules,5a4f575fee3e9acbe8e3654016c8ee330ef2ffef5e4520070abc0401a4b546ac,
171,9fbbd928-4e1c-40e3-be46-4958271c2432,ACT,,,,,"The Rajiv Gandhi University Act, 2006",AC_CEN_9_30_00032_200708_1517807327650,2007,8,ACT,CENTRAL,,123456789/496757,,https://indiacode.gov.in/server/api/core/items/9fbbd928-4e1c-40e3-be46-4958271c2432,https://indiacode.gov.in/act/9fbbd928-4e1c-40e3-be46-4958271c2432,https://indiacode.gov.in/act/9fbbd928-4e1c-40e3-be46-4958271c2432/sections,https://indiacode.gov.in/act/9fbbd928-4e1c-40e3-be46-4958271c2432/schedules,5a4f575fee3e9acbe8e3654016c8ee330ef2ffef5e4520070abc0401a4b546ac,
172,f330196c-4106-4bca-bcda-627271d64866,ACT,,,,,"The English and Foreign Languages University Act, 2006",AC_CEN_9_30_00009_200707_1517807323610,2007,7,ACT,CENTRAL,,123456789/496736,,https://indiacode.gov.in/server/api/core/items/f330196c-4106-4bca-bcda-627271d64866,https://indiacode.gov.in/act/f330196c-4106-4bca-bcda-627271d64866,https://indiacode.gov.in/act/f330196c-4106-4bca-bcda-627271d64866/sections,https://indiacode.gov.in/act/f330196c-4106-4bca-bcda-627271d64866/schedules,5a4f575fee3e9acbe8e3654016c8ee330ef2ffef5e4520070abc0401a4b546ac,
173,3203b2e2-e288-4c5f-a996-b5d4427a07ab,ACT,,,,,"The Central Educational Institutions (Reservation in Admission) Act, 2006",AC_CEN_9_30_00031_200705_1517807327501,2007,5,ACT,CENTRAL,,123456789/496756,,https://indiacode.gov.in/server/api/core/items/3203b2e2-e288-4c5f-a996-b5d4427a07ab,https://indiacode.gov.in/act/3203b2e2-e288-4c5f-a996-b5d4427a07ab,https://indiacode.gov.in/act/3203b2e2-e288-4c5f-a996-b5d4427a07ab/sections,https://indiacode.gov.in/act/3203b2e2-e288-4c5f-a996-b5d4427a07ab/schedules,5a4f575fee3e9acbe8e3654016c8ee330ef2ffef5e4520070abc0401a4b546ac,
174,1b9423ee-b983-427c-bdf5-d00d41dea094,ACT,,,,,"The Scheduled Tribes and Other Traditional Forest Dwellers (Recognition of Forest Rights) Act, 2006",AC_CEN_42_71_00001_200702_1517807323238,2007,2,ACT,CENTRAL,,123456789/619306,,https://indiacode.gov.in/server/api/core/items/1b9423ee-b983-427c-bdf5-d00d41dea094,https://indiacode.gov.in/act/1b9423ee-b983-427c-bdf5-d00d41dea094,https://indiacode.gov.in/act/1b9423ee-b983-427c-bdf5-d00d41dea094/sections,https://indiacode.gov.in/act/1b9423ee-b983-427c-bdf5-d00d41dea094/schedules,5a4f575fee3e9acbe8e3654016c8ee330ef2ffef5e4520070abc0401a4b546ac,
175,cc5c3abe-e11f-4334-903b-fdfe11c3c29d,ACT,,,,,"The Uttaranchal (Alteration of Name) Act, 2006",AC_CEN_5_5_00056_200652_1517807327263,2006,52,ACT,CENTRAL,,123456789/496635,,https://indiacode.gov.in/server/api/core/items/cc5c3abe-e11f-4334-903b-fdfe11c3c29d,https://indiacode.gov.in/act/cc5c3abe-e11f-4334-903b-fdfe11c3c29d,https://indiacode.gov.in/act/cc5c3abe-e11f-4334-903b-fdfe11c3c29d/sections,https://indiacode.gov.in/act/cc5c3abe-e11f-4334-903b-fdfe11c3c29d/schedules,5a4f575fee3e9acbe8e3654016c8ee330ef2ffef5e4520070abc0401a4b546ac,
176,b0d57033-704b-4bb4-bf6e-e871efe6cb56,ACT,,,,,"The Assam Rifles Act, 2006",AC_CEN_5_23_00025_200647_1517807326902,2006,47,ACT,CENTRAL,,123456789/496538,,https://indiacode.gov.in/server/api/core/items/b0d57033-704b-4bb4-bf6e-e871efe6cb56,https://indiacode.gov.in/act/b0d57033-704b-4bb4-bf6e-e871efe6cb56,https://indiacode.gov.in/act/b0d57033-704b-4bb4-bf6e-e871efe6cb56/sections,https://indiacode.gov.in/act/b0d57033-704b-4bb4-bf6e-e871efe6cb56/schedules,5a4f575fee3e9acbe8e3654016c8ee330ef2ffef5e4520070abc0401a4b546ac,
177,171949aa-7ba8-48bf-a0de-d138c6999f22,ACT,,,,,"The Pondicherry (Alteration of Name) Act, 2006",AC_CEN_5_5_00038_200644_1517807323490,2006,44,ACT,CENTRAL,,123456789/496621,,https://indiacode.gov.in/server/api/core/items/171949aa-7ba8-48bf-a0de-d138c6999f22,https://indiacode.gov.in/act/171949aa-7ba8-48bf-a0de-d138c6999f22,https://indiacode.gov.in/act/171949aa-7ba8-48bf-a0de-d138c6999f22/sections,https://indiacode.gov.in/act/171949aa-7ba8-48bf-a0de-d138c6999f22/schedules,5a4f575fee3e9acbe8e3654016c8ee330ef2ffef5e4520070abc0401a4b546ac,
178,9398cc83-b9d0-4cfc-bf79-d58c2a22b071,ACT,,,,,"The Cantonments Act, 2006",AC_CEN_28_38_00011_200641_1517807323015,2006,41,ACT,CENTRAL,,123456789/496202,,https://indiacode.gov.in/server/api/core/items/9398cc83-b9d0-4cfc-bf79-d58c2a22b071,https://indiacode.gov.in/act/9398cc83-b9d0-4cfc-bf79-d58c2a22b071,https://indiacode.gov.in/act/9398cc83-b9d0-4cfc-bf79-d58c2a22b071/sections,https://indiacode.gov.in/act/9398cc83-b9d0-4cfc-bf79-d58c2a22b071/schedules,5a4f575fee3e9acbe8e3654016c8ee330ef2ffef5e4520070abc0401a4b546ac,
179,3ff7b206-0eda-406f-b45d-cd14f9c21091,ACT,,,,,"The Government Securities Act, 2006",AC_CEN_2_11_00005_200638_1517807318273,2006,38,ACT,CENTRAL,,123456789/496225,,https://indiacode.gov.in/server/api/core/items/3ff7b206-0eda-406f-b45d-cd14f9c21091,https://indiacode.gov.in/act/3ff7b206-0eda-406f-b45d-cd14f9c21091,https://indiacode.gov.in/act/3ff7b206-0eda-406f-b45d-cd14f9c21091/sections,https://indiacode.gov.in/act/3ff7b206-0eda-406f-b45d-cd14f9c21091/schedules,5a4f575fee3e9acbe8e3654016c8ee330ef2ffef5e4520070abc0401a4b546ac,
180,9541f527-92bb-46d9-b046-5a275746c7b4,ACT,,,,,"The Actuaries Act, 2006",AC_CEN_2_11_00032_200635_1517807323168,2006,35,ACT,CENTRAL,,123456789/496253,,https://indiacode.gov.in/server/api/core/items/9541f527-92bb-46d9-b046-5a275746c7b4,https://indiacode.gov.in/act/9541f527-92bb-46d9-b046-5a275746c7b4,https://indiacode.gov.in/act/9541f527-92bb-46d9-b046-5a275746c7b4/sections,https://indiacode.gov.in/act/9541f527-92bb-46d9-b046-5a275746c7b4/schedules,5a4f575fee3e9acbe8e3654016c8ee330ef2ffef5e4520070abc0401a4b546ac,
181,901412c2-ea41-4afb-b6d2-8686b27623e6,ACT,,,,,"The Food Safety and Standards Act, 2006",AC_CEN_39_65_00002_200634_1517807326101,2006,34,ACT,CENTRAL,,123456789/496383,,https://indiacode.gov.in/server/api/core/items/901412c2-ea41-4afb-b6d2-8686b27623e6,https://indiacode.gov.in/act/901412c2-ea41-4afb-b6d2-8686b27623e6,https://indiacode.gov.in/act/901412c2-ea41-4afb-b6d2-8686b27623e6/sections,https://indiacode.gov.in/act/901412c2-ea41-4afb-b6d2-8686b27623e6/schedules,5a4f575fee3e9acbe8e3654016c8ee330ef2ffef5e4520070abc0401a4b546ac,
182,31a5b634-7bde-43da-8176-70b595516b54,ACT,,,,,"The National Institute of Fashion Technology Act, 2006",AC_CEN_20_25_000010_200628_1517807326274,2006,28,ACT,CENTRAL,,123456789/496092,,https://indiacode.gov.in/server/api/core/items/31a5b634-7bde-43da-8176-70b595516b54,https://indiacode.gov.in/act/31a5b634-7bde-43da-8176-70b595516b54,https://indiacode.gov.in/act/31a5b634-7bde-43da-8176-70b595516b54/sections,https://indiacode.gov.in/act/31a5b634-7bde-43da-8176-70b595516b54/schedules,5a4f575fee3e9acbe8e3654016c8ee330ef2ffef5e4520070abc0401a4b546ac,
183,86ae7935-56dd-41ee-b005-64e41f8548e3,ACT,,,,,"The Micro, Small and Medium Enterprises Development Act, 2006",AC_CEN_46_77_00002_200627_1517807324919,2006,27,ACT,CENTRAL,,123456789/496513,,https://indiacode.gov.in/server/api/core/items/86ae7935-56dd-41ee-b005-64e41f8548e3,https://indiacode.gov.in/act/86ae7935-56dd-41ee-b005-64e41f8548e3,https://indiacode.gov.in/act/86ae7935-56dd-41ee-b005-64e41f8548e3/sections,https://indiacode.gov.in/act/86ae7935-56dd-41ee-b005-64e41f8548e3/schedules,5a4f575fee3e9acbe8e3654016c8ee330ef2ffef5e4520070abc0401a4b546ac,
184,537cc4e7-a315-452b-939f-084efc05ed56,ACT,,,,,"The Petroleum and Natural Gas Regulatory Board Act, 2006",AC_CEN_32_50_00006_200619_1517807324867,2006,19,ACT,CENTRAL,,123456789/496351,,https://indiacode.gov.in/server/api/core/items/537cc4e7-a315-452b-939f-084efc05ed56,https://indiacode.gov.in/act/537cc4e7-a315-452b-939f-084efc05ed56,https://indiacode.gov.in/act/537cc4e7-a315-452b-939f-084efc05ed56/sections,https://indiacode.gov.in/act/537cc4e7-a315-452b-939f-084efc05ed56/schedules,5a4f575fee3e9acbe8e3654016c8ee330ef2ffef5e4520070abc0401a4b546ac,
185,1885a202-b763-470f-884c-3c6104a89700,ACT,,,,,"The Commissions for Protection of Child Rights Act, 2005",AC_CEN_9_17_00001_200604_1517807317700,2006,4,ACT,CENTRAL,,123456789/496726,,https://indiacode.gov.in/server/api/core/items/1885a202-b763-470f-884c-3c6104a89700,https://indiacode.gov.in/act/1885a202-b763-470f-884c-3c6104a89700,https://indiacode.gov.in/act/1885a202-b763-470f-884c-3c6104a89700/sections,https://indiacode.gov.in/act/1885a202-b763-470f-884c-3c6104a89700/schedules,5a4f575fee3e9acbe8e3654016c8ee330ef2ffef5e4520070abc0401a4b546ac,
186,c4e89fb8-8c99-499a-86e3-d4d5dd06ad0e,ACT,,,,,"The Andhra Pradesh Legislative Council Act, 2005",AC_CEN_3_20_00031_200601_1517807324932,2006,1,ACT,CENTRAL,,123456789/496407,,https://indiacode.gov.in/server/api/core/items/c4e89fb8-8c99-499a-86e3-d4d5dd06ad0e,https://indiacode.gov.in/act/c4e89fb8-8c99-499a-86e3-d4d5dd06ad0e,https://indiacode.gov.in/act/c4e89fb8-8c99-499a-86e3-d4d5dd06ad0e/sections,https://indiacode.gov.in/act/c4e89fb8-8c99-499a-86e3-d4d5dd06ad0e/schedules,5a4f575fee3e9acbe8e3654016c8ee330ef2ffef5e4520070abc0401a4b546ac,
187,28a4ef8d-fc96-4e29-929c-732ee618e26d,ACT,,,,,"The Manipur University Act, 2005",AC_CEN_9_30_00026_200554_1517807326978,2005,54,ACT,CENTRAL,,123456789/496751,,https://indiacode.gov.in/server/api/core/items/28a4ef8d-fc96-4e29-929c-732ee618e26d,https://indiacode.gov.in/act/28a4ef8d-fc96-4e29-929c-732ee618e26d,https://indiacode.gov.in/act/28a4ef8d-fc96-4e29-929c-732ee618e26d/sections,https://indiacode.gov.in/act/28a4ef8d-fc96-4e29-929c-732ee618e26d/schedules,5a4f575fee3e9acbe8e3654016c8ee330ef2ffef5e4520070abc0401a4b546ac,
188,c749fc23-ea1a-4d98-8ed7-473d0d1d0941,ACT,,,,,"The Disaster Management Act, 2005",AC_CEN_5_5_00053_200553_1517807327022,2005,53,ACT,CENTRAL,,123456789/496632,,https://indiacode.gov.in/server/api/core/items/c749fc23-ea1a-4d98-8ed7-473d0d1d0941,https://indiacode.gov.in/act/c749fc23-ea1a-4d98-8ed7-473d0d1d0941,https://indiacode.gov.in/act/c749fc23-ea1a-4d98-8ed7-473d0d1d0941/sections,https://indiacode.gov.in/act/c749fc23-ea1a-4d98-8ed7-473d0d1d0941/schedules,5a4f575fee3e9acbe8e3654016c8ee330ef2ffef5e4520070abc0401a4b546ac,
189,4e19b77d-7db2-4514-9be2-fbff8fde21c2,ACT,,,,,"The National Tax Tribunal Act, 2005",AC_CEN_3_46_00006_200549_1517807326331,2005,49,ACT,CENTRAL,,123456789/496495,,https://indiacode.gov.in/server/api/core/items/4e19b77d-7db2-4514-9be2-fbff8fde21c2,https://indiacode.gov.in/act/4e19b77d-7db2-4514-9be2-fbff8fde21c2,https://indiacode.gov.in/act/4e19b77d-7db2-4514-9be2-fbff8fde21c2/sections,https://indiacode.gov.in/act/4e19b77d-7db2-4514-9be2-fbff8fde21c2/schedules,5a4f575fee3e9acbe8e3654016c8ee330ef2ffef5e4520070abc0401a4b546ac,
190,8bba4c72-b839-4fde-ba88-cfe2de2deac3,ACT,,,,,"The State Emblem of India (Prohibition of Improper Use) Act, 2005",AC_CEN_5_5_00052_200550_1517807327011,2005,50,ACT,CENTRAL,,123456789/496631,,https://indiacode.gov.in/server/api/core/items/8bba4c72-b839-4fde-ba88-cfe2de2deac3,https://indiacode.gov.in/act/8bba4c72-b839-4fde-ba88-cfe2de2deac3,https://indiacode.gov.in/act/8bba4c72-b839-4fde-ba88-cfe2de2deac3/sections,https://indiacode.gov.in/act/8bba4c72-b839-4fde-ba88-cfe2de2deac3/schedules,5a4f575fee3e9acbe8e3654016c8ee330ef2ffef5e4520070abc0401a4b546ac,
191,4311e86f-7d98-40b6-8a80-2195278207cb,ACT,,,,,"The Protection of Women from Domestic Violence Act, 2005",AC_CEN_13_14_00008_200543_1517807325788,2005,43,ACT,CENTRAL,,123456789/496007,,https://indiacode.gov.in/server/api/core/items/4311e86f-7d98-40b6-8a80-2195278207cb,https://indiacode.gov.in/act/4311e86f-7d98-40b6-8a80-2195278207cb,https://indiacode.gov.in/act/4311e86f-7d98-40b6-8a80-2195278207cb/sections,https://indiacode.gov.in/act/4311e86f-7d98-40b6-8a80-2195278207cb/schedules,5a4f575fee3e9acbe8e3654016c8ee330ef2ffef5e4520070abc0401a4b546ac,
192,0b30ede1-bffa-4ebf-a631-0b4a84ef2a1e,ACT,,,,,"The Bihar Value Added Tax Act, 2005",AC_CEN_5_5_00065_200527_1657795970032,2005,27,ACT,CENTRAL,0,123456789/496646,,https://indiacode.gov.in/server/api/core/items/0b30ede1-bffa-4ebf-a631-0b4a84ef2a1e,https://indiacode.gov.in/act/0b30ede1-bffa-4ebf-a631-0b4a84ef2a1e,https://indiacode.gov.in/act/0b30ede1-bffa-4ebf-a631-0b4a84ef2a1e/sections,https://indiacode.gov.in/act/0b30ede1-bffa-4ebf-a631-0b4a84ef2a1e/schedules,5a4f575fee3e9acbe8e3654016c8ee330ef2ffef5e4520070abc0401a4b546ac,
193,24a88581-9832-47e3-b9ce-756fca61f771,ACT,,,,,"The Special Economic Zones Act, 2005",AC_CEN_11_12_000010_200528_1517807327464,2005,28,ACT,CENTRAL,,123456789/495951,,https://indiacode.gov.in/server/api/core/items/24a88581-9832-47e3-b9ce-756fca61f771,https://indiacode.gov.in/act/24a88581-9832-47e3-b9ce-756fca61f771,https://indiacode.gov.in/act/24a88581-9832-47e3-b9ce-756fca61f771/sections,https://indiacode.gov.in/act/24a88581-9832-47e3-b9ce-756fca61f771/schedules,5a4f575fee3e9acbe8e3654016c8ee330ef2ffef5e4520070abc0401a4b546ac,
194,3c4f65e0-f82d-4daa-9551-52055b137d09,ACT,,,,,"The Credit Information Companies (Regulation) Act, 2005.",AC_CEN_2_11_00003_200530_1517807317795,2005,30,ACT,CENTRAL,,123456789/496223,,https://indiacode.gov.in/server/api/core/items/3c4f65e0-f82d-4daa-9551-52055b137d09,https://indiacode.gov.in/act/3c4f65e0-f82d-4daa-9551-52055b137d09,https://indiacode.gov.in/act/3c4f65e0-f82d-4daa-9551-52055b137d09/sections,https://indiacode.gov.in/act/3c4f65e0-f82d-4daa-9551-52055b137d09/schedules,5a4f575fee3e9acbe8e3654016c8ee330ef2ffef5e4520070abc0401a4b546ac,
195,4ff9d336-74b6-4fc0-bb32-4cb719986eee,ACT,,,,,"The Coastal Aquaculture Authority Act, 2005",AC_CEN_23_62_00004_200524_1517807323120,2005,24,ACT,CENTRAL,,123456789/496145,,https://indiacode.gov.in/server/api/core/items/4ff9d336-74b6-4fc0-bb32-4cb719986eee,https://indiacode.gov.in/act/4ff9d336-74b6-4fc0-bb32-4cb719986eee,https://indiacode.gov.in/act/4ff9d336-74b6-4fc0-bb32-4cb719986eee/sections,https://indiacode.gov.in/act/4ff9d336-74b6-4fc0-bb32-4cb719986eee/schedules,5a4f575fee3e9acbe8e3654016c8ee330ef2ffef5e4520070abc0401a4b546ac,
196,427f94bf-7afc-4447-a6d0-b4769cb08f07,ACT,,,,,"The Private Security Agencies (Regulation) Act, 2005",AC_CEN_5_23_00022_200529_1517807325940,2005,29,ACT,CENTRAL,,123456789/496536,,https://indiacode.gov.in/server/api/core/items/427f94bf-7afc-4447-a6d0-b4769cb08f07,https://indiacode.gov.in/act/427f94bf-7afc-4447-a6d0-b4769cb08f07,https://indiacode.gov.in/act/427f94bf-7afc-4447-a6d0-b4769cb08f07/sections,https://indiacode.gov.in/act/427f94bf-7afc-4447-a6d0-b4769cb08f07/schedules,5a4f575fee3e9acbe8e3654016c8ee330ef2ffef5e4520070abc0401a4b546ac,
197,c85a9719-d784-4791-99b3-1780a2c55575,ACT,,,,,"The University of Allahabad Act, 2005",AC_CEN_9_30_00023_200526_1517807325721,2005,26,ACT,CENTRAL,,123456789/496749,,https://indiacode.gov.in/server/api/core/items/c85a9719-d784-4791-99b3-1780a2c55575,https://indiacode.gov.in/act/c85a9719-d784-4791-99b3-1780a2c55575,https://indiacode.gov.in/act/c85a9719-d784-4791-99b3-1780a2c55575/sections,https://indiacode.gov.in/act/c85a9719-d784-4791-99b3-1780a2c55575/schedules,5a4f575fee3e9acbe8e3654016c8ee330ef2ffef5e4520070abc0401a4b546ac,
198,37520cf3-5c3f-4c0b-aa4a-5985e6f522bf,ACT,,,,,"The Right to Information Act, 2005",AC_CEN_26_36_00004_200522_1517807322955,2005,22,ACT,CENTRAL,,123456789/496169,,https://indiacode.gov.in/server/api/core/items/37520cf3-5c3f-4c0b-aa4a-5985e6f522bf,https://indiacode.gov.in/act/37520cf3-5c3f-4c0b-aa4a-5985e6f522bf,https://indiacode.gov.in/act/37520cf3-5c3f-4c0b-aa4a-5985e6f522bf/sections,https://indiacode.gov.in/act/37520cf3-5c3f-4c0b-aa4a-5985e6f522bf/schedules,5a4f575fee3e9acbe8e3654016c8ee330ef2ffef5e4520070abc0401a4b546ac,
199,d6adb7d7-11fd-4351-a762-730a7fb1e92d,ACT,,,,,"The Weapons of Mass Destruction and their Delivery Systems (Prohibition of Unlawful Activities) Act, 2005",AC_CEN_10_10_00016_200521_1517807325143,2005,21,ACT,CENTRAL,,123456789/495947,,https://indiacode.gov.in/server/api/core/items/d6adb7d7-11fd-4351-a762-730a7fb1e92d,https://indiacode.gov.in/act/d6adb7d7-11fd-4351-a762-730a7fb1e92d,https://indiacode.gov.in/act/d6adb7d7-11fd-4351-a762-730a7fb1e92d/sections,https://indiacode.gov.in/act/d6adb7d7-11fd-4351-a762-730a7fb1e92d/schedules,5a4f575fee3e9acbe8e3654016c8ee330ef2ffef5e4520070abc0401a4b546ac,
200,d0782fd2-08ff-460c-86aa-6169485d61ac,ACT,,,,,"The Parel Investments and Trading Private Limited and Domestic Gas Private Limited (Taking Over of Management) Repeal Act, 2005",AC_CEN_32_0_00012_200514_1657789728848,2005,14,ACT,CENTRAL,0,123456789/496345,,https://indiacode.gov.in/server/api/core/items/d0782fd2-08ff-460c-86aa-6169485d61ac,https://indiacode.gov.in/act/d0782fd2-08ff-460c-86aa-6169485d61ac,https://indiacode.gov.in/act/d0782fd2-08ff-460c-86aa-6169485d61ac/sections,https://indiacode.gov.in/act/d0782fd2-08ff-460c-86aa-6169485d61ac/schedules,5a4f575fee3e9acbe8e3654016c8ee330ef2ffef5e4520070abc0401a4b546ac,
201,959aa480-f7b1-4335-91b1-37d81993adb1,ACT,,,,,"The National Commission for Minority Educational Institutes Act, 2004",AC_CEN_9_30_00003_200502_1517807320310,2005,2,ACT,CENTRAL,,123456789/496730,,https://indiacode.gov.in/server/api/core/items/959aa480-f7b1-4335-91b1-37d81993adb1,https://indiacode.gov.in/act/959aa480-f7b1-4335-91b1-37d81993adb1,https://indiacode.gov.in/act/959aa480-f7b1-4335-91b1-37d81993adb1/sections,https://indiacode.gov.in/act/959aa480-f7b1-4335-91b1-37d81993adb1/schedules,602216a04e54c8b02b6da061906d426a82ca4eb781385eb3eb55f4dc3aee84f1,
202,e6c9ad7f-9833-4859-b57a-95932bd128f1,ACT,,,,,"The Prevention of Terrorism (Repeal) Act, 2004",AC_CEN_5_23_00053_200426_1528449133329,2004,26,ACT,CENTRAL,0,123456789/496552,,https://indiacode.gov.in/server/api/core/items/e6c9ad7f-9833-4859-b57a-95932bd128f1,https://indiacode.gov.in/act/e6c9ad7f-9833-4859-b57a-95932bd128f1,https://indiacode.gov.in/act/e6c9ad7f-9833-4859-b57a-95932bd128f1/sections,https://indiacode.gov.in/act/e6c9ad7f-9833-4859-b57a-95932bd128f1/schedules,602216a04e54c8b02b6da061906d426a82ca4eb781385eb3eb55f4dc3aee84f1,
203,fe7be826-67e9-41e3-b9bb-c115aeba973d,ACT,,,,,"The Sick Industrial Companies (Special Provisions) Repeal Act, 2003",AC_CEN_2_11_00026_200401_1517807322103,2004,1,ACT,CENTRAL,,123456789/496243,,https://indiacode.gov.in/server/api/core/items/fe7be826-67e9-41e3-b9bb-c115aeba973d,https://indiacode.gov.in/act/fe7be826-67e9-41e3-b9bb-c115aeba973d,https://indiacode.gov.in/act/fe7be826-67e9-41e3-b9bb-c115aeba973d/sections,https://indiacode.gov.in/act/fe7be826-67e9-41e3-b9bb-c115aeba973d/schedules,602216a04e54c8b02b6da061906d426a82ca4eb781385eb3eb55f4dc3aee84f1,
204,5814863f-67bc-447d-93c1-a579c808e0a3,ACT,,,,,"The Industrial Development Bank (Transfer of Undertaking and Repeal) Act, 2003",AC_CEN_2_11_00048_200353_1517807326053,2003,53,ACT,CENTRAL,,123456789/496269,,https://indiacode.gov.in/server/api/core/items/5814863f-67bc-447d-93c1-a579c808e0a3,https://indiacode.gov.in/act/5814863f-67bc-447d-93c1-a579c808e0a3,https://indiacode.gov.in/act/5814863f-67bc-447d-93c1-a579c808e0a3/sections,https://indiacode.gov.in/act/5814863f-67bc-447d-93c1-a579c808e0a3/schedules,602216a04e54c8b02b6da061906d426a82ca4eb781385eb3eb55f4dc3aee84f1,
205,e08a301a-b8d0-4a6c-95d0-5299d5efef7e,ACT,,,,,"The Repatriation of Prisoners Act, 2003",AC_CEN_5_24_00018_200349_1517807324830,2003,49,ACT,CENTRAL,,123456789/496564,,https://indiacode.gov.in/server/api/core/items/e08a301a-b8d0-4a6c-95d0-5299d5efef7e,https://indiacode.gov.in/act/e08a301a-b8d0-4a6c-95d0-5299d5efef7e,https://indiacode.gov.in/act/e08a301a-b8d0-4a6c-95d0-5299d5efef7e/sections,https://indiacode.gov.in/act/e08a301a-b8d0-4a6c-95d0-5299d5efef7e/schedules,602216a04e54c8b02b6da061906d426a82ca4eb781385eb3eb55f4dc3aee84f1,
206,5ae4200f-f970-4b87-8e54-f0c67377970a,ACT,,,,,"The Central Vigilance Commission Act, 2003",AC_CEN_26_36_00005_200345_1517807323069,2003,45,ACT,CENTRAL,,123456789/496170,,https://indiacode.gov.in/server/api/core/items/5ae4200f-f970-4b87-8e54-f0c67377970a,https://indiacode.gov.in/act/5ae4200f-f970-4b87-8e54-f0c67377970a,https://indiacode.gov.in/act/5ae4200f-f970-4b87-8e54-f0c67377970a/sections,https://indiacode.gov.in/act/5ae4200f-f970-4b87-8e54-f0c67377970a/schedules,602216a04e54c8b02b6da061906d426a82ca4eb781385eb3eb55f4dc3aee84f1,
207,32798269-9214-4002-a646-9912c2b274af,ACT,,,,,"The Fiscal Responsibility and Budget Management Act, 2003",AC_CEN_2_11_00031_200339_1517807322918,2003,39,ACT,CENTRAL,,123456789/496251,,https://indiacode.gov.in/server/api/core/items/32798269-9214-4002-a646-9912c2b274af,https://indiacode.gov.in/act/32798269-9214-4002-a646-9912c2b274af,https://indiacode.gov.in/act/32798269-9214-4002-a646-9912c2b274af/sections,https://indiacode.gov.in/act/32798269-9214-4002-a646-9912c2b274af/schedules,602216a04e54c8b02b6da061906d426a82ca4eb781385eb3eb55f4dc3aee84f1,
208,9e67d1ba-388a-411d-8151-1162bfc61789,ACT,,,,,"The Electricity Act, 2003",AC_CEN_19_22_00001_200336_1517807317930,2003,36,ACT,CENTRAL,,123456789/496082,,https://indiacode.gov.in/server/api/core/items/9e67d1ba-388a-411d-8151-1162bfc61789,https://indiacode.gov.in/act/9e67d1ba-388a-411d-8151-1162bfc61789,https://indiacode.gov.in/act/9e67d1ba-388a-411d-8151-1162bfc61789/sections,https://indiacode.gov.in/act/9e67d1ba-388a-411d-8151-1162bfc61789/schedules,602216a04e54c8b02b6da061906d426a82ca4eb781385eb3eb55f4dc3aee84f1,
209,5e033e0b-3dba-411b-b35d-d2538f262eae,ACT,,,,,"The Cigarettes and Other Tobacco Products (Prohibition of Advertisement and Regulation of Trade and Commerce, Production, Supply and Distribution) Act, 2003",AC_CEN_12_13_00020_200334_1517807327289,2003,34,ACT,CENTRAL,,123456789/495982,,https://indiacode.gov.in/server/api/core/items/5e033e0b-3dba-411b-b35d-d2538f262eae,https://indiacode.gov.in/act/5e033e0b-3dba-411b-b35d-d2538f262eae,https://indiacode.gov.in/act/5e033e0b-3dba-411b-b35d-d2538f262eae/sections,https://indiacode.gov.in/act/5e033e0b-3dba-411b-b35d-d2538f262eae/schedules,602216a04e54c8b02b6da061906d426a82ca4eb781385eb3eb55f4dc3aee84f1,
210,000de0a3-39ce-4e18-85f0-0c51b4bdab5d,ACT,,,,,"The Biological Diversity Act, 2002",AC_CEN_16_18_000010_200318_1517807327125,2003,18,ACT,CENTRAL,,123456789/496021,,https://indiacode.gov.in/server/api/core/items/000de0a3-39ce-4e18-85f0-0c51b4bdab5d,https://indiacode.gov.in/act/000de0a3-39ce-4e18-85f0-0c51b4bdab5d,https://indiacode.gov.in/act/000de0a3-39ce-4e18-85f0-0c51b4bdab5d/sections,https://indiacode.gov.in/act/000de0a3-39ce-4e18-85f0-0c51b4bdab5d/schedules,602216a04e54c8b02b6da061906d426a82ca4eb781385eb3eb55f4dc3aee84f1,
211,1dac01fe-c3b4-4d72-8359-f2ed34193977,ACT,,,,,"The Offshore Areas Mineral (Development and Regulation) Act, 2002",AC_CEN_15_16_000010_200317_1517807327201,2003,17,ACT,CENTRAL,,123456789/496014,,https://indiacode.gov.in/server/api/core/items/1dac01fe-c3b4-4d72-8359-f2ed34193977,https://indiacode.gov.in/act/1dac01fe-c3b4-4d72-8359-f2ed34193977,https://indiacode.gov.in/act/1dac01fe-c3b4-4d72-8359-f2ed34193977/sections,https://indiacode.gov.in/act/1dac01fe-c3b4-4d72-8359-f2ed34193977/schedules,602216a04e54c8b02b6da061906d426a82ca4eb781385eb3eb55f4dc3aee84f1,
212,3babfe62-c9c8-49b3-8247-052834d2dfa4,ACT,,,,,"The Prevention of Money-Laundering Act, 2002",AC_CEN_2_2_00035_200315_1517807326550,2003,15,ACT,CENTRAL,,123456789/496293,,https://indiacode.gov.in/server/api/core/items/3babfe62-c9c8-49b3-8247-052834d2dfa4,https://indiacode.gov.in/act/3babfe62-c9c8-49b3-8247-052834d2dfa4,https://indiacode.gov.in/act/3babfe62-c9c8-49b3-8247-052834d2dfa4/sections,https://indiacode.gov.in/act/3babfe62-c9c8-49b3-8247-052834d2dfa4/schedules,602216a04e54c8b02b6da061906d426a82ca4eb781385eb3eb55f4dc3aee84f1,
213,f9656094-9c52-49ff-9982-77e44a1edb9b,ACT,,,,,"The Control of National Highways (Land and Traffic) Act, 2002",AC_CEN_30_42_00008_200313_1517807326137,2003,13,ACT,CENTRAL,,123456789/496339,,https://indiacode.gov.in/server/api/core/items/f9656094-9c52-49ff-9982-77e44a1edb9b,https://indiacode.gov.in/act/f9656094-9c52-49ff-9982-77e44a1edb9b,https://indiacode.gov.in/act/f9656094-9c52-49ff-9982-77e44a1edb9b/sections,https://indiacode.gov.in/act/f9656094-9c52-49ff-9982-77e44a1edb9b/schedules,602216a04e54c8b02b6da061906d426a82ca4eb781385eb3eb55f4dc3aee84f1,
214,679c33d2-a217-4e57-8e28-51dd4208371f,ACT,,,,,"The Competition Act, 2002",AC_CEN_22_29_00005_200312_1517807324781,2003,12,ACT,CENTRAL,,123456789/496125,,https://indiacode.gov.in/server/api/core/items/679c33d2-a217-4e57-8e28-51dd4208371f,https://indiacode.gov.in/act/679c33d2-a217-4e57-8e28-51dd4208371f,https://indiacode.gov.in/act/679c33d2-a217-4e57-8e28-51dd4208371f/sections,https://indiacode.gov.in/act/679c33d2-a217-4e57-8e28-51dd4208371f/schedules,602216a04e54c8b02b6da061906d426a82ca4eb781385eb3eb55f4dc3aee84f1,
215,0146b3b5-562d-4fba-9fc4-625f7c676b70,ACT,,,,,"The Suppression of Unlawful Acts Against Safety of Maritime Navigation and Fixed Platforms on Continental Shelf Act, 2002",AC_CEN_7_7_00006_200269_1517807324733,2002,69,ACT,CENTRAL,,123456789/496717,,https://indiacode.gov.in/server/api/core/items/0146b3b5-562d-4fba-9fc4-625f7c676b70,https://indiacode.gov.in/act/0146b3b5-562d-4fba-9fc4-625f7c676b70,https://indiacode.gov.in/act/0146b3b5-562d-4fba-9fc4-625f7c676b70/sections,https://indiacode.gov.in/act/0146b3b5-562d-4fba-9fc4-625f7c676b70/schedules,602216a04e54c8b02b6da061906d426a82ca4eb781385eb3eb55f4dc3aee84f1,
216,9616d898-1f3f-4d55-964e-6b16a641a096,ACT,,,,,"The Metro Railways (Operation and Maintenance) Act, 2002",AC_CEN_17_19_00020_200260_1517807324698,2002,60,ACT,CENTRAL,,123456789/496044,,https://indiacode.gov.in/server/api/core/items/9616d898-1f3f-4d55-964e-6b16a641a096,https://indiacode.gov.in/act/9616d898-1f3f-4d55-964e-6b16a641a096,https://indiacode.gov.in/act/9616d898-1f3f-4d55-964e-6b16a641a096/sections,https://indiacode.gov.in/act/9616d898-1f3f-4d55-964e-6b16a641a096/schedules,602216a04e54c8b02b6da061906d426a82ca4eb781385eb3eb55f4dc3aee84f1,
217,94877ed9-0ded-4eaa-9419-f75e853d0f56,ACT,,,,,"The Unit Trust of India (Transfer of Undertaking and Repeal) Act, 2002",AC_CEN_2_11_00012_200258_1517807319709,2002,58,ACT,CENTRAL,,123456789/496231,,https://indiacode.gov.in/server/api/core/items/94877ed9-0ded-4eaa-9419-f75e853d0f56,https://indiacode.gov.in/act/94877ed9-0ded-4eaa-9419-f75e853d0f56,https://indiacode.gov.in/act/94877ed9-0ded-4eaa-9419-f75e853d0f56/sections,https://indiacode.gov.in/act/94877ed9-0ded-4eaa-9419-f75e853d0f56/schedules,602216a04e54c8b02b6da061906d426a82ca4eb781385eb3eb55f4dc3aee84f1,
218,c0e184ad-4538-4520-8981-3bd47bb7f80e,ACT,,,,,"The Securitisation and Reconstruction of Financial Assets and Enforcement of Security Interest Act, 2002",AC_CEN_2_11_00037_200254_1517807324604,2002,54,ACT,CENTRAL,,123456789/496260,,https://indiacode.gov.in/server/api/core/items/c0e184ad-4538-4520-8981-3bd47bb7f80e,https://indiacode.gov.in/act/c0e184ad-4538-4520-8981-3bd47bb7f80e,https://indiacode.gov.in/act/c0e184ad-4538-4520-8981-3bd47bb7f80e/sections,https://indiacode.gov.in/act/c0e184ad-4538-4520-8981-3bd47bb7f80e/schedules,602216a04e54c8b02b6da061906d426a82ca4eb781385eb3eb55f4dc3aee84f1,
219,ee7cb94c-dce2-4705-aa04-56e7643425cc,ACT,,,,,"The Multi-State Co-operative Societies Act, 2002",AC_CEN_23_31_00003_200239_1517807323108,2002,39,ACT,CENTRAL,,123456789/496131,,https://indiacode.gov.in/server/api/core/items/ee7cb94c-dce2-4705-aa04-56e7643425cc,https://indiacode.gov.in/act/ee7cb94c-dce2-4705-aa04-56e7643425cc,https://indiacode.gov.in/act/ee7cb94c-dce2-4705-aa04-56e7643425cc/sections,https://indiacode.gov.in/act/ee7cb94c-dce2-4705-aa04-56e7643425cc/schedules,602216a04e54c8b02b6da061906d426a82ca4eb781385eb3eb55f4dc3aee84f1,
220,22583bfd-1628-474e-a507-8e62149773be,ACT,,,,,"The Foreign Aircraft (Exemption from Taxes and Duties on Fuel and Lubricants) Act, 2002",AC_CEN_36_56_00005_200236_1517807324544,2002,36,ACT,CENTRAL,,123456789/496368,,https://indiacode.gov.in/server/api/core/items/22583bfd-1628-474e-a507-8e62149773be,https://indiacode.gov.in/act/22583bfd-1628-474e-a507-8e62149773be,https://indiacode.gov.in/act/22583bfd-1628-474e-a507-8e62149773be/sections,https://indiacode.gov.in/act/22583bfd-1628-474e-a507-8e62149773be/schedules,602216a04e54c8b02b6da061906d426a82ca4eb781385eb3eb55f4dc3aee84f1,
221,e7028629-e2a3-4385-94fd-4f1c9b25b3b6,ACT,,,,,"The Haj Committee Act, 2002",AC_CEN_10_10_00011_200235_1517807322907,2002,35,ACT,CENTRAL,,123456789/495942,,https://indiacode.gov.in/server/api/core/items/e7028629-e2a3-4385-94fd-4f1c9b25b3b6,https://indiacode.gov.in/act/e7028629-e2a3-4385-94fd-4f1c9b25b3b6,https://indiacode.gov.in/act/e7028629-e2a3-4385-94fd-4f1c9b25b3b6/sections,https://indiacode.gov.in/act/e7028629-e2a3-4385-94fd-4f1c9b25b3b6/schedules,602216a04e54c8b02b6da061906d426a82ca4eb781385eb3eb55f4dc3aee84f1,
222,88d812cd-3c14-4c5c-943e-29e1fa8e8cf7,ACT,,,,,"The Delimitation Act, 2002",AC_CEN_3_20_00030_200233_1517807324510,2002,33,ACT,CENTRAL,,123456789/496405,,https://indiacode.gov.in/server/api/core/items/88d812cd-3c14-4c5c-943e-29e1fa8e8cf7,https://indiacode.gov.in/act/88d812cd-3c14-4c5c-943e-29e1fa8e8cf7,https://indiacode.gov.in/act/88d812cd-3c14-4c5c-943e-29e1fa8e8cf7/sections,https://indiacode.gov.in/act/88d812cd-3c14-4c5c-943e-29e1fa8e8cf7/schedules,602216a04e54c8b02b6da061906d426a82ca4eb781385eb3eb55f4dc3aee84f1,
223,66408705-b196-477f-9229-dc633f393a23,ACT,,,,,"The Protection of Plant Varieties and Farmers Rights Act, 2001",AC_CEN_23_31_00002_200153_1517807322692,2001,53,ACT,CENTRAL,,123456789/496130,,https://indiacode.gov.in/server/api/core/items/66408705-b196-477f-9229-dc633f393a23,https://indiacode.gov.in/act/66408705-b196-477f-9229-dc633f393a23,https://indiacode.gov.in/act/66408705-b196-477f-9229-dc633f393a23/sections,https://indiacode.gov.in/act/66408705-b196-477f-9229-dc633f393a23/schedules,602216a04e54c8b02b6da061906d426a82ca4eb781385eb3eb55f4dc3aee84f1,
224,7991cc58-aee1-408c-926f-066098863a39,ACT,,,,,"The Energy Conservation Act, 2001",AC_CEN_19_22_00003_200152_1517807324452,2001,52,ACT,CENTRAL,,123456789/496083,,https://indiacode.gov.in/server/api/core/items/7991cc58-aee1-408c-926f-066098863a39,https://indiacode.gov.in/act/7991cc58-aee1-408c-926f-066098863a39,https://indiacode.gov.in/act/7991cc58-aee1-408c-926f-066098863a39/sections,https://indiacode.gov.in/act/7991cc58-aee1-408c-926f-066098863a39/schedules,602216a04e54c8b02b6da061906d426a82ca4eb781385eb3eb55f4dc3aee84f1,
225,71f332c1-56b8-4a40-873a-d0ceaf89c169,ACT,,,,,"The Advocates' Welfare Fund Act, 2001",AC_CEN_3_46_00005_200145_1517807324391,2001,45,ACT,CENTRAL,,123456789/496494,,https://indiacode.gov.in/server/api/core/items/71f332c1-56b8-4a40-873a-d0ceaf89c169,https://indiacode.gov.in/act/71f332c1-56b8-4a40-873a-d0ceaf89c169,https://indiacode.gov.in/act/71f332c1-56b8-4a40-873a-d0ceaf89c169/sections,https://indiacode.gov.in/act/71f332c1-56b8-4a40-873a-d0ceaf89c169/schedules,602216a04e54c8b02b6da061906d426a82ca4eb781385eb3eb55f4dc3aee84f1,
226,303afb37-03d1-4f55-9ab9-cca9b042e8d1,ACT,,,,,"The Indian Council of World Affairs Act, 2001",AC_CEN_10_10_000010_200129_1517807322884,2001,29,ACT,CENTRAL,,123456789/495934,,https://indiacode.gov.in/server/api/core/items/303afb37-03d1-4f55-9ab9-cca9b042e8d1,https://indiacode.gov.in/act/303afb37-03d1-4f55-9ab9-cca9b042e8d1,https://indiacode.gov.in/act/303afb37-03d1-4f55-9ab9-cca9b042e8d1/sections,https://indiacode.gov.in/act/303afb37-03d1-4f55-9ab9-cca9b042e8d1/schedules,602216a04e54c8b02b6da061906d426a82ca4eb781385eb3eb55f4dc3aee84f1,
227,121e108b-46cb-414d-a35e-afe62c343cf9,ACT,,,,,"The Mizoram University Act, 2000",AC_CEN_9_30_00011_200008_1517807323818,2000,8,ACT,CENTRAL,,123456789/496737,,https://indiacode.gov.in/server/api/core/items/121e108b-46cb-414d-a35e-afe62c343cf9,https://indiacode.gov.in/act/121e108b-46cb-414d-a35e-afe62c343cf9,https://indiacode.gov.in/act/121e108b-46cb-414d-a35e-afe62c343cf9/sections,https://indiacode.gov.in/act/121e108b-46cb-414d-a35e-afe62c343cf9/schedules,602216a04e54c8b02b6da061906d426a82ca4eb781385eb3eb55f4dc3aee84f1,
228,17ba344e-b05a-4c7e-94b8-2acfa066ea29,ACT,,,,,"The Central Road and Infrastructure Fund Act, 2000",AC_CEN_30_42_00004_200054_1517807323465,2000,54,ACT,CENTRAL,,123456789/496336,,https://indiacode.gov.in/server/api/core/items/17ba344e-b05a-4c7e-94b8-2acfa066ea29,https://indiacode.gov.in/act/17ba344e-b05a-4c7e-94b8-2acfa066ea29,https://indiacode.gov.in/act/17ba344e-b05a-4c7e-94b8-2acfa066ea29/sections,https://indiacode.gov.in/act/17ba344e-b05a-4c7e-94b8-2acfa066ea29/schedules,602216a04e54c8b02b6da061906d426a82ca4eb781385eb3eb55f4dc3aee84f1,
229,8df61733-d8ce-4591-a8a6-87a9eeaa4c11,ACT,,,,,"The Coal India (Regulation of Transfers and Validation) Act, 2000",AC_CEN_8_8_00007_200045_1517807324022,2000,45,ACT,CENTRAL,,123456789/496724,,https://indiacode.gov.in/server/api/core/items/8df61733-d8ce-4591-a8a6-87a9eeaa4c11,https://indiacode.gov.in/act/8df61733-d8ce-4591-a8a6-87a9eeaa4c11,https://indiacode.gov.in/act/8df61733-d8ce-4591-a8a6-87a9eeaa4c11/sections,https://indiacode.gov.in/act/8df61733-d8ce-4591-a8a6-87a9eeaa4c11/schedules,602216a04e54c8b02b6da061906d426a82ca4eb781385eb3eb55f4dc3aee84f1,
230,44ab85ee-42a9-42c9-b714-91409e5cc2c2,ACT,,,,,"The Semiconductor Integrated Circuits Layout-Design Act, 2000",AC_CEN_45_75_00001_200037_1517807324048,2000,37,ACT,CENTRAL,,123456789/496510,,https://indiacode.gov.in/server/api/core/items/44ab85ee-42a9-42c9-b714-91409e5cc2c2,https://indiacode.gov.in/act/44ab85ee-42a9-42c9-b714-91409e5cc2c2,https://indiacode.gov.in/act/44ab85ee-42a9-42c9-b714-91409e5cc2c2/sections,https://indiacode.gov.in/act/44ab85ee-42a9-42c9-b714-91409e5cc2c2/schedules,602216a04e54c8b02b6da061906d426a82ca4eb781385eb3eb55f4dc3aee84f1,
231,42c84725-16b8-4ef5-bd24-042cc3aad6d2,ACT,,,,,"The Chemical Weapons Convention Act, 2000",AC_CEN_35_55_00002_200034_1517807323290,2000,34,ACT,CENTRAL,,123456789/496362,,https://indiacode.gov.in/server/api/core/items/42c84725-16b8-4ef5-bd24-042cc3aad6d2,https://indiacode.gov.in/act/42c84725-16b8-4ef5-bd24-042cc3aad6d2,https://indiacode.gov.in/act/42c84725-16b8-4ef5-bd24-042cc3aad6d2/sections,https://indiacode.gov.in/act/42c84725-16b8-4ef5-bd24-042cc3aad6d2/schedules,602216a04e54c8b02b6da061906d426a82ca4eb781385eb3eb55f4dc3aee84f1,
232,32449111-954a-4bf7-a2ab-b3b1e7cd3c21,ACT,,,,,"The Bihar Reorganisation Act, 2000",AC_CEN_5_5_00043_200030_1517807324285,2000,30,ACT,CENTRAL,,123456789/496624,,https://indiacode.gov.in/server/api/core/items/32449111-954a-4bf7-a2ab-b3b1e7cd3c21,https://indiacode.gov.in/act/32449111-954a-4bf7-a2ab-b3b1e7cd3c21,https://indiacode.gov.in/act/32449111-954a-4bf7-a2ab-b3b1e7cd3c21/sections,https://indiacode.gov.in/act/32449111-954a-4bf7-a2ab-b3b1e7cd3c21/schedules,602216a04e54c8b02b6da061906d426a82ca4eb781385eb3eb55f4dc3aee84f1,
233,6ba0e09c-52e8-4a64-9f5c-94bf88eff817,ACT,,,,,"The Madhya Pradesh Reorganisation Act, 2000",AC_CEN_5_5_00037_200028_1517807323263,2000,28,ACT,CENTRAL,,123456789/496620,,https://indiacode.gov.in/server/api/core/items/6ba0e09c-52e8-4a64-9f5c-94bf88eff817,https://indiacode.gov.in/act/6ba0e09c-52e8-4a64-9f5c-94bf88eff817,https://indiacode.gov.in/act/6ba0e09c-52e8-4a64-9f5c-94bf88eff817/sections,https://indiacode.gov.in/act/6ba0e09c-52e8-4a64-9f5c-94bf88eff817/schedules,602216a04e54c8b02b6da061906d426a82ca4eb781385eb3eb55f4dc3aee84f1,
234,615f169d-5aa3-4e13-b76d-3694b28908b0,ACT,,,,,"The Uttar Pradesh Reorganisation Act, 2000",AC_CEN_5_5_00044_200029_1517807324321,2000,29,ACT,CENTRAL,,123456789/496625,,https://indiacode.gov.in/server/api/core/items/615f169d-5aa3-4e13-b76d-3694b28908b0,https://indiacode.gov.in/act/615f169d-5aa3-4e13-b76d-3694b28908b0,https://indiacode.gov.in/act/615f169d-5aa3-4e13-b76d-3694b28908b0/sections,https://indiacode.gov.in/act/615f169d-5aa3-4e13-b76d-3694b28908b0/schedules,602216a04e54c8b02b6da061906d426a82ca4eb781385eb3eb55f4dc3aee84f1,
235,d41fe391-b9c0-40b1-afdc-ad034c7ac62f,ACT,,,,,"The Information Technology Act, 2000",AC_CEN_45_76_00001_200021_1517807324077,2000,21,ACT,CENTRAL,,123456789/496511,,https://indiacode.gov.in/server/api/core/items/d41fe391-b9c0-40b1-afdc-ad034c7ac62f,https://indiacode.gov.in/act/d41fe391-b9c0-40b1-afdc-ad034c7ac62f,https://indiacode.gov.in/act/d41fe391-b9c0-40b1-afdc-ad034c7ac62f/sections,https://indiacode.gov.in/act/d41fe391-b9c0-40b1-afdc-ad034c7ac62f/schedules,602216a04e54c8b02b6da061906d426a82ca4eb781385eb3eb55f4dc3aee84f1,
236,cd8f2852-7085-432b-a264-7b73a6f01fff,ACT,,,,,"The Designs Act, 2000",AC_CEN_11_61_00003_200016_1517807322629,2000,16,ACT,CENTRAL,,123456789/495965,,https://indiacode.gov.in/server/api/core/items/cd8f2852-7085-432b-a264-7b73a6f01fff,https://indiacode.gov.in/act/cd8f2852-7085-432b-a264-7b73a6f01fff,https://indiacode.gov.in/act/cd8f2852-7085-432b-a264-7b73a6f01fff/sections,https://indiacode.gov.in/act/cd8f2852-7085-432b-a264-7b73a6f01fff/schedules,602216a04e54c8b02b6da061906d426a82ca4eb781385eb3eb55f4dc3aee84f1,
237,1905d861-7dcd-46d6-a03b-4fe6009dea5b,ACT,,,,,"The Geographical Indications of Goods (Registration and Protection) Act, 1999",AC_CEN_11_60_00002_199948_1517807322766,1999,48,ACT,CENTRAL,,123456789/495960,,https://indiacode.gov.in/server/api/core/items/1905d861-7dcd-46d6-a03b-4fe6009dea5b,https://indiacode.gov.in/act/1905d861-7dcd-46d6-a03b-4fe6009dea5b,https://indiacode.gov.in/act/1905d861-7dcd-46d6-a03b-4fe6009dea5b/sections,https://indiacode.gov.in/act/1905d861-7dcd-46d6-a03b-4fe6009dea5b/schedules,602216a04e54c8b02b6da061906d426a82ca4eb781385eb3eb55f4dc3aee84f1,
238,62219d21-0553-405b-9ccb-a11b4d9c41c2,ACT,,,,,"The Trade Marks Act, 1999",AC_CEN_11_60_00004_199947_1517807323972,1999,47,ACT,CENTRAL,,123456789/495962,,https://indiacode.gov.in/server/api/core/items/62219d21-0553-405b-9ccb-a11b4d9c41c2,https://indiacode.gov.in/act/62219d21-0553-405b-9ccb-a11b4d9c41c2,https://indiacode.gov.in/act/62219d21-0553-405b-9ccb-a11b4d9c41c2/sections,https://indiacode.gov.in/act/62219d21-0553-405b-9ccb-a11b4d9c41c2/schedules,602216a04e54c8b02b6da061906d426a82ca4eb781385eb3eb55f4dc3aee84f1,
239,9a9012f9-f998-44f3-8a34-e9bfccfde7f2,ACT,,,,,"The National Trust for Welfare of Persons with Autism, Cerebral Palsy, Mental Retardation and Multiple Disabilities Act, 1999",AC_CEN_25_35_00004_199944_1517807323315,1999,44,ACT,CENTRAL,,123456789/496158,,https://indiacode.gov.in/server/api/core/items/9a9012f9-f998-44f3-8a34-e9bfccfde7f2,https://indiacode.gov.in/act/9a9012f9-f998-44f3-8a34-e9bfccfde7f2,https://indiacode.gov.in/act/9a9012f9-f998-44f3-8a34-e9bfccfde7f2/sections,https://indiacode.gov.in/act/9a9012f9-f998-44f3-8a34-e9bfccfde7f2/schedules,602216a04e54c8b02b6da061906d426a82ca4eb781385eb3eb55f4dc3aee84f1,
240,2f297648-84a2-493a-888a-9a642a31617f,ACT,,,,,"The Insurance Regulatory and Development Authority Act, 1999",AC_CEN_2_45_00001_199941_1517807320115,1999,41,ACT,CENTRAL,,123456789/496324,,https://indiacode.gov.in/server/api/core/items/2f297648-84a2-493a-888a-9a642a31617f,https://indiacode.gov.in/act/2f297648-84a2-493a-888a-9a642a31617f,https://indiacode.gov.in/act/2f297648-84a2-493a-888a-9a642a31617f/sections,https://indiacode.gov.in/act/2f297648-84a2-493a-888a-9a642a31617f/schedules,602216a04e54c8b02b6da061906d426a82ca4eb781385eb3eb55f4dc3aee84f1,
241,a972a617-5989-4b2c-a84f-617792137a57,ACT,,,,,"The Foreign Exchange Management Act, 1999",AC_CEN_2_45_00004_199942_1517807323986,1999,42,ACT,CENTRAL,,123456789/496326,,https://indiacode.gov.in/server/api/core/items/a972a617-5989-4b2c-a84f-617792137a57,https://indiacode.gov.in/act/a972a617-5989-4b2c-a84f-617792137a57,https://indiacode.gov.in/act/a972a617-5989-4b2c-a84f-617792137a57/sections,https://indiacode.gov.in/act/a972a617-5989-4b2c-a84f-617792137a57/schedules,602216a04e54c8b02b6da061906d426a82ca4eb781385eb3eb55f4dc3aee84f1,
242,8fcd7d19-5d59-49c4-aef8-723f283e78fe,ACT,,,,,"The Urban Land (Ceiling and Regulation) Repeal Act, 1999",AC_CEN_17_0_00036_1999_1657709827568,1999,15,ACT,CENTRAL,0,123456789/496032,,https://indiacode.gov.in/server/api/core/items/8fcd7d19-5d59-49c4-aef8-723f283e78fe,https://indiacode.gov.in/act/8fcd7d19-5d59-49c4-aef8-723f283e78fe,https://indiacode.gov.in/act/8fcd7d19-5d59-49c4-aef8-723f283e78fe/sections,https://indiacode.gov.in/act/8fcd7d19-5d59-49c4-aef8-723f283e78fe/schedules,602216a04e54c8b02b6da061906d426a82ca4eb781385eb3eb55f4dc3aee84f1,
243,7621229d-5b00-4ec8-854b-2d596cfcfae2,ACT,,,,,"The Leaders and Chief Whips of Recognised Parties and Groups in Parliament (Facilities) Act, 1998",AC_CEN_33_52_00004_199905_1517807323998,1999,5,ACT,CENTRAL,,123456789/496355,,https://indiacode.gov.in/server/api/core/items/7621229d-5b00-4ec8-854b-2d596cfcfae2,https://indiacode.gov.in/act/7621229d-5b00-4ec8-854b-2d596cfcfae2,https://indiacode.gov.in/act/7621229d-5b00-4ec8-854b-2d596cfcfae2/sections,https://indiacode.gov.in/act/7621229d-5b00-4ec8-854b-2d596cfcfae2/schedules,602216a04e54c8b02b6da061906d426a82ca4eb781385eb3eb55f4dc3aee84f1,
244,89a52a6c-100f-4def-90c7-b7b7eaf6dd03,ACT,,,,,"The Lotteries (Regulation) Act, 1998",AC_CEN_5_24_00017_199817_1517807323788,1998,17,ACT,CENTRAL,,123456789/496563,,https://indiacode.gov.in/server/api/core/items/89a52a6c-100f-4def-90c7-b7b7eaf6dd03,https://indiacode.gov.in/act/89a52a6c-100f-4def-90c7-b7b7eaf6dd03,https://indiacode.gov.in/act/89a52a6c-100f-4def-90c7-b7b7eaf6dd03/sections,https://indiacode.gov.in/act/89a52a6c-100f-4def-90c7-b7b7eaf6dd03/schedules,602216a04e54c8b02b6da061906d426a82ca4eb781385eb3eb55f4dc3aee84f1,
245,901c30be-f30a-4fa2-a35f-780597507e25,ACT,,,,,"The National Institutes of Pharmaceutical Education and Research Act, 1998",AC_CEN_12_72_00001_199813_1517807323357,1998,13,ACT,CENTRAL,,123456789/495994,,https://indiacode.gov.in/server/api/core/items/901c30be-f30a-4fa2-a35f-780597507e25,https://indiacode.gov.in/act/901c30be-f30a-4fa2-a35f-780597507e25,https://indiacode.gov.in/act/901c30be-f30a-4fa2-a35f-780597507e25/sections,https://indiacode.gov.in/act/901c30be-f30a-4fa2-a35f-780597507e25/schedules,602216a04e54c8b02b6da061906d426a82ca4eb781385eb3eb55f4dc3aee84f1,
246,6285b2fd-be67-44b8-bf0a-73c4a6b933a3,ACT,,,,,"The Dock Workers (Regulation of Employment) (Inapplicability to Major Ports) Act, 1997",AC_CEN_30_42_00003_199731_1517807322817,1997,31,ACT,CENTRAL,,123456789/496335,,https://indiacode.gov.in/server/api/core/items/6285b2fd-be67-44b8-bf0a-73c4a6b933a3,https://indiacode.gov.in/act/6285b2fd-be67-44b8-bf0a-73c4a6b933a3,https://indiacode.gov.in/act/6285b2fd-be67-44b8-bf0a-73c4a6b933a3/sections,https://indiacode.gov.in/act/6285b2fd-be67-44b8-bf0a-73c4a6b933a3/schedules,602216a04e54c8b02b6da061906d426a82ca4eb781385eb3eb55f4dc3aee84f1,
247,4f47b0e1-f5c7-412c-8a32-ee78b8b9fb67,ACT,,,,,"The Vice-President s Pension Act, 1997",AC_CEN_5_24_00015_199730_1517807323326,1997,30,ACT,CENTRAL,,123456789/496561,,https://indiacode.gov.in/server/api/core/items/4f47b0e1-f5c7-412c-8a32-ee78b8b9fb67,https://indiacode.gov.in/act/4f47b0e1-f5c7-412c-8a32-ee78b8b9fb67,https://indiacode.gov.in/act/4f47b0e1-f5c7-412c-8a32-ee78b8b9fb67/sections,https://indiacode.gov.in/act/4f47b0e1-f5c7-412c-8a32-ee78b8b9fb67/schedules,602216a04e54c8b02b6da061906d426a82ca4eb781385eb3eb55f4dc3aee84f1,
248,251f1253-3f04-4e4f-b599-b8e2b4e69d32,ACT,,,,,"The Telecom Regulatory Authority of India Act, 1997",AC_CEN_37_58_00002_199724_1517807323214,1997,24,ACT,CENTRAL,,123456789/496372,,https://indiacode.gov.in/server/api/core/items/251f1253-3f04-4e4f-b599-b8e2b4e69d32,https://indiacode.gov.in/act/251f1253-3f04-4e4f-b599-b8e2b4e69d32,https://indiacode.gov.in/act/251f1253-3f04-4e4f-b599-b8e2b4e69d32/sections,https://indiacode.gov.in/act/251f1253-3f04-4e4f-b599-b8e2b4e69d32/schedules,602216a04e54c8b02b6da061906d426a82ca4eb781385eb3eb55f4dc3aee84f1,
249,1c0c61fb-f6e8-4fad-bc56-57f5bfeb0509,ACT,,,,,"The Lalit Kala Akadami (Taking Over of Management) Act, 1997",AC_CEN_27_37_00003_199717_1517807320153,1997,17,ACT,CENTRAL,,123456789/496185,,https://indiacode.gov.in/server/api/core/items/1c0c61fb-f6e8-4fad-bc56-57f5bfeb0509,https://indiacode.gov.in/act/1c0c61fb-f6e8-4fad-bc56-57f5bfeb0509,https://indiacode.gov.in/act/1c0c61fb-f6e8-4fad-bc56-57f5bfeb0509/sections,https://indiacode.gov.in/act/1c0c61fb-f6e8-4fad-bc56-57f5bfeb0509/schedules,602216a04e54c8b02b6da061906d426a82ca4eb781385eb3eb55f4dc3aee84f1,
250,8b9dfd29-8851-4d78-82aa-63ea7362506e,ACT,,,,,"The Industrial Reconstruction Bank (Transfer of Undertakings and Repeal) Act, 1997",AC_CEN_2_33_00046_199707_1613368563388,1997,7,ACT,CENTRAL,0,123456789/496322,,https://indiacode.gov.in/server/api/core/items/8b9dfd29-8851-4d78-82aa-63ea7362506e,https://indiacode.gov.in/act/8b9dfd29-8851-4d78-82aa-63ea7362506e,https://indiacode.gov.in/act/8b9dfd29-8851-4d78-82aa-63ea7362506e/sections,https://indiacode.gov.in/act/8b9dfd29-8851-4d78-82aa-63ea7362506e/schedules,602216a04e54c8b02b6da061906d426a82ca4eb781385eb3eb55f4dc3aee84f1,
251,ec29fd87-68a4-498b-8959-fbb844590c4d,ACT,,,,,"The Maulana Azad National Urdu University Act, 1996",AC_CEN_9_30_00013_199702_1517807323852,1997,2,ACT,CENTRAL,,123456789/496739,,https://indiacode.gov.in/server/api/core/items/ec29fd87-68a4-498b-8959-fbb844590c4d,https://indiacode.gov.in/act/ec29fd87-68a4-498b-8959-fbb844590c4d,https://indiacode.gov.in/act/ec29fd87-68a4-498b-8959-fbb844590c4d/sections,https://indiacode.gov.in/act/ec29fd87-68a4-498b-8959-fbb844590c4d/schedules,602216a04e54c8b02b6da061906d426a82ca4eb781385eb3eb55f4dc3aee84f1,
252,e8f50796-8029-4d36-8ffc-d772b8e76cc4,ACT,,,,,"The Mahatma Gandhi Antarrashtriya Hindi Vishwavidyalaya Act, 1996",AC_CEN_9_30_00012_199703_1517807323841,1997,3,ACT,CENTRAL,,123456789/496738,,https://indiacode.gov.in/server/api/core/items/e8f50796-8029-4d36-8ffc-d772b8e76cc4,https://indiacode.gov.in/act/e8f50796-8029-4d36-8ffc-d772b8e76cc4,https://indiacode.gov.in/act/e8f50796-8029-4d36-8ffc-d772b8e76cc4/sections,https://indiacode.gov.in/act/e8f50796-8029-4d36-8ffc-d772b8e76cc4/schedules,602216a04e54c8b02b6da061906d426a82ca4eb781385eb3eb55f4dc3aee84f1,
253,e96c448d-cbaf-45ac-b984-408f82a0ca07,ACT,,,,,"The Provisions of the Panchayats (Extension to the Scheduled Areas) Act, 1996",AC_CEN_18_21_00007_199640_1517807323053,1996,40,ACT,CENTRAL,,123456789/496059,,https://indiacode.gov.in/server/api/core/items/e96c448d-cbaf-45ac-b984-408f82a0ca07,https://indiacode.gov.in/act/e96c448d-cbaf-45ac-b984-408f82a0ca07,https://indiacode.gov.in/act/e96c448d-cbaf-45ac-b984-408f82a0ca07/sections,https://indiacode.gov.in/act/e96c448d-cbaf-45ac-b984-408f82a0ca07/schedules,602216a04e54c8b02b6da061906d426a82ca4eb781385eb3eb55f4dc3aee84f1,
254,51601006-0e76-4a81-83ce-739f3a021112,ACT,,,,,"The Arbitration and Conciliation Act, 1996",AC_CEN_3_46_00004_199626_1517807323919,1996,26,ACT,CENTRAL,,123456789/496493,,https://indiacode.gov.in/server/api/core/items/51601006-0e76-4a81-83ce-739f3a021112,https://indiacode.gov.in/act/51601006-0e76-4a81-83ce-739f3a021112,https://indiacode.gov.in/act/51601006-0e76-4a81-83ce-739f3a021112/sections,https://indiacode.gov.in/act/51601006-0e76-4a81-83ce-739f3a021112/schedules,602216a04e54c8b02b6da061906d426a82ca4eb781385eb3eb55f4dc3aee84f1,
255,13dfba2f-b393-4c9f-acda-41edaf2b5de5,ACT,,,,,"The Depositories Act, 1996",AC_CEN_5_24_00013_199622_1517807323191,1996,22,ACT,CENTRAL,,123456789/496559,,https://indiacode.gov.in/server/api/core/items/13dfba2f-b393-4c9f-acda-41edaf2b5de5,https://indiacode.gov.in/act/13dfba2f-b393-4c9f-acda-41edaf2b5de5,https://indiacode.gov.in/act/13dfba2f-b393-4c9f-acda-41edaf2b5de5/sections,https://indiacode.gov.in/act/13dfba2f-b393-4c9f-acda-41edaf2b5de5/schedules,602216a04e54c8b02b6da061906d426a82ca4eb781385eb3eb55f4dc3aee84f1,
256,f0769d7b-32c3-44de-97b7-241a6817c4dc,ACT,,,,,"The Technology Development Board Act, 1995",AC_CEN_31_49_00001_199544_1517807320530,1995,44,ACT,CENTRAL,,123456789/496340,,https://indiacode.gov.in/server/api/core/items/f0769d7b-32c3-44de-97b7-241a6817c4dc,https://indiacode.gov.in/act/f0769d7b-32c3-44de-97b7-241a6817c4dc,https://indiacode.gov.in/act/f0769d7b-32c3-44de-97b7-241a6817c4dc/sections,https://indiacode.gov.in/act/f0769d7b-32c3-44de-97b7-241a6817c4dc/schedules,602216a04e54c8b02b6da061906d426a82ca4eb781385eb3eb55f4dc3aee84f1,
257,e5128127-f278-4fea-8343-4c03e1ec34a3,ACT,,,,,"The Unified Waqf Management, Empowerment, Efficiency and Development Act, 1995",AC_CEN_44_74_00001_199543_1517807323904,1995,43,ACT,CENTRAL,,123456789/496507,,https://indiacode.gov.in/server/api/core/items/e5128127-f278-4fea-8343-4c03e1ec34a3,https://indiacode.gov.in/act/e5128127-f278-4fea-8343-4c03e1ec34a3,https://indiacode.gov.in/act/e5128127-f278-4fea-8343-4c03e1ec34a3/sections,https://indiacode.gov.in/act/e5128127-f278-4fea-8343-4c03e1ec34a3/schedules,602216a04e54c8b02b6da061906d426a82ca4eb781385eb3eb55f4dc3aee84f1,
258,b6029ffb-365b-479e-9abf-27ef07d22d4a,ACT,,,,,"The Textile Undertakings (Nationalisation) Act, 1995",AC_CEN_20_25_00006_199539_1517807323431,1995,39,ACT,CENTRAL,,123456789/496097,,https://indiacode.gov.in/server/api/core/items/b6029ffb-365b-479e-9abf-27ef07d22d4a,https://indiacode.gov.in/act/b6029ffb-365b-479e-9abf-27ef07d22d4a,https://indiacode.gov.in/act/b6029ffb-365b-479e-9abf-27ef07d22d4a/sections,https://indiacode.gov.in/act/b6029ffb-365b-479e-9abf-27ef07d22d4a/schedules,602216a04e54c8b02b6da061906d426a82ca4eb781385eb3eb55f4dc3aee84f1,
259,9d689ed7-abb8-4d14-ae6c-5540a2383d1c,ACT,,,,,"The Cable Television Networks (Regulation) Act, 1995",AC_CEN_29_41_00006_199507_1517807323097,1995,7,ACT,CENTRAL,,123456789/496218,,https://indiacode.gov.in/server/api/core/items/9d689ed7-abb8-4d14-ae6c-5540a2383d1c,https://indiacode.gov.in/act/9d689ed7-abb8-4d14-ae6c-5540a2383d1c,https://indiacode.gov.in/act/9d689ed7-abb8-4d14-ae6c-5540a2383d1c/sections,https://indiacode.gov.in/act/9d689ed7-abb8-4d14-ae6c-5540a2383d1c/schedules,602216a04e54c8b02b6da061906d426a82ca4eb781385eb3eb55f4dc3aee84f1,
260,00f3def2-db71-4da4-8ea3-75476b826d91,ACT,,,,,"The Babasaheb Bhimrao Ambedkar University Act, 1994",AC_CEN_9_30_000010_199458_1517807323674,1994,58,ACT,CENTRAL,,123456789/496728,,https://indiacode.gov.in/server/api/core/items/00f3def2-db71-4da4-8ea3-75476b826d91,https://indiacode.gov.in/act/00f3def2-db71-4da4-8ea3-75476b826d91,https://indiacode.gov.in/act/00f3def2-db71-4da4-8ea3-75476b826d91/sections,https://indiacode.gov.in/act/00f3def2-db71-4da4-8ea3-75476b826d91/schedules,602216a04e54c8b02b6da061906d426a82ca4eb781385eb3eb55f4dc3aee84f1,
261,646d21a6-0e99-44ef-870d-fa54c6eda222,ACT,,,,,"The Pre-conception and Pre-natal Diagnostic Techniques (Prohibition of Sex Selection) Act, 1994",AC_CEN_12_13_00013_199457_1517807323443,1994,57,ACT,CENTRAL,,123456789/495976,,https://indiacode.gov.in/server/api/core/items/646d21a6-0e99-44ef-870d-fa54c6eda222,https://indiacode.gov.in/act/646d21a6-0e99-44ef-870d-fa54c6eda222,https://indiacode.gov.in/act/646d21a6-0e99-44ef-870d-fa54c6eda222/sections,https://indiacode.gov.in/act/646d21a6-0e99-44ef-870d-fa54c6eda222/schedules,602216a04e54c8b02b6da061906d426a82ca4eb781385eb3eb55f4dc3aee84f1,
262,7d410d32-b613-4265-b3c0-76932d82e935,ACT,,,,,"The Airports Authority of India Act, 1994",AC_CEN_36_56_00003_199455_1517807323698,1994,55,ACT,CENTRAL,,123456789/496367,,https://indiacode.gov.in/server/api/core/items/7d410d32-b613-4265-b3c0-76932d82e935,https://indiacode.gov.in/act/7d410d32-b613-4265-b3c0-76932d82e935,https://indiacode.gov.in/act/7d410d32-b613-4265-b3c0-76932d82e935/sections,https://indiacode.gov.in/act/7d410d32-b613-4265-b3c0-76932d82e935/schedules,602216a04e54c8b02b6da061906d426a82ca4eb781385eb3eb55f4dc3aee84f1,
263,95300673-1eda-4f38-91e9-7de69cc13adb,ACT,,,,,"The Punjab Municipal Corporation Law (Extension to Chandigarh) Act, 1994",AC_CEN_17_19_00012_199445_1517807322850,1994,45,ACT,CENTRAL,,123456789/496039,,https://indiacode.gov.in/server/api/core/items/95300673-1eda-4f38-91e9-7de69cc13adb,https://indiacode.gov.in/act/95300673-1eda-4f38-91e9-7de69cc13adb,https://indiacode.gov.in/act/95300673-1eda-4f38-91e9-7de69cc13adb/sections,https://indiacode.gov.in/act/95300673-1eda-4f38-91e9-7de69cc13adb/schedules,602216a04e54c8b02b6da061906d426a82ca4eb781385eb3eb55f4dc3aee84f1,
264,84bdbd58-bf1b-4000-a4a2-6cce41e8e475,ACT,,,,,"The New Delhi Municipal Council Act, 1994",AC_CEN_17_19_00017_199444_1517807323932,1994,44,ACT,CENTRAL,,123456789/496041,,https://indiacode.gov.in/server/api/core/items/84bdbd58-bf1b-4000-a4a2-6cce41e8e475,https://indiacode.gov.in/act/84bdbd58-bf1b-4000-a4a2-6cce41e8e475,https://indiacode.gov.in/act/84bdbd58-bf1b-4000-a4a2-6cce41e8e475/sections,https://indiacode.gov.in/act/84bdbd58-bf1b-4000-a4a2-6cce41e8e475/schedules,602216a04e54c8b02b6da061906d426a82ca4eb781385eb3eb55f4dc3aee84f1,
265,78b3c018-140d-41a2-a8d5-f40fbbaa97ce,ACT,,,,,"The Manipur Municipalities Act, 1994",AC_CEN_17_19_00016_199443_1517807323737,1994,43,ACT,CENTRAL,,123456789/496040,,https://indiacode.gov.in/server/api/core/items/78b3c018-140d-41a2-a8d5-f40fbbaa97ce,https://indiacode.gov.in/act/78b3c018-140d-41a2-a8d5-f40fbbaa97ce,https://indiacode.gov.in/act/78b3c018-140d-41a2-a8d5-f40fbbaa97ce/sections,https://indiacode.gov.in/act/78b3c018-140d-41a2-a8d5-f40fbbaa97ce/schedules,602216a04e54c8b02b6da061906d426a82ca4eb781385eb3eb55f4dc3aee84f1,
266,3ba50df5-0860-4188-93e3-8c709597cd5e,ACT,,,,,"The Transplantation of Human Organs and Tissues Act, 1994",AC_CEN_12_13_00014_199442_1517807323753,1994,42,ACT,CENTRAL,,123456789/495977,,https://indiacode.gov.in/server/api/core/items/3ba50df5-0860-4188-93e3-8c709597cd5e,https://indiacode.gov.in/act/3ba50df5-0860-4188-93e3-8c709597cd5e,https://indiacode.gov.in/act/3ba50df5-0860-4188-93e3-8c709597cd5e/sections,https://indiacode.gov.in/act/3ba50df5-0860-4188-93e3-8c709597cd5e/schedules,602216a04e54c8b02b6da061906d426a82ca4eb781385eb3eb55f4dc3aee84f1,
267,31af6619-0ad0-4bd8-ab46-d8fdd525e9ea,ACT,,,,,"The Manipur Panchayati Raj Act, 1994",AC_CEN_18_21_00005_199426_1517807320414,1994,26,ACT,CENTRAL,,123456789/496058,,https://indiacode.gov.in/server/api/core/items/31af6619-0ad0-4bd8-ab46-d8fdd525e9ea,https://indiacode.gov.in/act/31af6619-0ad0-4bd8-ab46-d8fdd525e9ea,https://indiacode.gov.in/act/31af6619-0ad0-4bd8-ab46-d8fdd525e9ea/sections,https://indiacode.gov.in/act/31af6619-0ad0-4bd8-ab46-d8fdd525e9ea/schedules,602216a04e54c8b02b6da061906d426a82ca4eb781385eb3eb55f4dc3aee84f1,
268,d6e9c3c9-5ac2-413f-90a9-0f49c462c648,ACT,,,,,"The Protection of Human Rights Act, 1993",AC_CEN_5_24_000010_199410_1517807322704,1994,10,ACT,CENTRAL,,123456789/496553,,https://indiacode.gov.in/server/api/core/items/d6e9c3c9-5ac2-413f-90a9-0f49c462c648,https://indiacode.gov.in/act/d6e9c3c9-5ac2-413f-90a9-0f49c462c648,https://indiacode.gov.in/act/d6e9c3c9-5ac2-413f-90a9-0f49c462c648/sections,https://indiacode.gov.in/act/d6e9c3c9-5ac2-413f-90a9-0f49c462c648/schedules,602216a04e54c8b02b6da061906d426a82ca4eb781385eb3eb55f4dc3aee84f1,
269,1a5d1a01-83cd-4fb3-90c0-0eb0d9dc8556,ACT,,,,,"The Kalakshetra Foundation Act, 1993",AC_CEN_27_37_00008_199406_1517807323777,1994,6,ACT,CENTRAL,,123456789/496189,,https://indiacode.gov.in/server/api/core/items/1a5d1a01-83cd-4fb3-90c0-0eb0d9dc8556,https://indiacode.gov.in/act/1a5d1a01-83cd-4fb3-90c0-0eb0d9dc8556,https://indiacode.gov.in/act/1a5d1a01-83cd-4fb3-90c0-0eb0d9dc8556/sections,https://indiacode.gov.in/act/1a5d1a01-83cd-4fb3-90c0-0eb0d9dc8556/schedules,602216a04e54c8b02b6da061906d426a82ca4eb781385eb3eb55f4dc3aee84f1,
270,9d86b880-cccb-4a10-9e90-5f562b668296,ACT,,,,,"The National Council for Teacher Education Act, 1993",AC_CEN_9_67_00001_199373_1517807322617,1993,73,ACT,CENTRAL,,123456789/496767,,https://indiacode.gov.in/server/api/core/items/9d86b880-cccb-4a10-9e90-5f562b668296,https://indiacode.gov.in/act/9d86b880-cccb-4a10-9e90-5f562b668296,https://indiacode.gov.in/act/9d86b880-cccb-4a10-9e90-5f562b668296/sections,https://indiacode.gov.in/act/9d86b880-cccb-4a10-9e90-5f562b668296/schedules,602216a04e54c8b02b6da061906d426a82ca4eb781385eb3eb55f4dc3aee84f1,
271,f551932a-6e7b-46e4-9c98-abfc37b1fc84,ACT,,,,,"The Public Records Act, 1993",AC_CEN_27_37_00007_199369_1517807323041,1993,69,ACT,CENTRAL,,123456789/496188,,https://indiacode.gov.in/server/api/core/items/f551932a-6e7b-46e4-9c98-abfc37b1fc84,https://indiacode.gov.in/act/f551932a-6e7b-46e4-9c98-abfc37b1fc84,https://indiacode.gov.in/act/f551932a-6e7b-46e4-9c98-abfc37b1fc84/sections,https://indiacode.gov.in/act/f551932a-6e7b-46e4-9c98-abfc37b1fc84/schedules,602216a04e54c8b02b6da061906d426a82ca4eb781385eb3eb55f4dc3aee84f1,
272,58cc23c4-0de8-4ab0-a258-0a9fada613b2,ACT,,,,,"The National Commission for Safai Karamcharis Act, 1993",AC_CEN_25_35_00003_199364_1517807322969,1993,64,ACT,CENTRAL,,123456789/496157,,https://indiacode.gov.in/server/api/core/items/58cc23c4-0de8-4ab0-a258-0a9fada613b2,https://indiacode.gov.in/act/58cc23c4-0de8-4ab0-a258-0a9fada613b2,https://indiacode.gov.in/act/58cc23c4-0de8-4ab0-a258-0a9fada613b2/sections,https://indiacode.gov.in/act/58cc23c4-0de8-4ab0-a258-0a9fada613b2/schedules,602216a04e54c8b02b6da061906d426a82ca4eb781385eb3eb55f4dc3aee84f1,
273,c56c865d-34f1-4793-a308-7068574fa887,ACT,,,,,"The Oil and Natural Gas Commission (Transfer of Undertaking and Repeal) Act, 1993",AC_CEN_32_50_00001_199365_1517807320596,1993,65,ACT,CENTRAL,,123456789/496346,,https://indiacode.gov.in/server/api/core/items/c56c865d-34f1-4793-a308-7068574fa887,https://indiacode.gov.in/act/c56c865d-34f1-4793-a308-7068574fa887,https://indiacode.gov.in/act/c56c865d-34f1-4793-a308-7068574fa887/sections,https://indiacode.gov.in/act/c56c865d-34f1-4793-a308-7068574fa887/schedules,602216a04e54c8b02b6da061906d426a82ca4eb781385eb3eb55f4dc3aee84f1,
274,703fcb7e-ff42-4ca7-86de-e701149ad002,ACT,,,,,"The Recovery Of Debts And Bankruptcy Act, 1993",AC_CEN_2_33_00045_199351_1524048948493,1993,51,ACT,CENTRAL,0,123456789/496321,,https://indiacode.gov.in/server/api/core/items/703fcb7e-ff42-4ca7-86de-e701149ad002,https://indiacode.gov.in/act/703fcb7e-ff42-4ca7-86de-e701149ad002,https://indiacode.gov.in/act/703fcb7e-ff42-4ca7-86de-e701149ad002/sections,https://indiacode.gov.in/act/703fcb7e-ff42-4ca7-86de-e701149ad002/schedules,602216a04e54c8b02b6da061906d426a82ca4eb781385eb3eb55f4dc3aee84f1,
275,7d6dca1c-ff38-4276-8402-ef83efa7f81a,ACT,,,,,"The Employment of Manual Scavengers and Construction of Dry Latrines (Prohibition) Act, 1993",AC_CEN_17_19_00003_199346_1517807319884,1993,46,ACT,CENTRAL,,123456789/496034,,https://indiacode.gov.in/server/api/core/items/7d6dca1c-ff38-4276-8402-ef83efa7f81a,https://indiacode.gov.in/act/7d6dca1c-ff38-4276-8402-ef83efa7f81a,https://indiacode.gov.in/act/7d6dca1c-ff38-4276-8402-ef83efa7f81a/sections,https://indiacode.gov.in/act/7d6dca1c-ff38-4276-8402-ef83efa7f81a/schedules,602216a04e54c8b02b6da061906d426a82ca4eb781385eb3eb55f4dc3aee84f1,
276,ebd2a584-e5c8-41a2-8a9f-60bedde9b15c,ACT,,,,,"The Tezpur University Act, 1993",AC_CEN_9_67_00002_199345_1517807323599,1993,45,ACT,CENTRAL,,123456789/496768,,https://indiacode.gov.in/server/api/core/items/ebd2a584-e5c8-41a2-8a9f-60bedde9b15c,https://indiacode.gov.in/act/ebd2a584-e5c8-41a2-8a9f-60bedde9b15c,https://indiacode.gov.in/act/ebd2a584-e5c8-41a2-8a9f-60bedde9b15c/sections,https://indiacode.gov.in/act/ebd2a584-e5c8-41a2-8a9f-60bedde9b15c/schedules,602216a04e54c8b02b6da061906d426a82ca4eb781385eb3eb55f4dc3aee84f1,
277,9e6563ea-5de2-4029-9371-0060d9db7fb7,ACT,,,,,"The Central Laws (Extension to Arunachal Pradesh) Act, 1993",AC_CEN_5_24_00016_199344_1517807323526,1993,44,ACT,CENTRAL,,123456789/496562,,https://indiacode.gov.in/server/api/core/items/9e6563ea-5de2-4029-9371-0060d9db7fb7,https://indiacode.gov.in/act/9e6563ea-5de2-4029-9371-0060d9db7fb7,https://indiacode.gov.in/act/9e6563ea-5de2-4029-9371-0060d9db7fb7/sections,https://indiacode.gov.in/act/9e6563ea-5de2-4029-9371-0060d9db7fb7/schedules,602216a04e54c8b02b6da061906d426a82ca4eb781385eb3eb55f4dc3aee84f1,
278,2fc81971-0296-4082-abd8-f23d4a1fc19b,ACT,,,,,"The SAARC Convention (Suppression of Terrorism) Act, 1993",AC_CEN_10_10_00012_199336_1517807323030,1993,36,ACT,CENTRAL,,123456789/495943,,https://indiacode.gov.in/server/api/core/items/2fc81971-0296-4082-abd8-f23d4a1fc19b,https://indiacode.gov.in/act/2fc81971-0296-4082-abd8-f23d4a1fc19b,https://indiacode.gov.in/act/2fc81971-0296-4082-abd8-f23d4a1fc19b/sections,https://indiacode.gov.in/act/2fc81971-0296-4082-abd8-f23d4a1fc19b/schedules,602216a04e54c8b02b6da061906d426a82ca4eb781385eb3eb55f4dc3aee84f1,
279,89b9cafa-b1aa-49f4-834c-b25b46890a90,ACT,,,,,"The Acquisition of Certain Area at Ayodhya Act, 1993",AC_CEN_5_24_00012_199333_1517807323180,1993,33,ACT,CENTRAL,,123456789/496558,,https://indiacode.gov.in/server/api/core/items/89b9cafa-b1aa-49f4-834c-b25b46890a90,https://indiacode.gov.in/act/89b9cafa-b1aa-49f4-834c-b25b46890a90,https://indiacode.gov.in/act/89b9cafa-b1aa-49f4-834c-b25b46890a90/sections,https://indiacode.gov.in/act/89b9cafa-b1aa-49f4-834c-b25b46890a90/schedules,602216a04e54c8b02b6da061906d426a82ca4eb781385eb3eb55f4dc3aee84f1,
280,73da0172-7028-46a8-a9ab-f5ac00f3b084,ACT,,,,,"The Industrial Finance Corporation (Transfer of Undertaking and Repeal) Act, 1993",AC_CEN_2_11_00022_199323_1517807321346,1993,23,ACT,CENTRAL,,123456789/496239,,https://indiacode.gov.in/server/api/core/items/73da0172-7028-46a8-a9ab-f5ac00f3b084,https://indiacode.gov.in/act/73da0172-7028-46a8-a9ab-f5ac00f3b084,https://indiacode.gov.in/act/73da0172-7028-46a8-a9ab-f5ac00f3b084/sections,https://indiacode.gov.in/act/73da0172-7028-46a8-a9ab-f5ac00f3b084/schedules,602216a04e54c8b02b6da061906d426a82ca4eb781385eb3eb55f4dc3aee84f1,
281,a84cf238-094c-4e9a-80cb-1cae27cbe44a,ACT,,,,,"The Multimodal Transportation of Goods Act, 1993",AC_CEN_7_7_00004_199328_1517807323277,1993,28,ACT,CENTRAL,,123456789/496716,,https://indiacode.gov.in/server/api/core/items/a84cf238-094c-4e9a-80cb-1cae27cbe44a,https://indiacode.gov.in/act/a84cf238-094c-4e9a-80cb-1cae27cbe44a,https://indiacode.gov.in/act/a84cf238-094c-4e9a-80cb-1cae27cbe44a/sections,https://indiacode.gov.in/act/a84cf238-094c-4e9a-80cb-1cae27cbe44a/schedules,602216a04e54c8b02b6da061906d426a82ca4eb781385eb3eb55f4dc3aee84f1,
282,bbe4e364-7032-4032-8bbe-96d7f3b3072a,ACT,,,,,"The Gold Bonds (Immunities and Exemptions) Act, 1993",AC_CEN_2_11_00034_199325_1517807323419,1993,25,ACT,CENTRAL,,123456789/496257,,https://indiacode.gov.in/server/api/core/items/bbe4e364-7032-4032-8bbe-96d7f3b3072a,https://indiacode.gov.in/act/bbe4e364-7032-4032-8bbe-96d7f3b3072a,https://indiacode.gov.in/act/bbe4e364-7032-4032-8bbe-96d7f3b3072a/sections,https://indiacode.gov.in/act/bbe4e364-7032-4032-8bbe-96d7f3b3072a/schedules,602216a04e54c8b02b6da061906d426a82ca4eb781385eb3eb55f4dc3aee84f1,
283,b2dfbbb5-da3c-4754-a9e4-ffa58a90d235,ACT,,,,,"The Infant Milk Substitutes, Feeding Bottles and Infant Foods (Regulation of Production, Supply and Distribution) Act, 1992",AC_CEN_13_14_00006_199241_1517807323765,1992,41,ACT,CENTRAL,,123456789/496005,,https://indiacode.gov.in/server/api/core/items/b2dfbbb5-da3c-4754-a9e4-ffa58a90d235,https://indiacode.gov.in/act/b2dfbbb5-da3c-4754-a9e4-ffa58a90d235,https://indiacode.gov.in/act/b2dfbbb5-da3c-4754-a9e4-ffa58a90d235/sections,https://indiacode.gov.in/act/b2dfbbb5-da3c-4754-a9e4-ffa58a90d235/schedules,602216a04e54c8b02b6da061906d426a82ca4eb781385eb3eb55f4dc3aee84f1,
284,ef6c7228-2bea-4ed1-9229-bb23cac16093,ACT,,,,,"The Central Agricultural University Act, 1992",AC_CEN_23_47_00001_199240_1517807320364,1992,40,ACT,CENTRAL,,123456789/496137,,https://indiacode.gov.in/server/api/core/items/ef6c7228-2bea-4ed1-9229-bb23cac16093,https://indiacode.gov.in/act/ef6c7228-2bea-4ed1-9229-bb23cac16093,https://indiacode.gov.in/act/ef6c7228-2bea-4ed1-9229-bb23cac16093/sections,https://indiacode.gov.in/act/ef6c7228-2bea-4ed1-9229-bb23cac16093/schedules,602216a04e54c8b02b6da061906d426a82ca4eb781385eb3eb55f4dc3aee84f1,
285,7f1a7ed4-5efa-4b73-83c8-a57eb6b32c38,ACT,,,,,"The Rehabilitation Council of India Act, 1992",AC_CEN_12_13_00015_199234_1517807323807,1992,34,ACT,CENTRAL,,123456789/495978,,https://indiacode.gov.in/server/api/core/items/7f1a7ed4-5efa-4b73-83c8-a57eb6b32c38,https://indiacode.gov.in/act/7f1a7ed4-5efa-4b73-83c8-a57eb6b32c38,https://indiacode.gov.in/act/7f1a7ed4-5efa-4b73-83c8-a57eb6b32c38/sections,https://indiacode.gov.in/act/7f1a7ed4-5efa-4b73-83c8-a57eb6b32c38/schedules,602216a04e54c8b02b6da061906d426a82ca4eb781385eb3eb55f4dc3aee84f1,
286,a49881dd-1dc3-4e0d-aa2a-bfdd6e0daf8a,ACT,,,,,"The Indo-Tibetan Border Police Force Act, 1992",AC_CEN_5_24_00011_199235_1517807323155,1992,35,ACT,CENTRAL,,123456789/496557,,https://indiacode.gov.in/server/api/core/items/a49881dd-1dc3-4e0d-aa2a-bfdd6e0daf8a,https://indiacode.gov.in/act/a49881dd-1dc3-4e0d-aa2a-bfdd6e0daf8a,https://indiacode.gov.in/act/a49881dd-1dc3-4e0d-aa2a-bfdd6e0daf8a/sections,https://indiacode.gov.in/act/a49881dd-1dc3-4e0d-aa2a-bfdd6e0daf8a/schedules,602216a04e54c8b02b6da061906d426a82ca4eb781385eb3eb55f4dc3aee84f1,
287,27e7b7f8-867e-411f-a217-f64893f895bd,ACT,,,,,"The Special Court (Trial of Offences Relating to Transactions in Securities) Act, 1992",AC_CEN_2_11_00036_199227_1517807323830,1992,27,ACT,CENTRAL,,123456789/496259,,https://indiacode.gov.in/server/api/core/items/27e7b7f8-867e-411f-a217-f64893f895bd,https://indiacode.gov.in/act/27e7b7f8-867e-411f-a217-f64893f895bd,https://indiacode.gov.in/act/27e7b7f8-867e-411f-a217-f64893f895bd/sections,https://indiacode.gov.in/act/27e7b7f8-867e-411f-a217-f64893f895bd/schedules,602216a04e54c8b02b6da061906d426a82ca4eb781385eb3eb55f4dc3aee84f1,
288,9abd854a-82e3-4ccc-9874-88ec62152fe7,ACT,,,,,"The Foreign Trade (Development and Regulation) Act, 1992",AC_CEN_11_60_00003_199222_1517807323477,1992,22,ACT,CENTRAL,,123456789/495961,,https://indiacode.gov.in/server/api/core/items/9abd854a-82e3-4ccc-9874-88ec62152fe7,https://indiacode.gov.in/act/9abd854a-82e3-4ccc-9874-88ec62152fe7,https://indiacode.gov.in/act/9abd854a-82e3-4ccc-9874-88ec62152fe7/sections,https://indiacode.gov.in/act/9abd854a-82e3-4ccc-9874-88ec62152fe7/schedules,602216a04e54c8b02b6da061906d426a82ca4eb781385eb3eb55f4dc3aee84f1,
289,57e02746-15fa-4eda-a728-5f0441b4cf52,ACT,,,,,"The National Commission for Minorities Act, 1992",AC_CEN_41_69_00001_199219_1517807322944,1992,19,ACT,CENTRAL,,123456789/496505,,https://indiacode.gov.in/server/api/core/items/57e02746-15fa-4eda-a728-5f0441b4cf52,https://indiacode.gov.in/act/57e02746-15fa-4eda-a728-5f0441b4cf52,https://indiacode.gov.in/act/57e02746-15fa-4eda-a728-5f0441b4cf52/sections,https://indiacode.gov.in/act/57e02746-15fa-4eda-a728-5f0441b4cf52/schedules,602216a04e54c8b02b6da061906d426a82ca4eb781385eb3eb55f4dc3aee84f1,
290,7764809b-dcfa-493e-b86e-fddfe8ceef8b,ACT,,,,,"The Cess and Other Taxes on Minerals (Validation) Act, 1992",AC_CEN_15_16_00003_199216_1517807322780,1992,16,ACT,CENTRAL,,123456789/496017,,https://indiacode.gov.in/server/api/core/items/7764809b-dcfa-493e-b86e-fddfe8ceef8b,https://indiacode.gov.in/act/7764809b-dcfa-493e-b86e-fddfe8ceef8b,https://indiacode.gov.in/act/7764809b-dcfa-493e-b86e-fddfe8ceef8b/sections,https://indiacode.gov.in/act/7764809b-dcfa-493e-b86e-fddfe8ceef8b/schedules,602216a04e54c8b02b6da061906d426a82ca4eb781385eb3eb55f4dc3aee84f1,
291,a646ef79-0891-473c-a048-eb6d37bb5555,ACT,,,,,"The Securities and Exchange Board of India Act, 1992",AC_CEN_2_11_00014_199215_1517807319932,1992,15,ACT,CENTRAL,,123456789/496232,,https://indiacode.gov.in/server/api/core/items/a646ef79-0891-473c-a048-eb6d37bb5555,https://indiacode.gov.in/act/a646ef79-0891-473c-a048-eb6d37bb5555,https://indiacode.gov.in/act/a646ef79-0891-473c-a048-eb6d37bb5555/sections,https://indiacode.gov.in/act/a646ef79-0891-473c-a048-eb6d37bb5555/schedules,602216a04e54c8b02b6da061906d426a82ca4eb781385eb3eb55f4dc3aee84f1,
292,f0ded170-cfb8-4363-bf75-14afce23bbf5,ACT,,,,,"The Destructive Insects and Pests (Amendment and Validation) Act, 1992.",AC_CEN_23_31_00012_199212_1673603282507,1992,12,ACT,CENTRAL,0,123456789/496135,,https://indiacode.gov.in/server/api/core/items/f0ded170-cfb8-4363-bf75-14afce23bbf5,https://indiacode.gov.in/act/f0ded170-cfb8-4363-bf75-14afce23bbf5,https://indiacode.gov.in/act/f0ded170-cfb8-4363-bf75-14afce23bbf5/sections,https://indiacode.gov.in/act/f0ded170-cfb8-4363-bf75-14afce23bbf5/schedules,602216a04e54c8b02b6da061906d426a82ca4eb781385eb3eb55f4dc3aee84f1,
293,3c86d484-7d1b-4194-9b03-b0e2060dd61c,ACT,,,,,"The Government of National Capital Territory of Delhi Act, 1991",AC_CEN_5_24_00014_199201_1517807323250,1992,1,ACT,CENTRAL,,123456789/496560,,https://indiacode.gov.in/server/api/core/items/3c86d484-7d1b-4194-9b03-b0e2060dd61c,https://indiacode.gov.in/act/3c86d484-7d1b-4194-9b03-b0e2060dd61c,https://indiacode.gov.in/act/3c86d484-7d1b-4194-9b03-b0e2060dd61c/sections,https://indiacode.gov.in/act/3c86d484-7d1b-4194-9b03-b0e2060dd61c/schedules,602216a04e54c8b02b6da061906d426a82ca4eb781385eb3eb55f4dc3aee84f1,
294,0cb5d60d-8345-4b83-a28b-70cf73b053a0,ACT,,,,,"The Places of Worship (Special Provisions) Act, 1991",AC_CEN_5_5_00036_199142_1517807323144,1991,42,ACT,CENTRAL,,123456789/496619,,https://indiacode.gov.in/server/api/core/items/0cb5d60d-8345-4b83-a28b-70cf73b053a0,https://indiacode.gov.in/act/0cb5d60d-8345-4b83-a28b-70cf73b053a0,https://indiacode.gov.in/act/0cb5d60d-8345-4b83-a28b-70cf73b053a0/sections,https://indiacode.gov.in/act/0cb5d60d-8345-4b83-a28b-70cf73b053a0/schedules,602216a04e54c8b02b6da061906d426a82ca4eb781385eb3eb55f4dc3aee84f1,
295,5b6a108a-8ba9-4fe4-b845-57d4ce356918,ACT,,,,,"The Remittances of Foreign Exchange and Investment in Foreign Exchange Bonds (Immunities and Exemptions) Act, 1991",AC_CEN_2_11_00017_199141_1517807320780,1991,41,ACT,CENTRAL,,123456789/496235,,https://indiacode.gov.in/server/api/core/items/5b6a108a-8ba9-4fe4-b845-57d4ce356918,https://indiacode.gov.in/act/5b6a108a-8ba9-4fe4-b845-57d4ce356918,https://indiacode.gov.in/act/5b6a108a-8ba9-4fe4-b845-57d4ce356918/sections,https://indiacode.gov.in/act/5b6a108a-8ba9-4fe4-b845-57d4ce356918/schedules,602216a04e54c8b02b6da061906d426a82ca4eb781385eb3eb55f4dc3aee84f1,
296,d51b1eb9-a3f8-4920-bcd1-00997c19c220,ACT,,,,,"The Public Liability Insurance Act, 1991",AC_CEN_16_18_00006_199106_1517807323502,1991,6,ACT,CENTRAL,,123456789/496025,,https://indiacode.gov.in/server/api/core/items/d51b1eb9-a3f8-4920-bcd1-00997c19c220,https://indiacode.gov.in/act/d51b1eb9-a3f8-4920-bcd1-00997c19c220,https://indiacode.gov.in/act/d51b1eb9-a3f8-4920-bcd1-00997c19c220/sections,https://indiacode.gov.in/act/d51b1eb9-a3f8-4920-bcd1-00997c19c220/schedules,602216a04e54c8b02b6da061906d426a82ca4eb781385eb3eb55f4dc3aee84f1,
297,5230093c-8085-48de-b18a-c72cc1580172,ACT,,,,,"The Prasar Bharati (Broadcasting Corporation of India) Act, 1990",AC_CEN_29_41_00005_199025_1517807323084,1990,25,ACT,CENTRAL,,123456789/496217,,https://indiacode.gov.in/server/api/core/items/5230093c-8085-48de-b18a-c72cc1580172,https://indiacode.gov.in/act/5230093c-8085-48de-b18a-c72cc1580172,https://indiacode.gov.in/act/5230093c-8085-48de-b18a-c72cc1580172/sections,https://indiacode.gov.in/act/5230093c-8085-48de-b18a-c72cc1580172/schedules,602216a04e54c8b02b6da061906d426a82ca4eb781385eb3eb55f4dc3aee84f1,
298,a15c889d-0991-416a-8843-7e3054954b22,ACT,,,,,"The Armed Forces (Jammu and Kashmir) Special Powers Act, 1990",AC_CEN_5_23_00016_199021_1517807323727,1990,21,ACT,CENTRAL,,123456789/496530,,https://indiacode.gov.in/server/api/core/items/a15c889d-0991-416a-8843-7e3054954b22,https://indiacode.gov.in/act/a15c889d-0991-416a-8843-7e3054954b22,https://indiacode.gov.in/act/a15c889d-0991-416a-8843-7e3054954b22/sections,https://indiacode.gov.in/act/a15c889d-0991-416a-8843-7e3054954b22/schedules,602216a04e54c8b02b6da061906d426a82ca4eb781385eb3eb55f4dc3aee84f1,
299,58485874-632a-4b44-af73-a9368993ecca,ACT,,,,,"The National Commission for Women Act, 1990",AC_CEN_13_14_00004_199020_1517807322756,1990,20,ACT,CENTRAL,,123456789/496003,,https://indiacode.gov.in/server/api/core/items/58485874-632a-4b44-af73-a9368993ecca,https://indiacode.gov.in/act/58485874-632a-4b44-af73-a9368993ecca,https://indiacode.gov.in/act/58485874-632a-4b44-af73-a9368993ecca/sections,https://indiacode.gov.in/act/58485874-632a-4b44-af73-a9368993ecca/schedules,602216a04e54c8b02b6da061906d426a82ca4eb781385eb3eb55f4dc3aee84f1,
300,98d35d00-9564-4632-b3fc-8b3cedd6c04a,ACT,,,,,"The Small Industries Development Bank of India Act, 1989",AC_CEN_2_11_00035_198939_1517807323587,1989,39,ACT,CENTRAL,,123456789/496258,,https://indiacode.gov.in/server/api/core/items/98d35d00-9564-4632-b3fc-8b3cedd6c04a,https://indiacode.gov.in/act/98d35d00-9564-4632-b3fc-8b3cedd6c04a,https://indiacode.gov.in/act/98d35d00-9564-4632-b3fc-8b3cedd6c04a/sections,https://indiacode.gov.in/act/98d35d00-9564-4632-b3fc-8b3cedd6c04a/schedules,602216a04e54c8b02b6da061906d426a82ca4eb781385eb3eb55f4dc3aee84f1,
301,37f5bbbd-1bac-4ae6-a644-0a5b0e714143,ACT,,,,,"The Nagaland University Act, 1989",AC_CEN_9_30_00008_198935_1517807322669,1989,35,ACT,CENTRAL,,123456789/496735,,https://indiacode.gov.in/server/api/core/items/37f5bbbd-1bac-4ae6-a644-0a5b0e714143,https://indiacode.gov.in/act/37f5bbbd-1bac-4ae6-a644-0a5b0e714143,https://indiacode.gov.in/act/37f5bbbd-1bac-4ae6-a644-0a5b0e714143/sections,https://indiacode.gov.in/act/37f5bbbd-1bac-4ae6-a644-0a5b0e714143/schedules,6f47df63fdbca4131157c09872725d083f2f83fe1253a4f8d9a50c59ebecdae1,
302,f9c8fb04-363a-4779-b628-0d9f9bb997e0,ACT,,,,,"The Scheduled Castes and the Scheduled Tribes (Prevention of Atrocities) Act, 1989",AC_CEN_25_35_00002_198933_1517807322896,1989,33,ACT,CENTRAL,,123456789/496156,,https://indiacode.gov.in/server/api/core/items/f9c8fb04-363a-4779-b628-0d9f9bb997e0,https://indiacode.gov.in/act/f9c8fb04-363a-4779-b628-0d9f9bb997e0,https://indiacode.gov.in/act/f9c8fb04-363a-4779-b628-0d9f9bb997e0/sections,https://indiacode.gov.in/act/f9c8fb04-363a-4779-b628-0d9f9bb997e0/schedules,6f47df63fdbca4131157c09872725d083f2f83fe1253a4f8d9a50c59ebecdae1,
303,594fe49d-409b-46a2-950c-9ff5471d28a7,ACT,,,,,"The Railways Act, 1989",AC_CEN_1_1_00003_198924_1517807322596,1989,24,ACT,CENTRAL,,123456789/496087,,https://indiacode.gov.in/server/api/core/items/594fe49d-409b-46a2-950c-9ff5471d28a7,https://indiacode.gov.in/act/594fe49d-409b-46a2-950c-9ff5471d28a7,https://indiacode.gov.in/act/594fe49d-409b-46a2-950c-9ff5471d28a7/sections,https://indiacode.gov.in/act/594fe49d-409b-46a2-950c-9ff5471d28a7/schedules,6f47df63fdbca4131157c09872725d083f2f83fe1253a4f8d9a50c59ebecdae1,
304,36ea1e95-ddcb-4dd3-ae0e-7efcac2af65a,ACT,,,,,"The Assam University Act, 1989",AC_CEN_9_30_00002_198923_1517807320208,1989,23,ACT,CENTRAL,,123456789/496729,,https://indiacode.gov.in/server/api/core/items/36ea1e95-ddcb-4dd3-ae0e-7efcac2af65a,https://indiacode.gov.in/act/36ea1e95-ddcb-4dd3-ae0e-7efcac2af65a,https://indiacode.gov.in/act/36ea1e95-ddcb-4dd3-ae0e-7efcac2af65a/sections,https://indiacode.gov.in/act/36ea1e95-ddcb-4dd3-ae0e-7efcac2af65a/schedules,6f47df63fdbca4131157c09872725d083f2f83fe1253a4f8d9a50c59ebecdae1,
305,d1ae8c24-480c-4495-b01c-3fbec0d5146b,ACT,,,,,"The National Highways Authority of India Act, 1988",AC_CEN_30_42_00007_198868_1517807326113,1988,68,ACT,CENTRAL,,123456789/496338,,https://indiacode.gov.in/server/api/core/items/d1ae8c24-480c-4495-b01c-3fbec0d5146b,https://indiacode.gov.in/act/d1ae8c24-480c-4495-b01c-3fbec0d5146b,https://indiacode.gov.in/act/d1ae8c24-480c-4495-b01c-3fbec0d5146b/sections,https://indiacode.gov.in/act/d1ae8c24-480c-4495-b01c-3fbec0d5146b/schedules,6f47df63fdbca4131157c09872725d083f2f83fe1253a4f8d9a50c59ebecdae1,
306,2bbbcc40-38f1-4b15-ae94-646b85db4ee7,ACT,,,,,"The Motor Vehicles Act, 1988",AC_CEN_30_42_00009_198859_1517807326286,1988,59,ACT,CENTRAL,,123456789/619305,,https://indiacode.gov.in/server/api/core/items/2bbbcc40-38f1-4b15-ae94-646b85db4ee7,https://indiacode.gov.in/act/2bbbcc40-38f1-4b15-ae94-646b85db4ee7,https://indiacode.gov.in/act/2bbbcc40-38f1-4b15-ae94-646b85db4ee7/sections,https://indiacode.gov.in/act/2bbbcc40-38f1-4b15-ae94-646b85db4ee7/schedules,6f47df63fdbca4131157c09872725d083f2f83fe1253a4f8d9a50c59ebecdae1,
307,3e6e8beb-d257-46db-869d-9a0d0cadab36,ACT,,,,,"The Jamia Millia Islamia Act, 1988",AC_CEN_9_30_00022_198858_1517807325657,1988,58,ACT,CENTRAL,,123456789/496748,,https://indiacode.gov.in/server/api/core/items/3e6e8beb-d257-46db-869d-9a0d0cadab36,https://indiacode.gov.in/act/3e6e8beb-d257-46db-869d-9a0d0cadab36,https://indiacode.gov.in/act/3e6e8beb-d257-46db-869d-9a0d0cadab36/sections,https://indiacode.gov.in/act/3e6e8beb-d257-46db-869d-9a0d0cadab36/schedules,6f47df63fdbca4131157c09872725d083f2f83fe1253a4f8d9a50c59ebecdae1,
308,42a8eab7-4de9-427a-8c0e-5e7aafc4052b,ACT,,,,,"The Auroville Foundation Act, 1988",AC_CEN_9_30_00021_198854_1517807325595,1988,54,ACT,CENTRAL,,123456789/496747,,https://indiacode.gov.in/server/api/core/items/42a8eab7-4de9-427a-8c0e-5e7aafc4052b,https://indiacode.gov.in/act/42a8eab7-4de9-427a-8c0e-5e7aafc4052b,https://indiacode.gov.in/act/42a8eab7-4de9-427a-8c0e-5e7aafc4052b/sections,https://indiacode.gov.in/act/42a8eab7-4de9-427a-8c0e-5e7aafc4052b/schedules,6f47df63fdbca4131157c09872725d083f2f83fe1253a4f8d9a50c59ebecdae1,
309,776f61ba-ac34-4014-879d-bb957e315c68,ACT,,,,,"The Labour Laws (Simplification of Procedure for Furnishing Returns and Maintaining Registers by certain Establishments) Act, 1988",AC_CEN_6_6_00028_198851_1517807324521,1988,51,ACT,CENTRAL,,123456789/496709,,https://indiacode.gov.in/server/api/core/items/776f61ba-ac34-4014-879d-bb957e315c68,https://indiacode.gov.in/act/776f61ba-ac34-4014-879d-bb957e315c68,https://indiacode.gov.in/act/776f61ba-ac34-4014-879d-bb957e315c68/sections,https://indiacode.gov.in/act/776f61ba-ac34-4014-879d-bb957e315c68/schedules,6f47df63fdbca4131157c09872725d083f2f83fe1253a4f8d9a50c59ebecdae1,
310,5b300920-4878-4e39-8d87-fa87d4953f09,ACT,,,,,"The Prevention of Corruption Act, 1988",AC_CEN_26_36_00001_198849_1517807318890,1988,49,ACT,CENTRAL,,123456789/496166,,https://indiacode.gov.in/server/api/core/items/5b300920-4878-4e39-8d87-fa87d4953f09,https://indiacode.gov.in/act/5b300920-4878-4e39-8d87-fa87d4953f09,https://indiacode.gov.in/act/5b300920-4878-4e39-8d87-fa87d4953f09/sections,https://indiacode.gov.in/act/5b300920-4878-4e39-8d87-fa87d4953f09/schedules,6f47df63fdbca4131157c09872725d083f2f83fe1253a4f8d9a50c59ebecdae1,
311,b1285a4c-1a83-467f-a988-e18b9b6269db,ACT,,,,,"The Prevention of Illicit Traffic in Narcotic Drugs and Psychotropic Substances Act, 1988",AC_CEN_2_2_00002_198846_1517807317905,1988,46,ACT,CENTRAL,,123456789/496278,,https://indiacode.gov.in/server/api/core/items/b1285a4c-1a83-467f-a988-e18b9b6269db,https://indiacode.gov.in/act/b1285a4c-1a83-467f-a988-e18b9b6269db,https://indiacode.gov.in/act/b1285a4c-1a83-467f-a988-e18b9b6269db/sections,https://indiacode.gov.in/act/b1285a4c-1a83-467f-a988-e18b9b6269db/schedules,6f47df63fdbca4131157c09872725d083f2f83fe1253a4f8d9a50c59ebecdae1,
312,05036056-7dcb-4aeb-9216-b8e1d2a16cdd,ACT,,,,,"The Prohibition of Benami Property Transactions Act, 1988",AC_CEN_2_2_00032_198845_1517807326369,1988,45,ACT,CENTRAL,,123456789/496290,,https://indiacode.gov.in/server/api/core/items/05036056-7dcb-4aeb-9216-b8e1d2a16cdd,https://indiacode.gov.in/act/05036056-7dcb-4aeb-9216-b8e1d2a16cdd,https://indiacode.gov.in/act/05036056-7dcb-4aeb-9216-b8e1d2a16cdd/sections,https://indiacode.gov.in/act/05036056-7dcb-4aeb-9216-b8e1d2a16cdd/schedules,6f47df63fdbca4131157c09872725d083f2f83fe1253a4f8d9a50c59ebecdae1,
313,2997f5b1-fca1-427c-98ce-7b8f3855e16d,ACT,,,,,"The Religious Institutions (Prevention of Misuse) Act, 1988",AC_CEN_5_24_00019_198841_1517807326149,1988,41,ACT,CENTRAL,,123456789/496565,,https://indiacode.gov.in/server/api/core/items/2997f5b1-fca1-427c-98ce-7b8f3855e16d,https://indiacode.gov.in/act/2997f5b1-fca1-427c-98ce-7b8f3855e16d,https://indiacode.gov.in/act/2997f5b1-fca1-427c-98ce-7b8f3855e16d/sections,https://indiacode.gov.in/act/2997f5b1-fca1-427c-98ce-7b8f3855e16d/schedules,6f47df63fdbca4131157c09872725d083f2f83fe1253a4f8d9a50c59ebecdae1,
314,cd4301ba-936b-4375-bf5d-48c86a0fa1dd,ACT,,,,,"The Special Protection Group Act, 1988",AC_CEN_26_79_00001_198834_1517807325970,1988,34,ACT,CENTRAL,,123456789/496177,,https://indiacode.gov.in/server/api/core/items/cd4301ba-936b-4375-bf5d-48c86a0fa1dd,https://indiacode.gov.in/act/cd4301ba-936b-4375-bf5d-48c86a0fa1dd,https://indiacode.gov.in/act/cd4301ba-936b-4375-bf5d-48c86a0fa1dd/sections,https://indiacode.gov.in/act/cd4301ba-936b-4375-bf5d-48c86a0fa1dd/schedules,6f47df63fdbca4131157c09872725d083f2f83fe1253a4f8d9a50c59ebecdae1,
315,7302ba32-9568-494d-b2fb-d4ef747eb242,ACT,,,,,"The Commission of Sati (Prevention ) Act, 1987",AC_CEN_9_17_00003_198803_1517807326065,1988,3,ACT,CENTRAL,,123456789/496727,,https://indiacode.gov.in/server/api/core/items/7302ba32-9568-494d-b2fb-d4ef747eb242,https://indiacode.gov.in/act/7302ba32-9568-494d-b2fb-d4ef747eb242,https://indiacode.gov.in/act/7302ba32-9568-494d-b2fb-d4ef747eb242/sections,https://indiacode.gov.in/act/7302ba32-9568-494d-b2fb-d4ef747eb242/schedules,6f47df63fdbca4131157c09872725d083f2f83fe1253a4f8d9a50c59ebecdae1,
316,8f5bc3ee-9512-42d2-b7f1-44b96fd30d1d,ACT,,,,,"The Chandigarh (Delegation of Powers) Act, 1987",AC_CEN_5_5_00031_198802_1517807321952,1988,2,ACT,CENTRAL,,123456789/496615,,https://indiacode.gov.in/server/api/core/items/8f5bc3ee-9512-42d2-b7f1-44b96fd30d1d,https://indiacode.gov.in/act/8f5bc3ee-9512-42d2-b7f1-44b96fd30d1d,https://indiacode.gov.in/act/8f5bc3ee-9512-42d2-b7f1-44b96fd30d1d/sections,https://indiacode.gov.in/act/8f5bc3ee-9512-42d2-b7f1-44b96fd30d1d/schedules,6f47df63fdbca4131157c09872725d083f2f83fe1253a4f8d9a50c59ebecdae1,
317,10b83141-6321-4d22-bd81-0065bf7b174d,ACT,,,,,"The National Housing Bank Act, 1987",AC_CEN_2_11_00053_198753_1517807327356,1987,53,ACT,CENTRAL,,123456789/496274,,https://indiacode.gov.in/server/api/core/items/10b83141-6321-4d22-bd81-0065bf7b174d,https://indiacode.gov.in/act/10b83141-6321-4d22-bd81-0065bf7b174d,https://indiacode.gov.in/act/10b83141-6321-4d22-bd81-0065bf7b174d/sections,https://indiacode.gov.in/act/10b83141-6321-4d22-bd81-0065bf7b174d/schedules,6f47df63fdbca4131157c09872725d083f2f83fe1253a4f8d9a50c59ebecdae1,
318,578b8db2-f94a-4d23-9e92-3ebd79532907,ACT,,,,,"The All India Council for Technical Education Act, 1987",AC_CEN_9_30_00029_198752_1517807327237,1987,52,ACT,CENTRAL,,123456789/496754,,https://indiacode.gov.in/server/api/core/items/578b8db2-f94a-4d23-9e92-3ebd79532907,https://indiacode.gov.in/act/578b8db2-f94a-4d23-9e92-3ebd79532907,https://indiacode.gov.in/act/578b8db2-f94a-4d23-9e92-3ebd79532907/sections,https://indiacode.gov.in/act/578b8db2-f94a-4d23-9e92-3ebd79532907/schedules,6f47df63fdbca4131157c09872725d083f2f83fe1253a4f8d9a50c59ebecdae1,
319,65a28318-51f3-4df4-8c48-f3c55f4165e8,ACT,,,,,"The Railway Claims Tribunal Act, 1987",AC_CEN_1_1_00006_198754_1517807325410,1987,54,ACT,CENTRAL,,123456789/496089,,https://indiacode.gov.in/server/api/core/items/65a28318-51f3-4df4-8c48-f3c55f4165e8,https://indiacode.gov.in/act/65a28318-51f3-4df4-8c48-f3c55f4165e8,https://indiacode.gov.in/act/65a28318-51f3-4df4-8c48-f3c55f4165e8/sections,https://indiacode.gov.in/act/65a28318-51f3-4df4-8c48-f3c55f4165e8/schedules,6f47df63fdbca4131157c09872725d083f2f83fe1253a4f8d9a50c59ebecdae1,
320,a742f03e-3129-4b8d-8dda-af2a36190b18,ACT,,,,,"The Legal Services Authorities Act, 1987",AC_CEN_3_46_00003_198739_1517807322718,1987,39,ACT,CENTRAL,,123456789/496492,,https://indiacode.gov.in/server/api/core/items/a742f03e-3129-4b8d-8dda-af2a36190b18,https://indiacode.gov.in/act/a742f03e-3129-4b8d-8dda-af2a36190b18,https://indiacode.gov.in/act/a742f03e-3129-4b8d-8dda-af2a36190b18/sections,https://indiacode.gov.in/act/a742f03e-3129-4b8d-8dda-af2a36190b18/schedules,6f47df63fdbca4131157c09872725d083f2f83fe1253a4f8d9a50c59ebecdae1,
321,79b63430-3c4d-4cf0-9488-736797b3f523,ACT,,,,,"The National Dairy Development Board Act, 1987",AC_CEN_23_62_00003_198737_1517807323001,1987,37,ACT,CENTRAL,,123456789/496144,,https://indiacode.gov.in/server/api/core/items/79b63430-3c4d-4cf0-9488-736797b3f523,https://indiacode.gov.in/act/79b63430-3c4d-4cf0-9488-736797b3f523,https://indiacode.gov.in/act/79b63430-3c4d-4cf0-9488-736797b3f523/sections,https://indiacode.gov.in/act/79b63430-3c4d-4cf0-9488-736797b3f523/schedules,6f47df63fdbca4131157c09872725d083f2f83fe1253a4f8d9a50c59ebecdae1,
322,897451b8-c670-413e-84b7-6835943a7dc9,ACT,,,,,"The Expenditure-tax Act, 1987",AC_CEN_2_2_00016_198735_1517807320073,1987,35,ACT,CENTRAL,,123456789/496284,,https://indiacode.gov.in/server/api/core/items/897451b8-c670-413e-84b7-6835943a7dc9,https://indiacode.gov.in/act/897451b8-c670-413e-84b7-6835943a7dc9,https://indiacode.gov.in/act/897451b8-c670-413e-84b7-6835943a7dc9/sections,https://indiacode.gov.in/act/897451b8-c670-413e-84b7-6835943a7dc9/schedules,6f47df63fdbca4131157c09872725d083f2f83fe1253a4f8d9a50c59ebecdae1,
323,1ca1ac57-680e-4069-ab85-7913bb772deb,ACT,,,,,"The Goa, Daman and Diu Reorganisation Act, 1987",AC_CEN_5_5_00003_198718_1517807317832,1987,18,ACT,CENTRAL,,123456789/496591,,https://indiacode.gov.in/server/api/core/items/1ca1ac57-680e-4069-ab85-7913bb772deb,https://indiacode.gov.in/act/1ca1ac57-680e-4069-ab85-7913bb772deb,https://indiacode.gov.in/act/1ca1ac57-680e-4069-ab85-7913bb772deb/sections,https://indiacode.gov.in/act/1ca1ac57-680e-4069-ab85-7913bb772deb/schedules,6f47df63fdbca4131157c09872725d083f2f83fe1253a4f8d9a50c59ebecdae1,
324,08833511-22c3-4f31-a798-977c62ee89ab,ACT,,,,,"The Goa, Daman and Diu Mining Concessions (Abolition and Declaration as Mining Leases) Act, 1987",AC_CEN_15_16_00001_198716_1517807317676,1987,16,ACT,CENTRAL,,123456789/496015,,https://indiacode.gov.in/server/api/core/items/08833511-22c3-4f31-a798-977c62ee89ab,https://indiacode.gov.in/act/08833511-22c3-4f31-a798-977c62ee89ab,https://indiacode.gov.in/act/08833511-22c3-4f31-a798-977c62ee89ab/sections,https://indiacode.gov.in/act/08833511-22c3-4f31-a798-977c62ee89ab/schedules,6f47df63fdbca4131157c09872725d083f2f83fe1253a4f8d9a50c59ebecdae1,
325,1c5dee95-5515-45c3-828f-b88441aae1cf,ACT,,,,,"The Jute Packaging Materials (Compulsory Use in Packing Commodities) Act, 1987",AC_CEN_20_25_00014_198710_1517807326889,1987,10,ACT,CENTRAL,,123456789/496102,,https://indiacode.gov.in/server/api/core/items/1c5dee95-5515-45c3-828f-b88441aae1cf,https://indiacode.gov.in/act/1c5dee95-5515-45c3-828f-b88441aae1cf,https://indiacode.gov.in/act/1c5dee95-5515-45c3-828f-b88441aae1cf/sections,https://indiacode.gov.in/act/1c5dee95-5515-45c3-828f-b88441aae1cf/schedules,6f47df63fdbca4131157c09872725d083f2f83fe1253a4f8d9a50c59ebecdae1,
326,c15ba3f9-a58c-4ca5-951c-9a80a5c32ae8,ACT,,,,,"The State of Arunachal Pradesh Act, 1986",AC_CEN_5_5_00055_198669_1517807327057,1986,69,ACT,CENTRAL,,123456789/496634,,https://indiacode.gov.in/server/api/core/items/c15ba3f9-a58c-4ca5-951c-9a80a5c32ae8,https://indiacode.gov.in/act/c15ba3f9-a58c-4ca5-951c-9a80a5c32ae8,https://indiacode.gov.in/act/c15ba3f9-a58c-4ca5-951c-9a80a5c32ae8/sections,https://indiacode.gov.in/act/c15ba3f9-a58c-4ca5-951c-9a80a5c32ae8/schedules,6f47df63fdbca4131157c09872725d083f2f83fe1253a4f8d9a50c59ebecdae1,
327,1fe940f9-b6ed-4d97-871c-587007b16632,ACT,,,,,"The Child and Adolescent Labour (Prohibition and Regulation) Act, 1986",AC_CEN_6_6_00034_198661_1517807326525,1986,61,ACT,CENTRAL,,123456789/496711,,https://indiacode.gov.in/server/api/core/items/1fe940f9-b6ed-4d97-871c-587007b16632,https://indiacode.gov.in/act/1fe940f9-b6ed-4d97-871c-587007b16632,https://indiacode.gov.in/act/1fe940f9-b6ed-4d97-871c-587007b16632/sections,https://indiacode.gov.in/act/1fe940f9-b6ed-4d97-871c-587007b16632/schedules,6f47df63fdbca4131157c09872725d083f2f83fe1253a4f8d9a50c59ebecdae1,
328,5c67f47f-3f90-40dc-b281-15f6bcbcb693,ACT,,,,,"The Delhi Apartment Ownership Act, 1986",AC_CEN_17_19_00023_198658_1517807326406,1986,58,ACT,CENTRAL,,123456789/496046,,https://indiacode.gov.in/server/api/core/items/5c67f47f-3f90-40dc-b281-15f6bcbcb693,https://indiacode.gov.in/act/5c67f47f-3f90-40dc-b281-15f6bcbcb693,https://indiacode.gov.in/act/5c67f47f-3f90-40dc-b281-15f6bcbcb693/sections,https://indiacode.gov.in/act/5c67f47f-3f90-40dc-b281-15f6bcbcb693/schedules,6f47df63fdbca4131157c09872725d083f2f83fe1253a4f8d9a50c59ebecdae1,
329,83d3ceb7-2a62-4f96-9fb2-c7e6f04989ad,ACT,,,,,"The Indecent Representation of Women (Prohibition) Act, 1986",AC_CEN_13_14_00007_198660_1517807324297,1986,60,ACT,CENTRAL,,123456789/496006,,https://indiacode.gov.in/server/api/core/items/83d3ceb7-2a62-4f96-9fb2-c7e6f04989ad,https://indiacode.gov.in/act/83d3ceb7-2a62-4f96-9fb2-c7e6f04989ad,https://indiacode.gov.in/act/83d3ceb7-2a62-4f96-9fb2-c7e6f04989ad/sections,https://indiacode.gov.in/act/83d3ceb7-2a62-4f96-9fb2-c7e6f04989ad/schedules,6f47df63fdbca4131157c09872725d083f2f83fe1253a4f8d9a50c59ebecdae1,
330,0d4099a5-f608-4188-8889-60e9240d62e4,ACT,,,,,"The National Security Guard Act, 1986",AC_CEN_2_2_00037_198647_1517807326729,1986,47,ACT,CENTRAL,,123456789/496298,,https://indiacode.gov.in/server/api/core/items/0d4099a5-f608-4188-8889-60e9240d62e4,https://indiacode.gov.in/act/0d4099a5-f608-4188-8889-60e9240d62e4,https://indiacode.gov.in/act/0d4099a5-f608-4188-8889-60e9240d62e4/sections,https://indiacode.gov.in/act/0d4099a5-f608-4188-8889-60e9240d62e4/schedules,6f47df63fdbca4131157c09872725d083f2f83fe1253a4f8d9a50c59ebecdae1,
331,db6bcdb8-8214-443e-9936-011a92e05121,ACT,,,,,"The State of Mizoram Act, 1986",AC_CEN_5_5_00054_198634_1517807327034,1986,34,ACT,CENTRAL,,123456789/496633,,https://indiacode.gov.in/server/api/core/items/db6bcdb8-8214-443e-9936-011a92e05121,https://indiacode.gov.in/act/db6bcdb8-8214-443e-9936-011a92e05121,https://indiacode.gov.in/act/db6bcdb8-8214-443e-9936-011a92e05121/sections,https://indiacode.gov.in/act/db6bcdb8-8214-443e-9936-011a92e05121/schedules,6f47df63fdbca4131157c09872725d083f2f83fe1253a4f8d9a50c59ebecdae1,
332,aa409465-69a4-4ce0-9abf-6e3a797e6a57,ACT,,,,,"The Swadeshi Cotton Mills Company Limited (Acquisition and Transfer of Undertakings) Act, 1986",AC_CEN_20_25_00015_198630_1517807327189,1986,30,ACT,CENTRAL,,123456789/496103,,https://indiacode.gov.in/server/api/core/items/aa409465-69a4-4ce0-9abf-6e3a797e6a57,https://indiacode.gov.in/act/aa409465-69a4-4ce0-9abf-6e3a797e6a57,https://indiacode.gov.in/act/aa409465-69a4-4ce0-9abf-6e3a797e6a57/sections,https://indiacode.gov.in/act/aa409465-69a4-4ce0-9abf-6e3a797e6a57/schedules,6f47df63fdbca4131157c09872725d083f2f83fe1253a4f8d9a50c59ebecdae1,
333,10eea11f-bfda-41d0-b8dc-58176e704613,ACT,,,,,"The Environment (Protection) Act, 1986",AC_CEN_16_18_00011_198629_1517807327582,1986,29,ACT,CENTRAL,,123456789/496029,,https://indiacode.gov.in/server/api/core/items/10eea11f-bfda-41d0-b8dc-58176e704613,https://indiacode.gov.in/act/10eea11f-bfda-41d0-b8dc-58176e704613,https://indiacode.gov.in/act/10eea11f-bfda-41d0-b8dc-58176e704613/sections,https://indiacode.gov.in/act/10eea11f-bfda-41d0-b8dc-58176e704613/schedules,6f47df63fdbca4131157c09872725d083f2f83fe1253a4f8d9a50c59ebecdae1,
334,7badcd70-5205-4a77-a8e5-636c11f9dce4,ACT,,,,,"The Coal Mines Labour Welfare Fund (Repeal) Act, 1986",AC_CEN_15_16_00009_198627_1517807326828,1986,27,ACT,CENTRAL,,123456789/496018,,https://indiacode.gov.in/server/api/core/items/7badcd70-5205-4a77-a8e5-636c11f9dce4,https://indiacode.gov.in/act/7badcd70-5205-4a77-a8e5-636c11f9dce4,https://indiacode.gov.in/act/7badcd70-5205-4a77-a8e5-636c11f9dce4/sections,https://indiacode.gov.in/act/7badcd70-5205-4a77-a8e5-636c11f9dce4/schedules,6f47df63fdbca4131157c09872725d083f2f83fe1253a4f8d9a50c59ebecdae1,
335,d5200a55-74ad-4693-9e63-fb94c700c6d5,ACT,,,,,"The Muslim Women (Protection of Rights on Divorce) Act, 1986",AC_CEN_3_20_00034_198625_1517807327331,1986,25,ACT,CENTRAL,,123456789/496412,,https://indiacode.gov.in/server/api/core/items/d5200a55-74ad-4693-9e63-fb94c700c6d5,https://indiacode.gov.in/act/d5200a55-74ad-4693-9e63-fb94c700c6d5,https://indiacode.gov.in/act/d5200a55-74ad-4693-9e63-fb94c700c6d5/sections,https://indiacode.gov.in/act/d5200a55-74ad-4693-9e63-fb94c700c6d5/schedules,6f47df63fdbca4131157c09872725d083f2f83fe1253a4f8d9a50c59ebecdae1,
336,52eb2930-b224-42b3-afc0-88d7fd15bbc5,ACT,,,,,"The Spices Board Act, 1986",AC_CEN_11_12_00009_198610_1517807327250,1986,10,ACT,CENTRAL,,123456789/495956,,https://indiacode.gov.in/server/api/core/items/52eb2930-b224-42b3-afc0-88d7fd15bbc5,https://indiacode.gov.in/act/52eb2930-b224-42b3-afc0-88d7fd15bbc5,https://indiacode.gov.in/act/52eb2930-b224-42b3-afc0-88d7fd15bbc5/sections,https://indiacode.gov.in/act/52eb2930-b224-42b3-afc0-88d7fd15bbc5/schedules,6f47df63fdbca4131157c09872725d083f2f83fe1253a4f8d9a50c59ebecdae1,
337,8e2118cd-1d0e-4258-ba8e-773e6eb3f449,ACT,,,,,"The Agricultural and Processed Food Products Export Development Authority Act, 1985",AC_CEN_39_65_00004_198602_1517807326779,1986,2,ACT,CENTRAL,,123456789/496385,,https://indiacode.gov.in/server/api/core/items/8e2118cd-1d0e-4258-ba8e-773e6eb3f449,https://indiacode.gov.in/act/8e2118cd-1d0e-4258-ba8e-773e6eb3f449,https://indiacode.gov.in/act/8e2118cd-1d0e-4258-ba8e-773e6eb3f449/sections,https://indiacode.gov.in/act/8e2118cd-1d0e-4258-ba8e-773e6eb3f449/schedules,6f47df63fdbca4131157c09872725d083f2f83fe1253a4f8d9a50c59ebecdae1,
338,9bc530bf-1943-47ff-a618-741c520366c5,ACT,,,,,"The Inland Waterways Authority of India Act, 1985",AC_CEN_2_2_00036_198582_1517807326680,1985,82,ACT,CENTRAL,,123456789/496295,,https://indiacode.gov.in/server/api/core/items/9bc530bf-1943-47ff-a618-741c520366c5,https://indiacode.gov.in/act/9bc530bf-1943-47ff-a618-741c520366c5,https://indiacode.gov.in/act/9bc530bf-1943-47ff-a618-741c520366c5/sections,https://indiacode.gov.in/act/9bc530bf-1943-47ff-a618-741c520366c5/schedules,6f47df63fdbca4131157c09872725d083f2f83fe1253a4f8d9a50c59ebecdae1,
339,fe1456eb-e02e-41f2-8338-f134677bbe99,ACT,,,,,"The Narcotic Drugs and Psychotropic Substances Act, 1985",AC_CEN_2_2_00029_198561_1517807326222,1985,61,ACT,CENTRAL,,123456789/496289,,https://indiacode.gov.in/server/api/core/items/fe1456eb-e02e-41f2-8338-f134677bbe99,https://indiacode.gov.in/act/fe1456eb-e02e-41f2-8338-f134677bbe99,https://indiacode.gov.in/act/fe1456eb-e02e-41f2-8338-f134677bbe99/sections,https://indiacode.gov.in/act/fe1456eb-e02e-41f2-8338-f134677bbe99/schedules,6f47df63fdbca4131157c09872725d083f2f83fe1253a4f8d9a50c59ebecdae1,
340,28b5ba9c-3774-48d0-aa00-6bacf6d80f5e,ACT,,,,,"The Intelligence Organisations (Restriction of Rights) Act, 1985",AC_CEN_39_65_00003_198558_1517807326430,1985,58,ACT,CENTRAL,,123456789/496384,,https://indiacode.gov.in/server/api/core/items/28b5ba9c-3774-48d0-aa00-6bacf6d80f5e,https://indiacode.gov.in/act/28b5ba9c-3774-48d0-aa00-6bacf6d80f5e,https://indiacode.gov.in/act/28b5ba9c-3774-48d0-aa00-6bacf6d80f5e/sections,https://indiacode.gov.in/act/28b5ba9c-3774-48d0-aa00-6bacf6d80f5e/schedules,6f47df63fdbca4131157c09872725d083f2f83fe1253a4f8d9a50c59ebecdae1,
341,23baa7b3-d030-4bb9-b398-a0de9dcc4dfe,ACT,,,,,"The Judges (Protection) Act, 1985",AC_CEN_3_3_00020_198559_1517807326718,1985,59,ACT,CENTRAL,,123456789/496478,,https://indiacode.gov.in/server/api/core/items/23baa7b3-d030-4bb9-b398-a0de9dcc4dfe,https://indiacode.gov.in/act/23baa7b3-d030-4bb9-b398-a0de9dcc4dfe,https://indiacode.gov.in/act/23baa7b3-d030-4bb9-b398-a0de9dcc4dfe/sections,https://indiacode.gov.in/act/23baa7b3-d030-4bb9-b398-a0de9dcc4dfe/schedules,6f47df63fdbca4131157c09872725d083f2f83fe1253a4f8d9a50c59ebecdae1,
342,8525eb49-1b41-4cca-ba50-3011de375b30,ACT,,,,,"The Pondicherry University Act, 1985",AC_CEN_9_30_00025_198553_1517807326790,1985,53,ACT,CENTRAL,,123456789/496750,,https://indiacode.gov.in/server/api/core/items/8525eb49-1b41-4cca-ba50-3011de375b30,https://indiacode.gov.in/act/8525eb49-1b41-4cca-ba50-3011de375b30,https://indiacode.gov.in/act/8525eb49-1b41-4cca-ba50-3011de375b30/sections,https://indiacode.gov.in/act/8525eb49-1b41-4cca-ba50-3011de375b30/schedules,6f47df63fdbca4131157c09872725d083f2f83fe1253a4f8d9a50c59ebecdae1,
343,2548fff7-11ee-42d3-ad36-46ef5472c5a8,ACT,,,,,"The Indira Gandhi National Open University Act, 1985",AC_CEN_9_30_00020_198550_1517807325539,1985,50,ACT,CENTRAL,,123456789/496746,,https://indiacode.gov.in/server/api/core/items/2548fff7-11ee-42d3-ad36-46ef5472c5a8,https://indiacode.gov.in/act/2548fff7-11ee-42d3-ad36-46ef5472c5a8,https://indiacode.gov.in/act/2548fff7-11ee-42d3-ad36-46ef5472c5a8/sections,https://indiacode.gov.in/act/2548fff7-11ee-42d3-ad36-46ef5472c5a8/schedules,6f47df63fdbca4131157c09872725d083f2f83fe1253a4f8d9a50c59ebecdae1,
344,39f01dfb-5fe2-4e20-bdd4-44c3cb74a2f7,ACT,,,,,"The Handlooms (Reservation of Articles for Production) Act, 1985",AC_CEN_20_25_00013_198522_1517807326816,1985,22,ACT,CENTRAL,,123456789/496101,,https://indiacode.gov.in/server/api/core/items/39f01dfb-5fe2-4e20-bdd4-44c3cb74a2f7,https://indiacode.gov.in/act/39f01dfb-5fe2-4e20-bdd4-44c3cb74a2f7,https://indiacode.gov.in/act/39f01dfb-5fe2-4e20-bdd4-44c3cb74a2f7/sections,https://indiacode.gov.in/act/39f01dfb-5fe2-4e20-bdd4-44c3cb74a2f7/schedules,6f47df63fdbca4131157c09872725d083f2f83fe1253a4f8d9a50c59ebecdae1,
345,a6857502-67ef-42d0-910b-81938238c5a8,ACT,,,,,"The Bhopal Gas Leak Disaster (Processing of Claims) Act, 1985",AC_CEN_26_36_00012_198521_1517807326754,1985,21,ACT,CENTRAL,,123456789/496175,,https://indiacode.gov.in/server/api/core/items/a6857502-67ef-42d0-910b-81938238c5a8,https://indiacode.gov.in/act/a6857502-67ef-42d0-910b-81938238c5a8,https://indiacode.gov.in/act/a6857502-67ef-42d0-910b-81938238c5a8/sections,https://indiacode.gov.in/act/a6857502-67ef-42d0-910b-81938238c5a8/schedules,6f47df63fdbca4131157c09872725d083f2f83fe1253a4f8d9a50c59ebecdae1,
346,c15355a2-6cab-4fdb-99db-ebccf7ac5250,ACT,,,,,"The Administrative Tribunals Act, 1985",AC_CEN_26_36_000010_198513_1517807325572,1985,13,ACT,CENTRAL,,123456789/496165,,https://indiacode.gov.in/server/api/core/items/c15355a2-6cab-4fdb-99db-ebccf7ac5250,https://indiacode.gov.in/act/c15355a2-6cab-4fdb-99db-ebccf7ac5250,https://indiacode.gov.in/act/c15355a2-6cab-4fdb-99db-ebccf7ac5250/sections,https://indiacode.gov.in/act/c15355a2-6cab-4fdb-99db-ebccf7ac5250/schedules,6f47df63fdbca4131157c09872725d083f2f83fe1253a4f8d9a50c59ebecdae1,
347,b1f1bad0-aa3a-4c01-952c-fb8d39c34a88,ACT,,,,,"The Calcutta Metro Railway (Operation and Maintenance) Temporary Provisions Act, 1985",AC_CEN_17_19_00025_198510_1517807326841,1985,10,ACT,CENTRAL,,123456789/496048,,https://indiacode.gov.in/server/api/core/items/b1f1bad0-aa3a-4c01-952c-fb8d39c34a88,https://indiacode.gov.in/act/b1f1bad0-aa3a-4c01-952c-fb8d39c34a88,https://indiacode.gov.in/act/b1f1bad0-aa3a-4c01-952c-fb8d39c34a88/sections,https://indiacode.gov.in/act/b1f1bad0-aa3a-4c01-952c-fb8d39c34a88/schedules,6f47df63fdbca4131157c09872725d083f2f83fe1253a4f8d9a50c59ebecdae1,
348,2c5d824a-d6e1-49a5-9db1-4d8f39d719e8,ACT,,,,,"The National Capital Region Planning Board Act, 1985",AC_CEN_17_19_00024_198502_1517807326741,1985,2,ACT,CENTRAL,,123456789/496047,,https://indiacode.gov.in/server/api/core/items/2c5d824a-d6e1-49a5-9db1-4d8f39d719e8,https://indiacode.gov.in/act/2c5d824a-d6e1-49a5-9db1-4d8f39d719e8,https://indiacode.gov.in/act/2c5d824a-d6e1-49a5-9db1-4d8f39d719e8/sections,https://indiacode.gov.in/act/2c5d824a-d6e1-49a5-9db1-4d8f39d719e8/schedules,6f47df63fdbca4131157c09872725d083f2f83fe1253a4f8d9a50c59ebecdae1,
349,8f5c7a57-7f5a-4e35-b2f2-fa0cf56947fe,ACT,,,,,"The Family Courts Act, 1984",AC_CEN_3_3_00019_198466_1517807326692,1984,66,ACT,CENTRAL,,123456789/496477,,https://indiacode.gov.in/server/api/core/items/8f5c7a57-7f5a-4e35-b2f2-fa0cf56947fe,https://indiacode.gov.in/act/8f5c7a57-7f5a-4e35-b2f2-fa0cf56947fe,https://indiacode.gov.in/act/8f5c7a57-7f5a-4e35-b2f2-fa0cf56947fe/sections,https://indiacode.gov.in/act/8f5c7a57-7f5a-4e35-b2f2-fa0cf56947fe/schedules,6f47df63fdbca4131157c09872725d083f2f83fe1253a4f8d9a50c59ebecdae1,
350,0c6afe1e-5932-443a-a0e1-ffc69e6d8266,ACT,,,,,"The Terrorist Affected Areas (Special Courts) Act, 1984",AC_CEN_5_23_00024_198461_1517807326597,1984,61,ACT,CENTRAL,,123456789/496537,,https://indiacode.gov.in/server/api/core/items/0c6afe1e-5932-443a-a0e1-ffc69e6d8266,https://indiacode.gov.in/act/0c6afe1e-5932-443a-a0e1-ffc69e6d8266,https://indiacode.gov.in/act/0c6afe1e-5932-443a-a0e1-ffc69e6d8266/sections,https://indiacode.gov.in/act/0c6afe1e-5932-443a-a0e1-ffc69e6d8266/schedules,6f47df63fdbca4131157c09872725d083f2f83fe1253a4f8d9a50c59ebecdae1,
351,bc97d469-7d0b-42f9-96c8-8b6c1a5bf3ba,ACT,,,,,"The Indian Veterinary Council Act, 1984",AC_CEN_23_62_00005_198452_1517807325559,1984,52,ACT,CENTRAL,,123456789/496146,,https://indiacode.gov.in/server/api/core/items/bc97d469-7d0b-42f9-96c8-8b6c1a5bf3ba,https://indiacode.gov.in/act/bc97d469-7d0b-42f9-96c8-8b6c1a5bf3ba,https://indiacode.gov.in/act/bc97d469-7d0b-42f9-96c8-8b6c1a5bf3ba/sections,https://indiacode.gov.in/act/bc97d469-7d0b-42f9-96c8-8b6c1a5bf3ba/schedules,6f47df63fdbca4131157c09872725d083f2f83fe1253a4f8d9a50c59ebecdae1,
352,ea9f5093-95bf-4a8e-a963-0a13df303754,ACT,,,,,"The Inchek Tyres Limited and National Rubber Manufacturers Limited (Nationalisation) Act, 1984",AC_CEN_11_61_00004_198417_1517807326572,1984,17,ACT,CENTRAL,,123456789/495966,,https://indiacode.gov.in/server/api/core/items/ea9f5093-95bf-4a8e-a963-0a13df303754,https://indiacode.gov.in/act/ea9f5093-95bf-4a8e-a963-0a13df303754,https://indiacode.gov.in/act/ea9f5093-95bf-4a8e-a963-0a13df303754/sections,https://indiacode.gov.in/act/ea9f5093-95bf-4a8e-a963-0a13df303754/schedules,6f47df63fdbca4131157c09872725d083f2f83fe1253a4f8d9a50c59ebecdae1,
353,f4e797e8-db71-41ea-a100-3a1bc2e70b90,ACT,,,,,"The Asiatic Society Act, 1984",AC_CEN_27_37_00012_198405_1517807326040,1984,5,ACT,CENTRAL,,123456789/496192,,https://indiacode.gov.in/server/api/core/items/f4e797e8-db71-41ea-a100-3a1bc2e70b90,https://indiacode.gov.in/act/f4e797e8-db71-41ea-a100-3a1bc2e70b90,https://indiacode.gov.in/act/f4e797e8-db71-41ea-a100-3a1bc2e70b90/sections,https://indiacode.gov.in/act/f4e797e8-db71-41ea-a100-3a1bc2e70b90/schedules,6f47df63fdbca4131157c09872725d083f2f83fe1253a4f8d9a50c59ebecdae1,
354,86c729f1-a26f-4e61-bd0f-6af03ae667ac,ACT,,,,,"The Prevention of Damage to Public Property Act, 1984",AC_CEN_5_23_00018_198403_1517807325229,1984,3,ACT,CENTRAL,,123456789/496532,,https://indiacode.gov.in/server/api/core/items/86c729f1-a26f-4e61-bd0f-6af03ae667ac,https://indiacode.gov.in/act/86c729f1-a26f-4e61-bd0f-6af03ae667ac,https://indiacode.gov.in/act/86c729f1-a26f-4e61-bd0f-6af03ae667ac/sections,https://indiacode.gov.in/act/86c729f1-a26f-4e61-bd0f-6af03ae667ac/schedules,6f47df63fdbca4131157c09872725d083f2f83fe1253a4f8d9a50c59ebecdae1,
355,79be739a-bf02-4a2d-be3a-b81fd102f01d,ACT,,,,,"The Public Financial Institutions (Obligation as to Fidelity and Secrecy) Act, 1983",AC_CEN_2_11_00051_198348_1517807326456,1983,48,ACT,CENTRAL,,123456789/496272,,https://indiacode.gov.in/server/api/core/items/79be739a-bf02-4a2d-be3a-b81fd102f01d,https://indiacode.gov.in/act/79be739a-bf02-4a2d-be3a-b81fd102f01d,https://indiacode.gov.in/act/79be739a-bf02-4a2d-be3a-b81fd102f01d/sections,https://indiacode.gov.in/act/79be739a-bf02-4a2d-be3a-b81fd102f01d/schedules,6f47df63fdbca4131157c09872725d083f2f83fe1253a4f8d9a50c59ebecdae1,
356,caa5ed7d-463d-47fa-83ee-6a4ee3208482,ACT,,,,,"The Illegal Migrants (Determination by Tribunals) Act, 1983",AC_CEN_5_23_00021_198339_1517807325421,1983,39,ACT,CENTRAL,,123456789/496535,,https://indiacode.gov.in/server/api/core/items/caa5ed7d-463d-47fa-83ee-6a4ee3208482,https://indiacode.gov.in/act/caa5ed7d-463d-47fa-83ee-6a4ee3208482,https://indiacode.gov.in/act/caa5ed7d-463d-47fa-83ee-6a4ee3208482/sections,https://indiacode.gov.in/act/caa5ed7d-463d-47fa-83ee-6a4ee3208482/schedules,6f47df63fdbca4131157c09872725d083f2f83fe1253a4f8d9a50c59ebecdae1,
357,d5bb1e9a-1b1a-4b4a-967d-eb8db50a6e68,ACT,,,,,"The Chandigarh Disturbed Areas Act, 1983",AC_CEN_5_5_00048_198333_1517807325584,1983,33,ACT,CENTRAL,,123456789/496628,,https://indiacode.gov.in/server/api/core/items/d5bb1e9a-1b1a-4b4a-967d-eb8db50a6e68,https://indiacode.gov.in/act/d5bb1e9a-1b1a-4b4a-967d-eb8db50a6e68,https://indiacode.gov.in/act/d5bb1e9a-1b1a-4b4a-967d-eb8db50a6e68/sections,https://indiacode.gov.in/act/d5bb1e9a-1b1a-4b4a-967d-eb8db50a6e68/schedules,6f47df63fdbca4131157c09872725d083f2f83fe1253a4f8d9a50c59ebecdae1,
358,c35575df-8d1a-4465-9450-6c8178d567cd,ACT,,,,,"The Armed Forces (Punjab and Chandigarh) Special Powers Act, 1983",AC_CEN_5_5_00050_198334_1517807326561,1983,34,ACT,CENTRAL,,123456789/496630,,https://indiacode.gov.in/server/api/core/items/c35575df-8d1a-4465-9450-6c8178d567cd,https://indiacode.gov.in/act/c35575df-8d1a-4465-9450-6c8178d567cd,https://indiacode.gov.in/act/c35575df-8d1a-4465-9450-6c8178d567cd/sections,https://indiacode.gov.in/act/c35575df-8d1a-4465-9450-6c8178d567cd/schedules,6f47df63fdbca4131157c09872725d083f2f83fe1253a4f8d9a50c59ebecdae1,
359,d2228e15-7a27-4a94-b601-686dc3bfea34,ACT,,,,,"The Punjab Disturbed Areas Act, 1983",AC_CEN_5_5_00049_198332_1517807325645,1983,32,ACT,CENTRAL,,123456789/496629,,https://indiacode.gov.in/server/api/core/items/d2228e15-7a27-4a94-b601-686dc3bfea34,https://indiacode.gov.in/act/d2228e15-7a27-4a94-b601-686dc3bfea34,https://indiacode.gov.in/act/d2228e15-7a27-4a94-b601-686dc3bfea34/sections,https://indiacode.gov.in/act/d2228e15-7a27-4a94-b601-686dc3bfea34/schedules,6f47df63fdbca4131157c09872725d083f2f83fe1253a4f8d9a50c59ebecdae1,
360,d09962b2-8844-4c8b-b700-949943b1f4fa,ACT,,,,,"The Emigration Act, 1983",AC_CEN_6_6_00032_198331_1517807325857,1983,31,ACT,CENTRAL,,123456789/496710,,https://indiacode.gov.in/server/api/core/items/d09962b2-8844-4c8b-b700-949943b1f4fa,https://indiacode.gov.in/act/d09962b2-8844-4c8b-b700-949943b1f4fa,https://indiacode.gov.in/act/d09962b2-8844-4c8b-b700-949943b1f4fa/sections,https://indiacode.gov.in/act/d09962b2-8844-4c8b-b700-949943b1f4fa/schedules,6f47df63fdbca4131157c09872725d083f2f83fe1253a4f8d9a50c59ebecdae1,
361,081e4d03-9706-4907-8d02-d42d3c2cad48,ACT,,,,,"The African Development Bank Act, 1983",AC_CEN_2_11_00044_198313_1517807325468,1983,13,ACT,CENTRAL,,123456789/496266,,https://indiacode.gov.in/server/api/core/items/081e4d03-9706-4907-8d02-d42d3c2cad48,https://indiacode.gov.in/act/081e4d03-9706-4907-8d02-d42d3c2cad48,https://indiacode.gov.in/act/081e4d03-9706-4907-8d02-d42d3c2cad48/sections,https://indiacode.gov.in/act/081e4d03-9706-4907-8d02-d42d3c2cad48/schedules,6f47df63fdbca4131157c09872725d083f2f83fe1253a4f8d9a50c59ebecdae1,
362,6d6dde3e-a6f4-4e7b-b00f-989e7988cb15,ACT,,,,,"The State Bank of Sikkim (Acquisition of Shares) and Miscellaneous Provisions Act, 1982",AC_CEN_2_11_00042_198262_1517807325433,1982,62,ACT,CENTRAL,,123456789/496264,,https://indiacode.gov.in/server/api/core/items/6d6dde3e-a6f4-4e7b-b00f-989e7988cb15,https://indiacode.gov.in/act/6d6dde3e-a6f4-4e7b-b00f-989e7988cb15,https://indiacode.gov.in/act/6d6dde3e-a6f4-4e7b-b00f-989e7988cb15/sections,https://indiacode.gov.in/act/6d6dde3e-a6f4-4e7b-b00f-989e7988cb15/schedules,6f47df63fdbca4131157c09872725d083f2f83fe1253a4f8d9a50c59ebecdae1,
363,a9fd1988-9a6c-44d1-a811-0161260c358f,ACT,,,,,"The Suppression of Unlawful Acts against Safety of Civil Aviation Act, 1982",AC_CEN_36_56_00008_198266_1517807325893,1982,66,ACT,CENTRAL,,123456789/496369,,https://indiacode.gov.in/server/api/core/items/a9fd1988-9a6c-44d1-a811-0161260c358f,https://indiacode.gov.in/act/a9fd1988-9a6c-44d1-a811-0161260c358f,https://indiacode.gov.in/act/a9fd1988-9a6c-44d1-a811-0161260c358f/sections,https://indiacode.gov.in/act/a9fd1988-9a6c-44d1-a811-0161260c358f/schedules,6f47df63fdbca4131157c09872725d083f2f83fe1253a4f8d9a50c59ebecdae1,
364,7761230d-2615-4a34-a12f-2dcde5fbdc5f,ACT,,,,,"The Governors (Emoluments, Allowances and Privileges) Act, 1982",AC_CEN_5_40_00008_198243_1517807326622,1982,43,ACT,CENTRAL,,123456789/496582,,https://indiacode.gov.in/server/api/core/items/7761230d-2615-4a34-a12f-2dcde5fbdc5f,https://indiacode.gov.in/act/7761230d-2615-4a34-a12f-2dcde5fbdc5f,https://indiacode.gov.in/act/7761230d-2615-4a34-a12f-2dcde5fbdc5f/sections,https://indiacode.gov.in/act/7761230d-2615-4a34-a12f-2dcde5fbdc5f/schedules,6f47df63fdbca4131157c09872725d083f2f83fe1253a4f8d9a50c59ebecdae1,
365,55c496a4-0dfa-43bc-9aa8-22e028b695a7,ACT,,,,,"The Chit Funds Act, 1982",AC_CEN_2_11_00050_198240_1517807326163,1982,40,ACT,CENTRAL,,123456789/496271,,https://indiacode.gov.in/server/api/core/items/55c496a4-0dfa-43bc-9aa8-22e028b695a7,https://indiacode.gov.in/act/55c496a4-0dfa-43bc-9aa8-22e028b695a7,https://indiacode.gov.in/act/55c496a4-0dfa-43bc-9aa8-22e028b695a7/sections,https://indiacode.gov.in/act/55c496a4-0dfa-43bc-9aa8-22e028b695a7/schedules,6f47df63fdbca4131157c09872725d083f2f83fe1253a4f8d9a50c59ebecdae1,
366,8ded9ed4-b50f-4d00-bc5c-c5e3cd676dec,ACT,,,,,"The Sugar Development Fund Act, 1982",AC_CEN_21_78_00002_198204_1517807325916,1982,4,ACT,CENTRAL,,123456789/496117,,https://indiacode.gov.in/server/api/core/items/8ded9ed4-b50f-4d00-bc5c-c5e3cd676dec,https://indiacode.gov.in/act/8ded9ed4-b50f-4d00-bc5c-c5e3cd676dec,https://indiacode.gov.in/act/8ded9ed4-b50f-4d00-bc5c-c5e3cd676dec/sections,https://indiacode.gov.in/act/8ded9ed4-b50f-4d00-bc5c-c5e3cd676dec/schedules,6f47df63fdbca4131157c09872725d083f2f83fe1253a4f8d9a50c59ebecdae1,
367,c59f7d4c-7b08-454e-9896-0482d5785213,ACT,,,,,"The African Development Fund Act, 1982",AC_CEN_2_11_00047_198201_1517807325869,1982,1,ACT,CENTRAL,,123456789/496268,,https://indiacode.gov.in/server/api/core/items/c59f7d4c-7b08-454e-9896-0482d5785213,https://indiacode.gov.in/act/c59f7d4c-7b08-454e-9896-0482d5785213,https://indiacode.gov.in/act/c59f7d4c-7b08-454e-9896-0482d5785213/sections,https://indiacode.gov.in/act/c59f7d4c-7b08-454e-9896-0482d5785213/schedules,6f47df63fdbca4131157c09872725d083f2f83fe1253a4f8d9a50c59ebecdae1,
368,8b1293d6-9144-4e40-aca5-b7aa96e748ca,ACT,,,,,"The National Bank for Agriculture and Rural Development Act, 1981",AC_CEN_23_57_00002_198161_1517807321872,1981,61,ACT,CENTRAL,,123456789/496142,,https://indiacode.gov.in/server/api/core/items/8b1293d6-9144-4e40-aca5-b7aa96e748ca,https://indiacode.gov.in/act/8b1293d6-9144-4e40-aca5-b7aa96e748ca,https://indiacode.gov.in/act/8b1293d6-9144-4e40-aca5-b7aa96e748ca/sections,https://indiacode.gov.in/act/8b1293d6-9144-4e40-aca5-b7aa96e748ca/schedules,6f47df63fdbca4131157c09872725d083f2f83fe1253a4f8d9a50c59ebecdae1,
369,0bc455c7-01cb-48e0-9cf9-123a5c95651b,ACT,,,,,"The Anti-Apartheid (United Nations Convention) Act, 1981",AC_CEN_10_10_00017_198148_1517807326608,1981,48,ACT,CENTRAL,,123456789/495948,,https://indiacode.gov.in/server/api/core/items/0bc455c7-01cb-48e0-9cf9-123a5c95651b,https://indiacode.gov.in/act/0bc455c7-01cb-48e0-9cf9-123a5c95651b,https://indiacode.gov.in/act/0bc455c7-01cb-48e0-9cf9-123a5c95651b/sections,https://indiacode.gov.in/act/0bc455c7-01cb-48e0-9cf9-123a5c95651b/schedules,6f47df63fdbca4131157c09872725d083f2f83fe1253a4f8d9a50c59ebecdae1,
370,cf9bb596-9202-4bcf-a048-5d3b8753b085,ACT,,,,,"The Maritime Zones of India (Regulation of Fishing by Foreign Vessels) Act, 1981",AC_CEN_23_62_00006_198142_1517807326538,1981,42,ACT,CENTRAL,,123456789/496148,,https://indiacode.gov.in/server/api/core/items/cf9bb596-9202-4bcf-a048-5d3b8753b085,https://indiacode.gov.in/act/cf9bb596-9202-4bcf-a048-5d3b8753b085,https://indiacode.gov.in/act/cf9bb596-9202-4bcf-a048-5d3b8753b085/sections,https://indiacode.gov.in/act/cf9bb596-9202-4bcf-a048-5d3b8753b085/schedules,6f47df63fdbca4131157c09872725d083f2f83fe1253a4f8d9a50c59ebecdae1,
371,6eb01cc7-daae-4932-a045-a57916b69201,ACT,,,,,"The Dalmia Dadri Cement Limited (Acquisition and Transfer of Undertakings) Act, 1981",AC_CEN_14_15_000010_198131_1517807325377,1981,31,ACT,CENTRAL,,123456789/496009,,https://indiacode.gov.in/server/api/core/items/6eb01cc7-daae-4932-a045-a57916b69201,https://indiacode.gov.in/act/6eb01cc7-daae-4932-a045-a57916b69201,https://indiacode.gov.in/act/6eb01cc7-daae-4932-a045-a57916b69201/sections,https://indiacode.gov.in/act/6eb01cc7-daae-4932-a045-a57916b69201/schedules,6f47df63fdbca4131157c09872725d083f2f83fe1253a4f8d9a50c59ebecdae1,
372,0630e234-d05e-49b9-806f-6555d8ad60af,ACT,,,,,"The Export-Import Bank of India Act, 1981",AC_CEN_2_11_00049_198128_1517807326088,1981,28,ACT,CENTRAL,,123456789/496270,,https://indiacode.gov.in/server/api/core/items/0630e234-d05e-49b9-806f-6555d8ad60af,https://indiacode.gov.in/act/0630e234-d05e-49b9-806f-6555d8ad60af,https://indiacode.gov.in/act/0630e234-d05e-49b9-806f-6555d8ad60af/sections,https://indiacode.gov.in/act/0630e234-d05e-49b9-806f-6555d8ad60af/schedules,6f47df63fdbca4131157c09872725d083f2f83fe1253a4f8d9a50c59ebecdae1,
373,64999139-88c6-4e8b-b53c-6cc98319ecbe,ACT,,,,,"The British India Corporation Limited (Acquisition of Shares) Act, 1981",AC_CEN_20_25_00009_198129_1517807326125,1981,29,ACT,CENTRAL,,123456789/496100,,https://indiacode.gov.in/server/api/core/items/64999139-88c6-4e8b-b53c-6cc98319ecbe,https://indiacode.gov.in/act/64999139-88c6-4e8b-b53c-6cc98319ecbe,https://indiacode.gov.in/act/64999139-88c6-4e8b-b53c-6cc98319ecbe/sections,https://indiacode.gov.in/act/64999139-88c6-4e8b-b53c-6cc98319ecbe/schedules,6f47df63fdbca4131157c09872725d083f2f83fe1253a4f8d9a50c59ebecdae1,
374,942c77d9-d67b-440a-9c09-a88426a4e13c,ACT,,,,,"The High Court at Bombay (Extension of Jurisdiction to Goa, Daman and Diu) Act, 1981",AC_CEN_3_3_00018_198126_1517807326176,1981,26,ACT,CENTRAL,,123456789/496476,,https://indiacode.gov.in/server/api/core/items/942c77d9-d67b-440a-9c09-a88426a4e13c,https://indiacode.gov.in/act/942c77d9-d67b-440a-9c09-a88426a4e13c,https://indiacode.gov.in/act/942c77d9-d67b-440a-9c09-a88426a4e13c/sections,https://indiacode.gov.in/act/942c77d9-d67b-440a-9c09-a88426a4e13c/schedules,6f47df63fdbca4131157c09872725d083f2f83fe1253a4f8d9a50c59ebecdae1,
375,269a874d-1f40-4bd5-af17-d9cf30f58d51,ACT,,,,,"The Air (Prevention and Control of Pollution) Act, 1981",AC_CEN_16_18_00004_198114_1517807322114,1981,14,ACT,CENTRAL,,123456789/496024,,https://indiacode.gov.in/server/api/core/items/269a874d-1f40-4bd5-af17-d9cf30f58d51,https://indiacode.gov.in/act/269a874d-1f40-4bd5-af17-d9cf30f58d51,https://indiacode.gov.in/act/269a874d-1f40-4bd5-af17-d9cf30f58d51/sections,https://indiacode.gov.in/act/269a874d-1f40-4bd5-af17-d9cf30f58d51/schedules,6f47df63fdbca4131157c09872725d083f2f83fe1253a4f8d9a50c59ebecdae1,
376,018c6436-cceb-48f1-b15e-86165f99c3de,ACT,,,,,"The Bird and Company Limited (Acquisition and Transfer of Undertakings and Other Properties) Act, 1980",AC_CEN_14_15_00007_198067_1517807324670,1980,67,ACT,CENTRAL,,123456789/496011,,https://indiacode.gov.in/server/api/core/items/018c6436-cceb-48f1-b15e-86165f99c3de,https://indiacode.gov.in/act/018c6436-cceb-48f1-b15e-86165f99c3de,https://indiacode.gov.in/act/018c6436-cceb-48f1-b15e-86165f99c3de/sections,https://indiacode.gov.in/act/018c6436-cceb-48f1-b15e-86165f99c3de/schedules,6f47df63fdbca4131157c09872725d083f2f83fe1253a4f8d9a50c59ebecdae1,
377,246556d0-830c-4999-8bea-9908ccc4de1d,ACT,,,,,"The Hind Cycles Limited and Sen-Raleigh Limited (Nationalisation) Act, 1980",AC_CEN_14_51_00002_198070_1517807325388,1980,70,ACT,CENTRAL,,123456789/496013,,https://indiacode.gov.in/server/api/core/items/246556d0-830c-4999-8bea-9908ccc4de1d,https://indiacode.gov.in/act/246556d0-830c-4999-8bea-9908ccc4de1d,https://indiacode.gov.in/act/246556d0-830c-4999-8bea-9908ccc4de1d/sections,https://indiacode.gov.in/act/246556d0-830c-4999-8bea-9908ccc4de1d/schedules,6f47df63fdbca4131157c09872725d083f2f83fe1253a4f8d9a50c59ebecdae1,
378,8640f9b8-f333-4129-8177-3b9828eae091,ACT,,,,,"The Van (Sanrakshan Evam Samvardhan) Adhiniyam, 1980",AC_CEN_16_18_00008_198069_1517807325332,1980,69,ACT,CENTRAL,,123456789/496027,,https://indiacode.gov.in/server/api/core/items/8640f9b8-f333-4129-8177-3b9828eae091,https://indiacode.gov.in/act/8640f9b8-f333-4129-8177-3b9828eae091,https://indiacode.gov.in/act/8640f9b8-f333-4129-8177-3b9828eae091/sections,https://indiacode.gov.in/act/8640f9b8-f333-4129-8177-3b9828eae091/schedules,6f47df63fdbca4131157c09872725d083f2f83fe1253a4f8d9a50c59ebecdae1,
379,b67d0436-8079-4c58-befe-acb0576c280c,ACT,,,,,"The National Security Act, 1980",AC_CEN_5_23_00019_198065_1517807325254,1980,65,ACT,CENTRAL,,123456789/496533,,https://indiacode.gov.in/server/api/core/items/b67d0436-8079-4c58-befe-acb0576c280c,https://indiacode.gov.in/act/b67d0436-8079-4c58-befe-acb0576c280c,https://indiacode.gov.in/act/b67d0436-8079-4c58-befe-acb0576c280c/sections,https://indiacode.gov.in/act/b67d0436-8079-4c58-befe-acb0576c280c/schedules,6f47df63fdbca4131157c09872725d083f2f83fe1253a4f8d9a50c59ebecdae1,
380,89cad36d-2d45-4ac9-8f98-9379a8306eeb,ACT,,,,,"The Jute Companies (Nationalisation) Act, 1980",AC_CEN_20_25_00007_198062_1517807325307,1980,62,ACT,CENTRAL,,123456789/496098,,https://indiacode.gov.in/server/api/core/items/89cad36d-2d45-4ac9-8f98-9379a8306eeb,https://indiacode.gov.in/act/89cad36d-2d45-4ac9-8f98-9379a8306eeb,https://indiacode.gov.in/act/89cad36d-2d45-4ac9-8f98-9379a8306eeb/sections,https://indiacode.gov.in/act/89cad36d-2d45-4ac9-8f98-9379a8306eeb/schedules,6f47df63fdbca4131157c09872725d083f2f83fe1253a4f8d9a50c59ebecdae1,
381,74d2f949-09b4-4e0d-b98a-75bfb753223d,ACT,,,,,"The Company Secretaries Act, 1980",AC_CEN_22_29_00006_198056_1517807325344,1980,56,ACT,CENTRAL,,123456789/496126,,https://indiacode.gov.in/server/api/core/items/74d2f949-09b4-4e0d-b98a-75bfb753223d,https://indiacode.gov.in/act/74d2f949-09b4-4e0d-b98a-75bfb753223d,https://indiacode.gov.in/act/74d2f949-09b4-4e0d-b98a-75bfb753223d/sections,https://indiacode.gov.in/act/74d2f949-09b4-4e0d-b98a-75bfb753223d/schedules,6f47df63fdbca4131157c09872725d083f2f83fe1253a4f8d9a50c59ebecdae1,
382,6fc4c3e1-f134-4fe1-b3df-adcb268ebae7,ACT,,,,,"The Hotel-Receipts Tax Act, 1980",AC_CEN_2_2_00034_198054_1517807326468,1980,54,ACT,CENTRAL,,123456789/496291,,https://indiacode.gov.in/server/api/core/items/6fc4c3e1-f134-4fe1-b3df-adcb268ebae7,https://indiacode.gov.in/act/6fc4c3e1-f134-4fe1-b3df-adcb268ebae7,https://indiacode.gov.in/act/6fc4c3e1-f134-4fe1-b3df-adcb268ebae7/sections,https://indiacode.gov.in/act/6fc4c3e1-f134-4fe1-b3df-adcb268ebae7/schedules,6f47df63fdbca4131157c09872725d083f2f83fe1253a4f8d9a50c59ebecdae1,
383,5ef19945-a4d3-488b-88be-d719d05072bf,ACT,,,,,"The Sree Chitra Tirunal Institute for Medical Sciences and Technology, Trivandrum Act, 1980",AC_CEN_12_72_00002_198052_1517807326343,1980,52,ACT,CENTRAL,,123456789/495996,,https://indiacode.gov.in/server/api/core/items/5ef19945-a4d3-488b-88be-d719d05072bf,https://indiacode.gov.in/act/5ef19945-a4d3-488b-88be-d719d05072bf,https://indiacode.gov.in/act/5ef19945-a4d3-488b-88be-d719d05072bf/sections,https://indiacode.gov.in/act/5ef19945-a4d3-488b-88be-d719d05072bf/schedules,6f47df63fdbca4131157c09872725d083f2f83fe1253a4f8d9a50c59ebecdae1,
384,c6fa60e3-5271-4106-ae20-7b88db8eb208,ACT,,,,,"The Brahmaputra Board Act, 1980",AC_CEN_24_32_00004_198046_1517807326354,1980,46,ACT,CENTRAL,,123456789/496154,,https://indiacode.gov.in/server/api/core/items/c6fa60e3-5271-4106-ae20-7b88db8eb208,https://indiacode.gov.in/act/c6fa60e3-5271-4106-ae20-7b88db8eb208,https://indiacode.gov.in/act/c6fa60e3-5271-4106-ae20-7b88db8eb208/sections,https://indiacode.gov.in/act/c6fa60e3-5271-4106-ae20-7b88db8eb208/schedules,6f47df63fdbca4131157c09872725d083f2f83fe1253a4f8d9a50c59ebecdae1,
385,5e5156bc-fa8b-4828-a5ab-1eac62816ee6,ACT,,,,,"The National Company Limited (Acquisition and Transfer of Undertakings) Act, 1980",AC_CEN_20_25_00008_198042_1517807325814,1980,42,ACT,CENTRAL,,123456789/496099,,https://indiacode.gov.in/server/api/core/items/5e5156bc-fa8b-4828-a5ab-1eac62816ee6,https://indiacode.gov.in/act/5e5156bc-fa8b-4828-a5ab-1eac62816ee6,https://indiacode.gov.in/act/5e5156bc-fa8b-4828-a5ab-1eac62816ee6/sections,https://indiacode.gov.in/act/5e5156bc-fa8b-4828-a5ab-1eac62816ee6/schedules,6f47df63fdbca4131157c09872725d083f2f83fe1253a4f8d9a50c59ebecdae1,
386,8831a251-c2db-4ded-b0a5-5f56e86d02f5,ACT,,,,,"The Essential Services Maintenance (Assam) Act, 1980",AC_CEN_5_5_00068_198041_1658138840430,1980,41,ACT,CENTRAL,0,123456789/496648,,https://indiacode.gov.in/server/api/core/items/8831a251-c2db-4ded-b0a5-5f56e86d02f5,https://indiacode.gov.in/act/8831a251-c2db-4ded-b0a5-5f56e86d02f5,https://indiacode.gov.in/act/8831a251-c2db-4ded-b0a5-5f56e86d02f5/sections,https://indiacode.gov.in/act/8831a251-c2db-4ded-b0a5-5f56e86d02f5/schedules,6f47df63fdbca4131157c09872725d083f2f83fe1253a4f8d9a50c59ebecdae1,
387,2ebf38e4-f13d-4c6f-ab33-af2b1a559830,ACT,,,,,"The Banking Companies (Acquisition and Transfer of Undertakings) Act, 1980",AC_CEN_2_11_00045_198040_1517807325501,1980,40,ACT,CENTRAL,,123456789/496267,,https://indiacode.gov.in/server/api/core/items/2ebf38e4-f13d-4c6f-ab33-af2b1a559830,https://indiacode.gov.in/act/2ebf38e4-f13d-4c6f-ab33-af2b1a559830,https://indiacode.gov.in/act/2ebf38e4-f13d-4c6f-ab33-af2b1a559830/sections,https://indiacode.gov.in/act/2ebf38e4-f13d-4c6f-ab33-af2b1a559830/schedules,6f47df63fdbca4131157c09872725d083f2f83fe1253a4f8d9a50c59ebecdae1,
388,b70d3426-11ad-4c1d-992a-432663b07438,ACT,,,,,"The Prevention of Blackmarketing and Maintenance of Supplies of Essential Commodities Act, 1980",AC_CEN_21_44_00004_198007_1517807325992,1980,7,ACT,CENTRAL,,123456789/496113,,https://indiacode.gov.in/server/api/core/items/b70d3426-11ad-4c1d-992a-432663b07438,https://indiacode.gov.in/act/b70d3426-11ad-4c1d-992a-432663b07438,https://indiacode.gov.in/act/b70d3426-11ad-4c1d-992a-432663b07438/sections,https://indiacode.gov.in/act/b70d3426-11ad-4c1d-992a-432663b07438/schedules,6f47df63fdbca4131157c09872725d083f2f83fe1253a4f8d9a50c59ebecdae1,
389,fc03c971-00b0-41ae-a042-e7aaf7059afb,ACT,,,,,"The Haryana and Uttar Pradesh (Alteration of Boundaries) Act, 1979",AC_CEN_5_5_00047_197931_1517807325290,1979,31,ACT,CENTRAL,,123456789/496627,,https://indiacode.gov.in/server/api/core/items/fc03c971-00b0-41ae-a042-e7aaf7059afb,https://indiacode.gov.in/act/fc03c971-00b0-41ae-a042-e7aaf7059afb,https://indiacode.gov.in/act/fc03c971-00b0-41ae-a042-e7aaf7059afb/sections,https://indiacode.gov.in/act/fc03c971-00b0-41ae-a042-e7aaf7059afb/schedules,6f47df63fdbca4131157c09872725d083f2f83fe1253a4f8d9a50c59ebecdae1,
390,08b26b0b-f988-4587-a1ed-824eec15419d,ACT,,,,,"The Union Duties of Excise (Distribution) Act, 1979",AC_CEN_2_2_00041_197924_1528449325673,1979,24,ACT,CENTRAL,0,123456789/496307,,https://indiacode.gov.in/server/api/core/items/08b26b0b-f988-4587-a1ed-824eec15419d,https://indiacode.gov.in/act/08b26b0b-f988-4587-a1ed-824eec15419d,https://indiacode.gov.in/act/08b26b0b-f988-4587-a1ed-824eec15419d/sections,https://indiacode.gov.in/act/08b26b0b-f988-4587-a1ed-824eec15419d/schedules,6f47df63fdbca4131157c09872725d083f2f83fe1253a4f8d9a50c59ebecdae1,
391,b53a49a9-3033-44f2-a274-1a487ad03ca5,ACT,,,,,"The Coconut Development Board Act, 1979",AC_CEN_23_31_00005_197905_1517807325216,1979,5,ACT,CENTRAL,,123456789/496132,,https://indiacode.gov.in/server/api/core/items/b53a49a9-3033-44f2-a274-1a487ad03ca5,https://indiacode.gov.in/act/b53a49a9-3033-44f2-a274-1a487ad03ca5,https://indiacode.gov.in/act/b53a49a9-3033-44f2-a274-1a487ad03ca5/sections,https://indiacode.gov.in/act/b53a49a9-3033-44f2-a274-1a487ad03ca5/schedules,6f47df63fdbca4131157c09872725d083f2f83fe1253a4f8d9a50c59ebecdae1,
392,7797ccee-c350-48dc-bd34-6b65417e184e,ACT,,,,,"The Prize Chits and Money Circulation Schemes (Banning) Act, 1978",AC_CEN_2_11_00016_197843_1517807320451,1978,43,ACT,CENTRAL,,123456789/496234,,https://indiacode.gov.in/server/api/core/items/7797ccee-c350-48dc-bd34-6b65417e184e,https://indiacode.gov.in/act/7797ccee-c350-48dc-bd34-6b65417e184e,https://indiacode.gov.in/act/7797ccee-c350-48dc-bd34-6b65417e184e/sections,https://indiacode.gov.in/act/7797ccee-c350-48dc-bd34-6b65417e184e/schedules,6f47df63fdbca4131157c09872725d083f2f83fe1253a4f8d9a50c59ebecdae1,
393,bc28d086-af4a-46e5-a092-c935eeebfae0,ACT,,,,,"The Press Council Act, 1978",AC_CEN_29_41_00008_197837_1517807325006,1978,37,ACT,CENTRAL,,123456789/496220,,https://indiacode.gov.in/server/api/core/items/bc28d086-af4a-46e5-a092-c935eeebfae0,https://indiacode.gov.in/act/bc28d086-af4a-46e5-a092-c935eeebfae0,https://indiacode.gov.in/act/bc28d086-af4a-46e5-a092-c935eeebfae0/sections,https://indiacode.gov.in/act/bc28d086-af4a-46e5-a092-c935eeebfae0/schedules,6f47df63fdbca4131157c09872725d083f2f83fe1253a4f8d9a50c59ebecdae1,
394,4ef92b04-d832-445e-aa0c-4d561bfccf87,ACT,,,,,"The Delhi Police Act, 1978",AC_CEN_5_23_00020_197834_1517807325264,1978,34,ACT,CENTRAL,,123456789/496534,,https://indiacode.gov.in/server/api/core/items/4ef92b04-d832-445e-aa0c-4d561bfccf87,https://indiacode.gov.in/act/4ef92b04-d832-445e-aa0c-4d561bfccf87,https://indiacode.gov.in/act/4ef92b04-d832-445e-aa0c-4d561bfccf87/sections,https://indiacode.gov.in/act/4ef92b04-d832-445e-aa0c-4d561bfccf87/schedules,6f47df63fdbca4131157c09872725d083f2f83fe1253a4f8d9a50c59ebecdae1,
395,acb005ac-b98d-4884-9a4a-dbf5e0a5a1b2,ACT,,,,,"The Metro Railways (Construction of Works) Act, 1978",AC_CEN_30_42_00005_197833_1517807325089,1978,33,ACT,CENTRAL,,123456789/496337,,https://indiacode.gov.in/server/api/core/items/acb005ac-b98d-4884-9a4a-dbf5e0a5a1b2,https://indiacode.gov.in/act/acb005ac-b98d-4884-9a4a-dbf5e0a5a1b2,https://indiacode.gov.in/act/acb005ac-b98d-4884-9a4a-dbf5e0a5a1b2/sections,https://indiacode.gov.in/act/acb005ac-b98d-4884-9a4a-dbf5e0a5a1b2/schedules,6f47df63fdbca4131157c09872725d083f2f83fe1253a4f8d9a50c59ebecdae1,
396,94f8385f-2f51-47aa-a918-d142168adad7,ACT,,,,,"The Coast Guard Act, 1978",AC_CEN_28_38_00016_197830_1517807325203,1978,30,ACT,CENTRAL,,123456789/496206,,https://indiacode.gov.in/server/api/core/items/94f8385f-2f51-47aa-a918-d142168adad7,https://indiacode.gov.in/act/94f8385f-2f51-47aa-a918-d142168adad7,https://indiacode.gov.in/act/94f8385f-2f51-47aa-a918-d142168adad7/sections,https://indiacode.gov.in/act/94f8385f-2f51-47aa-a918-d142168adad7/schedules,6f47df63fdbca4131157c09872725d083f2f83fe1253a4f8d9a50c59ebecdae1,
397,a0196065-eb67-45c4-90f9-63182e5039ab,ACT,,,,,"The Public Sector Iron and Steel Companies (Restructuring) and Miscellaneous Provisions Act, 1978",AC_CEN_4_4_00006_197816_1517807324263,1978,16,ACT,CENTRAL,,123456789/496516,,https://indiacode.gov.in/server/api/core/items/a0196065-eb67-45c4-90f9-63182e5039ab,https://indiacode.gov.in/act/a0196065-eb67-45c4-90f9-63182e5039ab,https://indiacode.gov.in/act/a0196065-eb67-45c4-90f9-63182e5039ab/sections,https://indiacode.gov.in/act/a0196065-eb67-45c4-90f9-63182e5039ab/schedules,6f47df63fdbca4131157c09872725d083f2f83fe1253a4f8d9a50c59ebecdae1,
398,d161deb9-1354-40f6-8dff-f7e430162812,ACT,,,,,"The Interest Act, 1978",AC_CEN_2_11_00041_197814_1517807325128,1978,14,ACT,CENTRAL,,123456789/496263,,https://indiacode.gov.in/server/api/core/items/d161deb9-1354-40f6-8dff-f7e430162812,https://indiacode.gov.in/act/d161deb9-1354-40f6-8dff-f7e430162812,https://indiacode.gov.in/act/d161deb9-1354-40f6-8dff-f7e430162812/sections,https://indiacode.gov.in/act/d161deb9-1354-40f6-8dff-f7e430162812/schedules,6f47df63fdbca4131157c09872725d083f2f83fe1253a4f8d9a50c59ebecdae1,
399,6f1b16ed-b209-482e-8023-7aa886485ecc,ACT,,,,,"The Lady Hardinge Medical College and Hospital (Acquisition and Miscellaneous Provisions) Act, 1977",AC_CEN_12_13_00005_197734_1517807320130,1977,34,ACT,CENTRAL,,123456789/495972,,https://indiacode.gov.in/server/api/core/items/6f1b16ed-b209-482e-8023-7aa886485ecc,https://indiacode.gov.in/act/6f1b16ed-b209-482e-8023-7aa886485ecc,https://indiacode.gov.in/act/6f1b16ed-b209-482e-8023-7aa886485ecc/sections,https://indiacode.gov.in/act/6f1b16ed-b209-482e-8023-7aa886485ecc/schedules,6f47df63fdbca4131157c09872725d083f2f83fe1253a4f8d9a50c59ebecdae1,
400,03916813-cf0a-43c4-8f87-111b0d0914fb,ACT,,,,,"The Salary and Allowances of Leaders of Opposition in Parliament Act, 1977",AC_CEN_33_52_00002_197733_1517807320974,1977,33,ACT,CENTRAL,,123456789/496353,,https://indiacode.gov.in/server/api/core/items/03916813-cf0a-43c4-8f87-111b0d0914fb,https://indiacode.gov.in/act/03916813-cf0a-43c4-8f87-111b0d0914fb,https://indiacode.gov.in/act/03916813-cf0a-43c4-8f87-111b0d0914fb/sections,https://indiacode.gov.in/act/03916813-cf0a-43c4-8f87-111b0d0914fb/schedules,6f47df63fdbca4131157c09872725d083f2f83fe1253a4f8d9a50c59ebecdae1,
401,7bf47113-ed4c-4050-9bd2-da0a85491bfe,ACT,,,,,"The Parliamentary Proceedings (Protection of Publication) Act, 1977",AC_CEN_33_52_00001_197715_1517807320683,1977,15,ACT,CENTRAL,,123456789/496352,,https://indiacode.gov.in/server/api/core/items/7bf47113-ed4c-4050-9bd2-da0a85491bfe,https://indiacode.gov.in/act/7bf47113-ed4c-4050-9bd2-da0a85491bfe,https://indiacode.gov.in/act/7bf47113-ed4c-4050-9bd2-da0a85491bfe/sections,https://indiacode.gov.in/act/7bf47113-ed4c-4050-9bd2-da0a85491bfe/schedules,1c54bea365437417756f14aac811c169eb25e11a93dd8b992aae054aea60f625,
402,281afd57-38b2-4537-8b31-6aa55417ce99,ACT,,,,,"The Territorial Waters, Continental Shelf, Exclusive Economic Zone and Other Maritime Zones Act, 1976",AC_CEN_10_10_00002_197680_1517807318455,1976,80,ACT,CENTRAL,,123456789/495935,,https://indiacode.gov.in/server/api/core/items/281afd57-38b2-4537-8b31-6aa55417ce99,https://indiacode.gov.in/act/281afd57-38b2-4537-8b31-6aa55417ce99,https://indiacode.gov.in/act/281afd57-38b2-4537-8b31-6aa55417ce99/sections,https://indiacode.gov.in/act/281afd57-38b2-4537-8b31-6aa55417ce99/schedules,1c54bea365437417756f14aac811c169eb25e11a93dd8b992aae054aea60f625,
403,602ba8ca-53c7-4116-917d-3a02644454e2,ACT,,,,,"The Disturbed Areas (Special Courts) Act, 1976",AC_CEN_3_3_00006_197677_1517807319077,1976,77,ACT,CENTRAL,,123456789/496469,,https://indiacode.gov.in/server/api/core/items/602ba8ca-53c7-4116-917d-3a02644454e2,https://indiacode.gov.in/act/602ba8ca-53c7-4116-917d-3a02644454e2,https://indiacode.gov.in/act/602ba8ca-53c7-4116-917d-3a02644454e2/sections,https://indiacode.gov.in/act/602ba8ca-53c7-4116-917d-3a02644454e2/schedules,1c54bea365437417756f14aac811c169eb25e11a93dd8b992aae054aea60f625,
404,6818d22f-4b95-443c-a10d-19d18c6b1aa5,ACT,,,,,"The Life Insurance Corporation (Modification of Settlements) Act, 1976",AC_CEN_2_11_00029_197672_1517807322415,1976,72,ACT,CENTRAL,,123456789/496247,,https://indiacode.gov.in/server/api/core/items/6818d22f-4b95-443c-a10d-19d18c6b1aa5,https://indiacode.gov.in/act/6818d22f-4b95-443c-a10d-19d18c6b1aa5,https://indiacode.gov.in/act/6818d22f-4b95-443c-a10d-19d18c6b1aa5/sections,https://indiacode.gov.in/act/6818d22f-4b95-443c-a10d-19d18c6b1aa5/schedules,1c54bea365437417756f14aac811c169eb25e11a93dd8b992aae054aea60f625,
405,55ae2ea5-d077-441c-80a5-0ebaeb696742,ACT,,,,,"The Betwa River Board Act, 1976",AC_CEN_24_32_00001_197663_1517807318578,1976,63,ACT,CENTRAL,,123456789/496151,,https://indiacode.gov.in/server/api/core/items/55ae2ea5-d077-441c-80a5-0ebaeb696742,https://indiacode.gov.in/act/55ae2ea5-d077-441c-80a5-0ebaeb696742,https://indiacode.gov.in/act/55ae2ea5-d077-441c-80a5-0ebaeb696742/sections,https://indiacode.gov.in/act/55ae2ea5-d077-441c-80a5-0ebaeb696742/schedules,1c54bea365437417756f14aac811c169eb25e11a93dd8b992aae054aea60f625,
406,8d07de8e-432f-4d5e-ad0c-5364a64c4d79,ACT,,,,,"The Departmentalisation of Union Accounts (Transfer of Personnel) Act, 1976",AC_CEN_2_26_00001_197676_1517807318234,1976,59,ACT,CENTRAL,,123456789/496277,,https://indiacode.gov.in/server/api/core/items/8d07de8e-432f-4d5e-ad0c-5364a64c4d79,https://indiacode.gov.in/act/8d07de8e-432f-4d5e-ad0c-5364a64c4d79,https://indiacode.gov.in/act/8d07de8e-432f-4d5e-ad0c-5364a64c4d79/sections,https://indiacode.gov.in/act/8d07de8e-432f-4d5e-ad0c-5364a64c4d79/schedules,1c54bea365437417756f14aac811c169eb25e11a93dd8b992aae054aea60f625,
407,e85923d5-6a92-449f-ab7a-d3489d9efd28,ACT,,,,,"The High Court at Patna (Establishment of a Permanent Bench at Ranchi) Act, 1976",AC_CEN_3_3_00003_197657_1517807318022,1976,57,ACT,CENTRAL,,123456789/496466,,https://indiacode.gov.in/server/api/core/items/e85923d5-6a92-449f-ab7a-d3489d9efd28,https://indiacode.gov.in/act/e85923d5-6a92-449f-ab7a-d3489d9efd28,https://indiacode.gov.in/act/e85923d5-6a92-449f-ab7a-d3489d9efd28/sections,https://indiacode.gov.in/act/e85923d5-6a92-449f-ab7a-d3489d9efd28/schedules,1c54bea365437417756f14aac811c169eb25e11a93dd8b992aae054aea60f625,
408,dab8a0da-aa59-4432-a475-039a5fc6cb14,ACT,,,,,"The Bonded Labour System (Abolition) Act, 1976",AC_CEN_6_6_00006_197619_1517807318694,1976,19,ACT,CENTRAL,,123456789/496704,,https://indiacode.gov.in/server/api/core/items/dab8a0da-aa59-4432-a475-039a5fc6cb14,https://indiacode.gov.in/act/dab8a0da-aa59-4432-a475-039a5fc6cb14,https://indiacode.gov.in/act/dab8a0da-aa59-4432-a475-039a5fc6cb14/sections,https://indiacode.gov.in/act/dab8a0da-aa59-4432-a475-039a5fc6cb14/schedules,1c54bea365437417756f14aac811c169eb25e11a93dd8b992aae054aea60f625,
409,21033140-dbc9-4430-af16-ff3cbd7b4234,ACT,,,,,"The Regional Rural Banks Act, 1976",AC_CEN_2_11_00009_197621_1517807318838,1976,21,ACT,CENTRAL,,123456789/496229,,https://indiacode.gov.in/server/api/core/items/21033140-dbc9-4430-af16-ff3cbd7b4234,https://indiacode.gov.in/act/21033140-dbc9-4430-af16-ff3cbd7b4234,https://indiacode.gov.in/act/21033140-dbc9-4430-af16-ff3cbd7b4234/sections,https://indiacode.gov.in/act/21033140-dbc9-4430-af16-ff3cbd7b4234/schedules,1c54bea365437417756f14aac811c169eb25e11a93dd8b992aae054aea60f625,
410,49300524-014a-4073-8e47-506238db2465,ACT,,,,,"The Smugglers and Foreign Exchange Manipulators (Forfeiture of Property) Act, 1976",AC_CEN_2_2_00005_197613_1517807318406,1976,13,ACT,CENTRAL,,123456789/496280,,https://indiacode.gov.in/server/api/core/items/49300524-014a-4073-8e47-506238db2465,https://indiacode.gov.in/act/49300524-014a-4073-8e47-506238db2465,https://indiacode.gov.in/act/49300524-014a-4073-8e47-506238db2465/sections,https://indiacode.gov.in/act/49300524-014a-4073-8e47-506238db2465/schedules,1c54bea365437417756f14aac811c169eb25e11a93dd8b992aae054aea60f625,
411,ccae3f4f-e262-4145-9176-7b6197e7a539,ACT,,,,,"The Election Laws (Extension to Sikkim) Act, 1976",AC_CEN_3_20_00017_197610_1517807321616,1976,10,ACT,CENTRAL,,123456789/496398,,https://indiacode.gov.in/server/api/core/items/ccae3f4f-e262-4145-9176-7b6197e7a539,https://indiacode.gov.in/act/ccae3f4f-e262-4145-9176-7b6197e7a539,https://indiacode.gov.in/act/ccae3f4f-e262-4145-9176-7b6197e7a539/sections,https://indiacode.gov.in/act/ccae3f4f-e262-4145-9176-7b6197e7a539/schedules,1c54bea365437417756f14aac811c169eb25e11a93dd8b992aae054aea60f625,
412,087d3280-1ba9-4db1-9316-ccac69e5e81d,ACT,,,,,"The Customs Tariff Act, 1975",AC_CEN_2_2_00039_197551_1554713855359,1975,51,ACT,CENTRAL,0,123456789/496302,,https://indiacode.gov.in/server/api/core/items/087d3280-1ba9-4db1-9316-ccac69e5e81d,https://indiacode.gov.in/act/087d3280-1ba9-4db1-9316-ccac69e5e81d,https://indiacode.gov.in/act/087d3280-1ba9-4db1-9316-ccac69e5e81d/sections,https://indiacode.gov.in/act/087d3280-1ba9-4db1-9316-ccac69e5e81d/schedules,1c54bea365437417756f14aac811c169eb25e11a93dd8b992aae054aea60f625,
413,b88a50f0-e7f8-49d4-8fac-2998904caad5,ACT,,,,,"The Delhi Sales Tax Act, 1975",AC_CEN_2_2_00015_197543_1517807320024,1975,43,ACT,CENTRAL,,123456789/496283,,https://indiacode.gov.in/server/api/core/items/b88a50f0-e7f8-49d4-8fac-2998904caad5,https://indiacode.gov.in/act/b88a50f0-e7f8-49d4-8fac-2998904caad5,https://indiacode.gov.in/act/b88a50f0-e7f8-49d4-8fac-2998904caad5/sections,https://indiacode.gov.in/act/b88a50f0-e7f8-49d4-8fac-2998904caad5/schedules,1c54bea365437417756f14aac811c169eb25e11a93dd8b992aae054aea60f625,
414,8e8ac6cd-124f-4939-a06e-d34fc82fe8f7,ACT,,,,,"The Rampur Raza Library  Act, 1975",AC_CEN_27_37_000010_197522_1517807324473,1975,22,ACT,CENTRAL,,123456789/496183,,https://indiacode.gov.in/server/api/core/items/8e8ac6cd-124f-4939-a06e-d34fc82fe8f7,https://indiacode.gov.in/act/8e8ac6cd-124f-4939-a06e-d34fc82fe8f7,https://indiacode.gov.in/act/8e8ac6cd-124f-4939-a06e-d34fc82fe8f7/sections,https://indiacode.gov.in/act/8e8ac6cd-124f-4939-a06e-d34fc82fe8f7/schedules,1c54bea365437417756f14aac811c169eb25e11a93dd8b992aae054aea60f625,
415,11f3f2b0-a3ba-4bf3-83bd-aaf6926d1170,ACT,,,,,"The Tokyo Convention Act, 1975",AC_CEN_10_10_00013_197520_1517807324487,1975,20,ACT,CENTRAL,,123456789/495944,,https://indiacode.gov.in/server/api/core/items/11f3f2b0-a3ba-4bf3-83bd-aaf6926d1170,https://indiacode.gov.in/act/11f3f2b0-a3ba-4bf3-83bd-aaf6926d1170,https://indiacode.gov.in/act/11f3f2b0-a3ba-4bf3-83bd-aaf6926d1170/sections,https://indiacode.gov.in/act/11f3f2b0-a3ba-4bf3-83bd-aaf6926d1170/schedules,1c54bea365437417756f14aac811c169eb25e11a93dd8b992aae054aea60f625,
416,75905d10-884b-491c-ac70-8fa3316aaea2,ACT,,,,,"The Tobacco Board Act, 1975",AC_CEN_11_12_00006_197504_1517807324189,1975,4,ACT,CENTRAL,,123456789/495955,,https://indiacode.gov.in/server/api/core/items/75905d10-884b-491c-ac70-8fa3316aaea2,https://indiacode.gov.in/act/75905d10-884b-491c-ac70-8fa3316aaea2,https://indiacode.gov.in/act/75905d10-884b-491c-ac70-8fa3316aaea2/sections,https://indiacode.gov.in/act/75905d10-884b-491c-ac70-8fa3316aaea2/schedules,1c54bea365437417756f14aac811c169eb25e11a93dd8b992aae054aea60f625,
417,7453868e-2a0b-4f4f-8375-a6903c5e8864,ACT,,,,,"The Sick Textile Undertakings (Nationalisation) Act, 1974",AC_CEN_20_25_00003_197457_1517807320752,1974,57,ACT,CENTRAL,,123456789/496095,,https://indiacode.gov.in/server/api/core/items/7453868e-2a0b-4f4f-8375-a6903c5e8864,https://indiacode.gov.in/act/7453868e-2a0b-4f4f-8375-a6903c5e8864,https://indiacode.gov.in/act/7453868e-2a0b-4f4f-8375-a6903c5e8864/sections,https://indiacode.gov.in/act/7453868e-2a0b-4f4f-8375-a6903c5e8864/schedules,1c54bea365437417756f14aac811c169eb25e11a93dd8b992aae054aea60f625,
418,cd1f6df2-3803-4bee-b811-e9d0652c12f1,ACT,,,,,"The East Punjab Urban Rent Restriction Act (Extension to Chandigarh) Act, 1974",AC_CEN_18_21_00004_197454_1517807320333,1974,54,ACT,CENTRAL,,123456789/496056,,https://indiacode.gov.in/server/api/core/items/cd1f6df2-3803-4bee-b811-e9d0652c12f1,https://indiacode.gov.in/act/cd1f6df2-3803-4bee-b811-e9d0652c12f1,https://indiacode.gov.in/act/cd1f6df2-3803-4bee-b811-e9d0652c12f1/sections,https://indiacode.gov.in/act/cd1f6df2-3803-4bee-b811-e9d0652c12f1/schedules,1c54bea365437417756f14aac811c169eb25e11a93dd8b992aae054aea60f625,
419,ebdde874-5670-45b1-b927-686461c0062f,ACT,,,,,"The Conservation of Foreign Exchange and Prevention of Smuggling Activities Act, 1974",AC_CEN_2_2_00013_197452_1517807319869,1974,52,ACT,CENTRAL,,123456789/496282,,https://indiacode.gov.in/server/api/core/items/ebdde874-5670-45b1-b927-686461c0062f,https://indiacode.gov.in/act/ebdde874-5670-45b1-b927-686461c0062f,https://indiacode.gov.in/act/ebdde874-5670-45b1-b927-686461c0062f/sections,https://indiacode.gov.in/act/ebdde874-5670-45b1-b927-686461c0062f/schedules,1c54bea365437417756f14aac811c169eb25e11a93dd8b992aae054aea60f625,
420,973cf846-5b35-4346-91d8-9822e88a675b,ACT,,,,,"The Oil Industry (Development) Act, 1974",AC_CEN_32_50_00002_197447_1517807320936,1974,47,ACT,CENTRAL,,123456789/496347,,https://indiacode.gov.in/server/api/core/items/973cf846-5b35-4346-91d8-9822e88a675b,https://indiacode.gov.in/act/973cf846-5b35-4346-91d8-9822e88a675b,https://indiacode.gov.in/act/973cf846-5b35-4346-91d8-9822e88a675b/sections,https://indiacode.gov.in/act/973cf846-5b35-4346-91d8-9822e88a675b/schedules,1c54bea365437417756f14aac811c169eb25e11a93dd8b992aae054aea60f625,
421,f50fbffb-5592-4112-aada-4be04ffcc4cf,ACT,,,,,"The Interest-tax Act, 1974",AC_CEN_2_2_00017_197445_1517807320626,1974,45,ACT,CENTRAL,,123456789/496285,,https://indiacode.gov.in/server/api/core/items/f50fbffb-5592-4112-aada-4be04ffcc4cf,https://indiacode.gov.in/act/f50fbffb-5592-4112-aada-4be04ffcc4cf,https://indiacode.gov.in/act/f50fbffb-5592-4112-aada-4be04ffcc4cf/sections,https://indiacode.gov.in/act/f50fbffb-5592-4112-aada-4be04ffcc4cf/schedules,1c54bea365437417756f14aac811c169eb25e11a93dd8b992aae054aea60f625,
422,27e5b85c-b103-49b0-92fe-38f0c1caac92,ACT,,,,,"The University of Hyderabad Act, 1974",AC_CEN_9_30_00004_197439_1517807320322,1974,39,ACT,CENTRAL,,123456789/496731,,https://indiacode.gov.in/server/api/core/items/27e5b85c-b103-49b0-92fe-38f0c1caac92,https://indiacode.gov.in/act/27e5b85c-b103-49b0-92fe-38f0c1caac92,https://indiacode.gov.in/act/27e5b85c-b103-49b0-92fe-38f0c1caac92/sections,https://indiacode.gov.in/act/27e5b85c-b103-49b0-92fe-38f0c1caac92/schedules,1c54bea365437417756f14aac811c169eb25e11a93dd8b992aae054aea60f625,
423,83785d48-307b-4ed0-b8ed-52084fa7108b,ACT,,,,,"The Economic Offences (Inapplicability of Limitation) Act, 1974",AC_CEN_2_2_00012_197412_1517807319698,1974,12,ACT,CENTRAL,,123456789/496281,,https://indiacode.gov.in/server/api/core/items/83785d48-307b-4ed0-b8ed-52084fa7108b,https://indiacode.gov.in/act/83785d48-307b-4ed0-b8ed-52084fa7108b,https://indiacode.gov.in/act/83785d48-307b-4ed0-b8ed-52084fa7108b/sections,https://indiacode.gov.in/act/83785d48-307b-4ed0-b8ed-52084fa7108b/schedules,1c54bea365437417756f14aac811c169eb25e11a93dd8b992aae054aea60f625,
424,16ffc39d-110a-4a34-91e9-f4e78d8cafa8,ACT,,,,,"The Water (Prevention and Control of Pollution) Act, 1974",AC_CEN_16_18_00003_197606_1517807320722,1974,6,ACT,CENTRAL,,123456789/496023,,https://indiacode.gov.in/server/api/core/items/16ffc39d-110a-4a34-91e9-f4e78d8cafa8,https://indiacode.gov.in/act/16ffc39d-110a-4a34-91e9-f4e78d8cafa8,https://indiacode.gov.in/act/16ffc39d-110a-4a34-91e9-f4e78d8cafa8/sections,https://indiacode.gov.in/act/16ffc39d-110a-4a34-91e9-f4e78d8cafa8/schedules,1c54bea365437417756f14aac811c169eb25e11a93dd8b992aae054aea60f625,
425,2e888cd9-8d8f-4497-b908-1219e5ea59ef,ACT,,,,,"The Delhi Urban Art Commission Act, 1973",AC_CEN_17_19_00007_197401_1517807320737,1974,1,ACT,CENTRAL,,123456789/496036,,https://indiacode.gov.in/server/api/core/items/2e888cd9-8d8f-4497-b908-1219e5ea59ef,https://indiacode.gov.in/act/2e888cd9-8d8f-4497-b908-1219e5ea59ef,https://indiacode.gov.in/act/2e888cd9-8d8f-4497-b908-1219e5ea59ef/sections,https://indiacode.gov.in/act/2e888cd9-8d8f-4497-b908-1219e5ea59ef/schedules,1c54bea365437417756f14aac811c169eb25e11a93dd8b992aae054aea60f625,
426,b13894e4-3ac2-4394-a5a8-18f969761b74,ACT,,,,,"The Authoritative Texts (Central Laws) Act, 1973",AC_CEN_3_20_00020_197350_1517807322031,1973,50,ACT,CENTRAL,,123456789/496401,,https://indiacode.gov.in/server/api/core/items/b13894e4-3ac2-4394-a5a8-18f969761b74,https://indiacode.gov.in/act/b13894e4-3ac2-4394-a5a8-18f969761b74,https://indiacode.gov.in/act/b13894e4-3ac2-4394-a5a8-18f969761b74/sections,https://indiacode.gov.in/act/b13894e4-3ac2-4394-a5a8-18f969761b74/schedules,1c54bea365437417756f14aac811c169eb25e11a93dd8b992aae054aea60f625,
427,7490e6ef-3d78-4519-8bb7-4d786d0d1599,ACT,,,,,"The North-Eastern Hill University Act, 1973",AC_CEN_9_9_00002_197324_1517807318442,1973,24,ACT,CENTRAL,,123456789/496770,,https://indiacode.gov.in/server/api/core/items/7490e6ef-3d78-4519-8bb7-4d786d0d1599,https://indiacode.gov.in/act/7490e6ef-3d78-4519-8bb7-4d786d0d1599,https://indiacode.gov.in/act/7490e6ef-3d78-4519-8bb7-4d786d0d1599/sections,https://indiacode.gov.in/act/7490e6ef-3d78-4519-8bb7-4d786d0d1599/schedules,1c54bea365437417756f14aac811c169eb25e11a93dd8b992aae054aea60f625,
428,7ed615a5-1e77-49b3-abb7-dd5883d4cef8,ACT,,,,,"The Delhi School Education Act, 1973",AC_CEN_9_9_00001_197318_1517807317397,1973,18,ACT,CENTRAL,,123456789/496769,,https://indiacode.gov.in/server/api/core/items/7ed615a5-1e77-49b3-abb7-dd5883d4cef8,https://indiacode.gov.in/act/7ed615a5-1e77-49b3-abb7-dd5883d4cef8,https://indiacode.gov.in/act/7ed615a5-1e77-49b3-abb7-dd5883d4cef8/sections,https://indiacode.gov.in/act/7ed615a5-1e77-49b3-abb7-dd5883d4cef8/schedules,1c54bea365437417756f14aac811c169eb25e11a93dd8b992aae054aea60f625,
429,3ef96464-a27e-4d06-bd64-abcdbf854df4,ACT,,,,,"The Diplomatic and Consular Officers (Oaths and Fees) (Extension to Jammu and Kashmir) Act, 1973",AC_CEN_3_20_00002_197302_1517807317977,1973,2,ACT,CENTRAL,,123456789/496387,,https://indiacode.gov.in/server/api/core/items/3ef96464-a27e-4d06-bd64-abcdbf854df4,https://indiacode.gov.in/act/3ef96464-a27e-4d06-bd64-abcdbf854df4,https://indiacode.gov.in/act/3ef96464-a27e-4d06-bd64-abcdbf854df4/sections,https://indiacode.gov.in/act/3ef96464-a27e-4d06-bd64-abcdbf854df4/schedules,1c54bea365437417756f14aac811c169eb25e11a93dd8b992aae054aea60f625,
430,fc604cfd-31a2-4deb-a9d8-3ec35cf24dc3,ACT,,,,,"The Richardson and Cruddas Limited (Acquisition and Transfer of Undertaking) Act, 1972",AC_CEN_14_15_00008_197278_1517807325191,1972,78,ACT,CENTRAL,,123456789/496012,,https://indiacode.gov.in/server/api/core/items/fc604cfd-31a2-4deb-a9d8-3ec35cf24dc3,https://indiacode.gov.in/act/fc604cfd-31a2-4deb-a9d8-3ec35cf24dc3,https://indiacode.gov.in/act/fc604cfd-31a2-4deb-a9d8-3ec35cf24dc3/sections,https://indiacode.gov.in/act/fc604cfd-31a2-4deb-a9d8-3ec35cf24dc3/schedules,1c54bea365437417756f14aac811c169eb25e11a93dd8b992aae054aea60f625,
431,0e9c8139-2d88-4cc7-aeff-9d2127ed2359,ACT,,,,,"The Carriage by Air Act, 1972",AC_CEN_36_56_00001_197269_1517807321014,1972,69,ACT,CENTRAL,,123456789/496366,,https://indiacode.gov.in/server/api/core/items/0e9c8139-2d88-4cc7-aeff-9d2127ed2359,https://indiacode.gov.in/act/0e9c8139-2d88-4cc7-aeff-9d2127ed2359,https://indiacode.gov.in/act/0e9c8139-2d88-4cc7-aeff-9d2127ed2359/sections,https://indiacode.gov.in/act/0e9c8139-2d88-4cc7-aeff-9d2127ed2359/schedules,1c54bea365437417756f14aac811c169eb25e11a93dd8b992aae054aea60f625,
432,bc435a31-a653-40ed-814f-b8dd20a6bece,ACT,,,,,"The Former Secretary of State Service Officers (Conditions of Service) Act, 1972",AC_CEN_26_36_00009_197259_1517807325044,1972,59,ACT,CENTRAL,,123456789/496172,,https://indiacode.gov.in/server/api/core/items/bc435a31-a653-40ed-814f-b8dd20a6bece,https://indiacode.gov.in/act/bc435a31-a653-40ed-814f-b8dd20a6bece,https://indiacode.gov.in/act/bc435a31-a653-40ed-814f-b8dd20a6bece/sections,https://indiacode.gov.in/act/bc435a31-a653-40ed-814f-b8dd20a6bece/schedules,1c54bea365437417756f14aac811c169eb25e11a93dd8b992aae054aea60f625,
433,4f508704-39b3-4b11-bc6b-1497d50a0a50,ACT,,,,,"The General Insurance Business (Nationalisation) Act, 1972",AC_CEN_2_11_00039_197257_1517807324710,1972,57,ACT,CENTRAL,,123456789/496262,,https://indiacode.gov.in/server/api/core/items/4f508704-39b3-4b11-bc6b-1497d50a0a50,https://indiacode.gov.in/act/4f508704-39b3-4b11-bc6b-1497d50a0a50,https://indiacode.gov.in/act/4f508704-39b3-4b11-bc6b-1497d50a0a50/sections,https://indiacode.gov.in/act/4f508704-39b3-4b11-bc6b-1497d50a0a50/schedules,1c54bea365437417756f14aac811c169eb25e11a93dd8b992aae054aea60f625,
434,3df23bd4-5433-4baf-92e9-56b72f4f1008,ACT,,,,,"The Wild Life (Protection) Act, 1972",AC_CEN_16_18_00007_197253_1517807324579,1972,53,ACT,CENTRAL,,123456789/496026,,https://indiacode.gov.in/server/api/core/items/3df23bd4-5433-4baf-92e9-56b72f4f1008,https://indiacode.gov.in/act/3df23bd4-5433-4baf-92e9-56b72f4f1008,https://indiacode.gov.in/act/3df23bd4-5433-4baf-92e9-56b72f4f1008/sections,https://indiacode.gov.in/act/3df23bd4-5433-4baf-92e9-56b72f4f1008/schedules,1c54bea365437417756f14aac811c169eb25e11a93dd8b992aae054aea60f625,
435,51e62a01-84e5-428b-a05e-f2615ec9c10f,ACT,,,,,"The Antiquities and Art Treasures Act, 1972",AC_CEN_27_37_00009_197252_1517807324344,1972,52,ACT,CENTRAL,,123456789/496190,,https://indiacode.gov.in/server/api/core/items/51e62a01-84e5-428b-a05e-f2615ec9c10f,https://indiacode.gov.in/act/51e62a01-84e5-428b-a05e-f2615ec9c10f,https://indiacode.gov.in/act/51e62a01-84e5-428b-a05e-f2615ec9c10f/sections,https://indiacode.gov.in/act/51e62a01-84e5-428b-a05e-f2615ec9c10f/schedules,1c54bea365437417756f14aac811c169eb25e11a93dd8b992aae054aea60f625,
436,4c8e748c-7019-4ecc-8855-2e10b8cff110,ACT,,,,,"The Diplomatic Relations (Vienna Convention) Act, 1972",AC_CEN_10_10_00014_197243_1517807324657,1972,43,ACT,CENTRAL,,123456789/495945,,https://indiacode.gov.in/server/api/core/items/4c8e748c-7019-4ecc-8855-2e10b8cff110,https://indiacode.gov.in/act/4c8e748c-7019-4ecc-8855-2e10b8cff110,https://indiacode.gov.in/act/4c8e748c-7019-4ecc-8855-2e10b8cff110/sections,https://indiacode.gov.in/act/4c8e748c-7019-4ecc-8855-2e10b8cff110/schedules,1c54bea365437417756f14aac811c169eb25e11a93dd8b992aae054aea60f625,
437,b8baaced-08a7-4796-a27b-6ee8f6dc2383,ACT,,,,,"The Delhi Lands (Restrictions on Transfer) Act, 1972",AC_CEN_17_19_00022_197230_1517807324983,1972,30,ACT,CENTRAL,,123456789/496045,,https://indiacode.gov.in/server/api/core/items/b8baaced-08a7-4796-a27b-6ee8f6dc2383,https://indiacode.gov.in/act/b8baaced-08a7-4796-a27b-6ee8f6dc2383,https://indiacode.gov.in/act/b8baaced-08a7-4796-a27b-6ee8f6dc2383/sections,https://indiacode.gov.in/act/b8baaced-08a7-4796-a27b-6ee8f6dc2383/schedules,1c54bea365437417756f14aac811c169eb25e11a93dd8b992aae054aea60f625,
438,3fc2dbae-6bf0-4f51-8db9-28e9fce6af0f,ACT,,,,,"The National Service Act, 1972",AC_CEN_34_53_00001_197228_1517807320827,1972,28,ACT,CENTRAL,,123456789/496358,,https://indiacode.gov.in/server/api/core/items/3fc2dbae-6bf0-4f51-8db9-28e9fce6af0f,https://indiacode.gov.in/act/3fc2dbae-6bf0-4f51-8db9-28e9fce6af0f,https://indiacode.gov.in/act/3fc2dbae-6bf0-4f51-8db9-28e9fce6af0f/sections,https://indiacode.gov.in/act/3fc2dbae-6bf0-4f51-8db9-28e9fce6af0f/schedules,1c54bea365437417756f14aac811c169eb25e11a93dd8b992aae054aea60f625,
439,69221435-3b2e-4029-99bf-6023d9a61bb9,ACT,,,,,"The Taxation Laws (Extension to Jammu and Kashmir) Act, 1972",AC_CEN_2_2_00037_197225_1673603101397,1972,25,ACT,CENTRAL,0,123456789/496297,,https://indiacode.gov.in/server/api/core/items/69221435-3b2e-4029-99bf-6023d9a61bb9,https://indiacode.gov.in/act/69221435-3b2e-4029-99bf-6023d9a61bb9,https://indiacode.gov.in/act/69221435-3b2e-4029-99bf-6023d9a61bb9/sections,https://indiacode.gov.in/act/69221435-3b2e-4029-99bf-6023d9a61bb9/schedules,1c54bea365437417756f14aac811c169eb25e11a93dd8b992aae054aea60f625,
440,38e42066-79af-49b3-8592-bcf889aed194,ACT,,,,,"The Architects Act, 1972",AC_CEN_9_30_00017_197220_1517807324770,1972,20,ACT,CENTRAL,,123456789/496743,,https://indiacode.gov.in/server/api/core/items/38e42066-79af-49b3-8592-bcf889aed194,https://indiacode.gov.in/act/38e42066-79af-49b3-8592-bcf889aed194,https://indiacode.gov.in/act/38e42066-79af-49b3-8592-bcf889aed194/sections,https://indiacode.gov.in/act/38e42066-79af-49b3-8592-bcf889aed194/schedules,1c54bea365437417756f14aac811c169eb25e11a93dd8b992aae054aea60f625,
441,754dc682-c0b6-4a4b-8fbf-c41ae177d2df,ACT,,,,,"The Departmental Inquiries (Enforcement of Attendance of Witnesses and Production of Documents) Act, 1972",AC_CEN_26_36_00008_197218_1517807325020,1972,18,ACT,CENTRAL,,123456789/496171,,https://indiacode.gov.in/server/api/core/items/754dc682-c0b6-4a4b-8fbf-c41ae177d2df,https://indiacode.gov.in/act/754dc682-c0b6-4a4b-8fbf-c41ae177d2df,https://indiacode.gov.in/act/754dc682-c0b6-4a4b-8fbf-c41ae177d2df/sections,https://indiacode.gov.in/act/754dc682-c0b6-4a4b-8fbf-c41ae177d2df/schedules,1c54bea365437417756f14aac811c169eb25e11a93dd8b992aae054aea60f625,
442,1bf0151d-0092-4024-a719-ebb883658529,ACT,,,,,"The Marine Products Export Development Authority Act, 1972",AC_CEN_23_62_00001_197213_1517807321605,1972,13,ACT,CENTRAL,,123456789/496143,,https://indiacode.gov.in/server/api/core/items/1bf0151d-0092-4024-a719-ebb883658529,https://indiacode.gov.in/act/1bf0151d-0092-4024-a719-ebb883658529,https://indiacode.gov.in/act/1bf0151d-0092-4024-a719-ebb883658529/sections,https://indiacode.gov.in/act/1bf0151d-0092-4024-a719-ebb883658529/schedules,1c54bea365437417756f14aac811c169eb25e11a93dd8b992aae054aea60f625,
443,602efd7f-60e2-40e7-b895-ee3966cc9f21,ACT,,,,,"The Delhi Sikh Gurdwaras Act, 1971",AC_CEN_5_5_00017_197182_1517807320223,1971,82,ACT,CENTRAL,,123456789/496602,,https://indiacode.gov.in/server/api/core/items/602efd7f-60e2-40e7-b895-ee3966cc9f21,https://indiacode.gov.in/act/602efd7f-60e2-40e7-b895-ee3966cc9f21,https://indiacode.gov.in/act/602efd7f-60e2-40e7-b895-ee3966cc9f21/sections,https://indiacode.gov.in/act/602efd7f-60e2-40e7-b895-ee3966cc9f21/schedules,1c54bea365437417756f14aac811c169eb25e11a93dd8b992aae054aea60f625,
444,7ed39b23-670e-43a9-8287-b8b97278d4a4,ACT,,,,,"The North-Eastern Council Act, 1971",AC_CEN_5_5_00013_197184_1517807319796,1971,84,ACT,CENTRAL,,123456789/496599,,https://indiacode.gov.in/server/api/core/items/7ed39b23-670e-43a9-8287-b8b97278d4a4,https://indiacode.gov.in/act/7ed39b23-670e-43a9-8287-b8b97278d4a4,https://indiacode.gov.in/act/7ed39b23-670e-43a9-8287-b8b97278d4a4/sections,https://indiacode.gov.in/act/7ed39b23-670e-43a9-8287-b8b97278d4a4/schedules,1c54bea365437417756f14aac811c169eb25e11a93dd8b992aae054aea60f625,
445,a03bd951-4850-4cae-9763-359d74ffdc69,ACT,,,,,"The North-Eastern Areas (Reorganisation) Act, 1971",AC_CEN_5_5_00012_197181_1517807319607,1971,81,ACT,CENTRAL,,123456789/496598,,https://indiacode.gov.in/server/api/core/items/a03bd951-4850-4cae-9763-359d74ffdc69,https://indiacode.gov.in/act/a03bd951-4850-4cae-9763-359d74ffdc69,https://indiacode.gov.in/act/a03bd951-4850-4cae-9763-359d74ffdc69/sections,https://indiacode.gov.in/act/a03bd951-4850-4cae-9763-359d74ffdc69/schedules,1c54bea365437417756f14aac811c169eb25e11a93dd8b992aae054aea60f625,
446,d82e7170-01dd-402a-a49f-987bd5d833ee,ACT,,,,,"The Manipur (Hill Areas) District Councils Act, 1971",AC_CEN_5_5_00020_197176_1517807320542,1971,76,ACT,CENTRAL,,123456789/496605,,https://indiacode.gov.in/server/api/core/items/d82e7170-01dd-402a-a49f-987bd5d833ee,https://indiacode.gov.in/act/d82e7170-01dd-402a-a49f-987bd5d833ee,https://indiacode.gov.in/act/d82e7170-01dd-402a-a49f-987bd5d833ee/sections,https://indiacode.gov.in/act/d82e7170-01dd-402a-a49f-987bd5d833ee/schedules,1c54bea365437417756f14aac811c169eb25e11a93dd8b992aae054aea60f625,
447,f27f2e75-5b1c-4e01-aec1-1eacf34e05b0,ACT,,,,,"The Contempt of Courts Act, 1971",AC_CEN_3_3_00005_197170_1517807319029,1971,70,ACT,CENTRAL,,123456789/496468,,https://indiacode.gov.in/server/api/core/items/f27f2e75-5b1c-4e01-aec1-1eacf34e05b0,https://indiacode.gov.in/act/f27f2e75-5b1c-4e01-aec1-1eacf34e05b0,https://indiacode.gov.in/act/f27f2e75-5b1c-4e01-aec1-1eacf34e05b0/sections,https://indiacode.gov.in/act/f27f2e75-5b1c-4e01-aec1-1eacf34e05b0/schedules,1c54bea365437417756f14aac811c169eb25e11a93dd8b992aae054aea60f625,
448,b09956f0-89c1-425b-962f-0027b28a3fc0,ACT,,,,,"The Prevention of Insults to National Honour Act, 1971",AC_CEN_5_40_00004_197169_1517807320345,1971,69,ACT,CENTRAL,,123456789/496579,,https://indiacode.gov.in/server/api/core/items/b09956f0-89c1-425b-962f-0027b28a3fc0,https://indiacode.gov.in/act/b09956f0-89c1-425b-962f-0027b28a3fc0,https://indiacode.gov.in/act/b09956f0-89c1-425b-962f-0027b28a3fc0/sections,https://indiacode.gov.in/act/b09956f0-89c1-425b-962f-0027b28a3fc0/schedules,1c54bea365437417756f14aac811c169eb25e11a93dd8b992aae054aea60f625,
449,f7395b2c-37a2-41c3-98f1-889341f6e5ad,ACT,,,,,"The Naval and Aircraft Prize Act, 1971",AC_CEN_28_38_00005_197159_1517807320658,1971,59,ACT,CENTRAL,,123456789/496197,,https://indiacode.gov.in/server/api/core/items/f7395b2c-37a2-41c3-98f1-889341f6e5ad,https://indiacode.gov.in/act/f7395b2c-37a2-41c3-98f1-889341f6e5ad,https://indiacode.gov.in/act/f7395b2c-37a2-41c3-98f1-889341f6e5ad/sections,https://indiacode.gov.in/act/f7395b2c-37a2-41c3-98f1-889341f6e5ad/schedules,1c54bea365437417756f14aac811c169eb25e11a93dd8b992aae054aea60f625,
450,e606bdfa-c399-4162-87b6-0185dae5fd55,ACT,,,,,"The Comptroller Auditor-General's (Duties, Powers and Conditions of Service) Act, 1971",AC_CEN_2_11_00004_197156_1517807318130,1971,56,ACT,CENTRAL,,123456789/496224,,https://indiacode.gov.in/server/api/core/items/e606bdfa-c399-4162-87b6-0185dae5fd55,https://indiacode.gov.in/act/e606bdfa-c399-4162-87b6-0185dae5fd55,https://indiacode.gov.in/act/e606bdfa-c399-4162-87b6-0185dae5fd55/sections,https://indiacode.gov.in/act/e606bdfa-c399-4162-87b6-0185dae5fd55/schedules,1c54bea365437417756f14aac811c169eb25e11a93dd8b992aae054aea60f625,
451,1e1e82f8-d5c8-4bed-9232-2f074ab95370,ACT,,,,,"The Public Premises (Eviction of Unauthorised Occupants) Act, 1971",AC_CEN_17_19_00004_197140_1517807320037,1971,40,ACT,CENTRAL,,123456789/496035,,https://indiacode.gov.in/server/api/core/items/1e1e82f8-d5c8-4bed-9232-2f074ab95370,https://indiacode.gov.in/act/1e1e82f8-d5c8-4bed-9232-2f074ab95370,https://indiacode.gov.in/act/1e1e82f8-d5c8-4bed-9232-2f074ab95370/sections,https://indiacode.gov.in/act/1e1e82f8-d5c8-4bed-9232-2f074ab95370/schedules,1c54bea365437417756f14aac811c169eb25e11a93dd8b992aae054aea60f625,
452,862e4541-98e7-454c-8300-3e2b6b7d0906,ACT,,,,,"The Medical Termination of Pregnancy Act, 1971",AC_CEN_12_13_00006_197134_1517807320428,1971,34,ACT,CENTRAL,,123456789/495973,,https://indiacode.gov.in/server/api/core/items/862e4541-98e7-454c-8300-3e2b6b7d0906,https://indiacode.gov.in/act/862e4541-98e7-454c-8300-3e2b6b7d0906,https://indiacode.gov.in/act/862e4541-98e7-454c-8300-3e2b6b7d0906/sections,https://indiacode.gov.in/act/862e4541-98e7-454c-8300-3e2b6b7d0906/schedules,1c54bea365437417756f14aac811c169eb25e11a93dd8b992aae054aea60f625,
453,836ec600-c402-4830-8b0f-c1aa481d90cd,ACT,,,,,"The State of Himachal Pradesh Act, 1970",AC_CEN_5_5_00004_197053_1517807317961,1970,53,ACT,CENTRAL,,123456789/496592,,https://indiacode.gov.in/server/api/core/items/836ec600-c402-4830-8b0f-c1aa481d90cd,https://indiacode.gov.in/act/836ec600-c402-4830-8b0f-c1aa481d90cd,https://indiacode.gov.in/act/836ec600-c402-4830-8b0f-c1aa481d90cd/sections,https://indiacode.gov.in/act/836ec600-c402-4830-8b0f-c1aa481d90cd/schedules,1c54bea365437417756f14aac811c169eb25e11a93dd8b992aae054aea60f625,
454,a49ad42b-f2dc-4ee2-9884-11ef0839798d,ACT,,,,,"The Patents Act, 1970",AC_CEN_11_61_00002_197039_1517807321764,1970,39,ACT,CENTRAL,,123456789/495964,,https://indiacode.gov.in/server/api/core/items/a49ad42b-f2dc-4ee2-9884-11ef0839798d,https://indiacode.gov.in/act/a49ad42b-f2dc-4ee2-9884-11ef0839798d,https://indiacode.gov.in/act/a49ad42b-f2dc-4ee2-9884-11ef0839798d/sections,https://indiacode.gov.in/act/a49ad42b-f2dc-4ee2-9884-11ef0839798d/schedules,1c54bea365437417756f14aac811c169eb25e11a93dd8b992aae054aea60f625,
455,b0fc5073-36b7-4f2a-bbd0-9a6323556151,ACT,,,,,"The Supreme Court (Enlargement of Criminal Appellate Jurisdiction) Act, 1970",AC_CEN_3_3_00001_197028_1517807317180,1970,28,ACT,CENTRAL,,123456789/496464,,https://indiacode.gov.in/server/api/core/items/b0fc5073-36b7-4f2a-bbd0-9a6323556151,https://indiacode.gov.in/act/b0fc5073-36b7-4f2a-bbd0-9a6323556151,https://indiacode.gov.in/act/b0fc5073-36b7-4f2a-bbd0-9a6323556151/sections,https://indiacode.gov.in/act/b0fc5073-36b7-4f2a-bbd0-9a6323556151/schedules,1c54bea365437417756f14aac811c169eb25e11a93dd8b992aae054aea60f625,
456,7b4924da-ba59-4ef2-8872-0fa509db42c8,ACT,,,,,"The Haryana and Punjab Agricultural Universities Act, 1970",AC_CEN_23_47_00003_197016_1517807321470,1970,16,ACT,CENTRAL,,123456789/496138,,https://indiacode.gov.in/server/api/core/items/7b4924da-ba59-4ef2-8872-0fa509db42c8,https://indiacode.gov.in/act/7b4924da-ba59-4ef2-8872-0fa509db42c8,https://indiacode.gov.in/act/7b4924da-ba59-4ef2-8872-0fa509db42c8/sections,https://indiacode.gov.in/act/7b4924da-ba59-4ef2-8872-0fa509db42c8/schedules,1c54bea365437417756f14aac811c169eb25e11a93dd8b992aae054aea60f625,
457,c7de62b7-04ab-4944-8438-b3a2040ae11d,ACT,,,,,"The Banking Companies (Acquisition and Transfer of Undertakings) Act, 1970",AC_CEN_2_11_00023_197005_1517807321575,1970,5,ACT,CENTRAL,,123456789/496240,,https://indiacode.gov.in/server/api/core/items/c7de62b7-04ab-4944-8438-b3a2040ae11d,https://indiacode.gov.in/act/c7de62b7-04ab-4944-8438-b3a2040ae11d,https://indiacode.gov.in/act/c7de62b7-04ab-4944-8438-b3a2040ae11d/sections,https://indiacode.gov.in/act/c7de62b7-04ab-4944-8438-b3a2040ae11d/schedules,1c54bea365437417756f14aac811c169eb25e11a93dd8b992aae054aea60f625,
458,2f653ede-3c87-40f5-be3f-b66e34071f3f,ACT,,,,,"The Assam Reorganisation (Meghalaya) Act, 1969",AC_CEN_5_5_00045_196955_1517807324804,1969,55,ACT,CENTRAL,,123456789/496626,,https://indiacode.gov.in/server/api/core/items/2f653ede-3c87-40f5-be3f-b66e34071f3f,https://indiacode.gov.in/act/2f653ede-3c87-40f5-be3f-b66e34071f3f,https://indiacode.gov.in/act/2f653ede-3c87-40f5-be3f-b66e34071f3f/sections,https://indiacode.gov.in/act/2f653ede-3c87-40f5-be3f-b66e34071f3f/schedules,1c54bea365437417756f14aac811c169eb25e11a93dd8b992aae054aea60f625,
459,04d8d704-15d6-4bc3-a10e-1647909e9ef1,ACT,,,,,"The Oaths Act, 1969",AC_CEN_3_20_00014_196944_1517807320915,1969,44,ACT,CENTRAL,,123456789/496395,,https://indiacode.gov.in/server/api/core/items/04d8d704-15d6-4bc3-a10e-1647909e9ef1,https://indiacode.gov.in/act/04d8d704-15d6-4bc3-a10e-1647909e9ef1,https://indiacode.gov.in/act/04d8d704-15d6-4bc3-a10e-1647909e9ef1/sections,https://indiacode.gov.in/act/04d8d704-15d6-4bc3-a10e-1647909e9ef1/schedules,1c54bea365437417756f14aac811c169eb25e11a93dd8b992aae054aea60f625,
460,12f421d0-b857-47e6-9485-c614fce9c356,ACT,,,,,"The Bihar Land Reforms Laws (Regulating Mines and Minerals) Validation Act, 1969.",AC_CEN_18_43_00008_196942_1673602840703,1969,42,ACT,CENTRAL,0,123456789/496072,,https://indiacode.gov.in/server/api/core/items/12f421d0-b857-47e6-9485-c614fce9c356,https://indiacode.gov.in/act/12f421d0-b857-47e6-9485-c614fce9c356,https://indiacode.gov.in/act/12f421d0-b857-47e6-9485-c614fce9c356/sections,https://indiacode.gov.in/act/12f421d0-b857-47e6-9485-c614fce9c356/schedules,1c54bea365437417756f14aac811c169eb25e11a93dd8b992aae054aea60f625,
461,a37cfd06-5f22-45f1-a798-ac86d552467b,ACT,,,,,"The Khuda Bakhsh Oriental Public Library Act, 1969",AC_CEN_27_37_00011_196943_1517807324568,1969,43,ACT,CENTRAL,,123456789/496191,,https://indiacode.gov.in/server/api/core/items/a37cfd06-5f22-45f1-a798-ac86d552467b,https://indiacode.gov.in/act/a37cfd06-5f22-45f1-a798-ac86d552467b,https://indiacode.gov.in/act/a37cfd06-5f22-45f1-a798-ac86d552467b/sections,https://indiacode.gov.in/act/a37cfd06-5f22-45f1-a798-ac86d552467b/schedules,1c54bea365437417756f14aac811c169eb25e11a93dd8b992aae054aea60f625,
462,dc3e95a3-9b4f-4334-b06d-6fe7838eec71,ACT,,,,,"The Foreign Marriage Act, 1969",AC_CEN_3_20_00029_196933_1517807324405,1969,33,ACT,CENTRAL,,123456789/496403,,https://indiacode.gov.in/server/api/core/items/dc3e95a3-9b4f-4334-b06d-6fe7838eec71,https://indiacode.gov.in/act/dc3e95a3-9b4f-4334-b06d-6fe7838eec71,https://indiacode.gov.in/act/dc3e95a3-9b4f-4334-b06d-6fe7838eec71/sections,https://indiacode.gov.in/act/dc3e95a3-9b4f-4334-b06d-6fe7838eec71/schedules,1c54bea365437417756f14aac811c169eb25e11a93dd8b992aae054aea60f625,
463,4cdc8541-f479-4b37-9348-0c7941e1fb6f,ACT,,,,,"The Union Territories (Separation of Judicial and Executive Functions) Act, 1969",AC_CEN_5_5_00042_196919_1517807324103,1969,19,ACT,CENTRAL,,123456789/496623,,https://indiacode.gov.in/server/api/core/items/4cdc8541-f479-4b37-9348-0c7941e1fb6f,https://indiacode.gov.in/act/4cdc8541-f479-4b37-9348-0c7941e1fb6f,https://indiacode.gov.in/act/4cdc8541-f479-4b37-9348-0c7941e1fb6f/sections,https://indiacode.gov.in/act/4cdc8541-f479-4b37-9348-0c7941e1fb6f/schedules,1c54bea365437417756f14aac811c169eb25e11a93dd8b992aae054aea60f625,
464,f8696654-4d13-4754-a060-1e5816bfeee6,ACT,,,,,"The Registration of Births and Deaths Act, 1969",AC_CEN_5_40_00006_196918_1517807324141,1969,18,ACT,CENTRAL,,123456789/496581,,https://indiacode.gov.in/server/api/core/items/f8696654-4d13-4754-a060-1e5816bfeee6,https://indiacode.gov.in/act/f8696654-4d13-4754-a060-1e5816bfeee6,https://indiacode.gov.in/act/f8696654-4d13-4754-a060-1e5816bfeee6/sections,https://indiacode.gov.in/act/f8696654-4d13-4754-a060-1e5816bfeee6/schedules,1c54bea365437417756f14aac811c169eb25e11a93dd8b992aae054aea60f625,
465,309ed210-03bd-498f-b43a-915cad4399d6,ACT,,,,,"The President (Discharge of Functions) Act, 1969",AC_CEN_5_40_00005_196916_1517807321216,1969,16,ACT,CENTRAL,,123456789/496580,,https://indiacode.gov.in/server/api/core/items/309ed210-03bd-498f-b43a-915cad4399d6,https://indiacode.gov.in/act/309ed210-03bd-498f-b43a-915cad4399d6,https://indiacode.gov.in/act/309ed210-03bd-498f-b43a-915cad4399d6/sections,https://indiacode.gov.in/act/309ed210-03bd-498f-b43a-915cad4399d6/schedules,1c54bea365437417756f14aac811c169eb25e11a93dd8b992aae054aea60f625,
466,8bd579fb-90c7-478a-88ac-e40c2d3e2e36,ACT,,,,,"The Legislative Assembly of Nagaland (Change in Representation) Act, 1968",AC_CEN_3_20_00011_196861_1517807320262,1968,61,ACT,CENTRAL,,123456789/496393,,https://indiacode.gov.in/server/api/core/items/8bd579fb-90c7-478a-88ac-e40c2d3e2e36,https://indiacode.gov.in/act/8bd579fb-90c7-478a-88ac-e40c2d3e2e36,https://indiacode.gov.in/act/8bd579fb-90c7-478a-88ac-e40c2d3e2e36/sections,https://indiacode.gov.in/act/8bd579fb-90c7-478a-88ac-e40c2d3e2e36/schedules,1c54bea365437417756f14aac811c169eb25e11a93dd8b992aae054aea60f625,
467,5c94ffc6-0aee-4ce1-9cce-5cc94ca57f65,ACT,,,,,"The Judges (Inquiry) Act, 1968",AC_CEN_3_3_00008_196851_1517807319594,1968,51,ACT,CENTRAL,,123456789/496471,,https://indiacode.gov.in/server/api/core/items/5c94ffc6-0aee-4ce1-9cce-5cc94ca57f65,https://indiacode.gov.in/act/5c94ffc6-0aee-4ce1-9cce-5cc94ca57f65,https://indiacode.gov.in/act/5c94ffc6-0aee-4ce1-9cce-5cc94ca57f65/sections,https://indiacode.gov.in/act/5c94ffc6-0aee-4ce1-9cce-5cc94ca57f65/schedules,1c54bea365437417756f14aac811c169eb25e11a93dd8b992aae054aea60f625,
468,a5cd4700-5ab8-41ee-be2e-18ca8e39c732,ACT,,,,,"The Central Industrial Security Force Act, 1968",AC_CEN_5_23_00009_196850_1517807320389,1968,50,ACT,CENTRAL,,123456789/496527,,https://indiacode.gov.in/server/api/core/items/a5cd4700-5ab8-41ee-be2e-18ca8e39c732,https://indiacode.gov.in/act/a5cd4700-5ab8-41ee-be2e-18ca8e39c732,https://indiacode.gov.in/act/a5cd4700-5ab8-41ee-be2e-18ca8e39c732/sections,https://indiacode.gov.in/act/a5cd4700-5ab8-41ee-be2e-18ca8e39c732/schedules,1c54bea365437417756f14aac811c169eb25e11a93dd8b992aae054aea60f625,
469,4b02f3f9-5987-4d4f-a10a-9ad8432b91ac,ACT,,,,,"The Border Security Force Act, 1968",AC_CEN_5_23_00003_196847_1517807319062,1968,47,ACT,CENTRAL,,123456789/496523,,https://indiacode.gov.in/server/api/core/items/4b02f3f9-5987-4d4f-a10a-9ad8432b91ac,https://indiacode.gov.in/act/4b02f3f9-5987-4d4f-a10a-9ad8432b91ac,https://indiacode.gov.in/act/4b02f3f9-5987-4d4f-a10a-9ad8432b91ac/sections,https://indiacode.gov.in/act/4b02f3f9-5987-4d4f-a10a-9ad8432b91ac/schedules,1c54bea365437417756f14aac811c169eb25e11a93dd8b992aae054aea60f625,
470,bf0ad290-f016-480d-9832-2b81d29e9975,ACT,,,,,"The Insecticides Act, 1968",AC_CEN_23_31_00001_196846_1517807318487,1968,46,ACT,CENTRAL,,123456789/496129,,https://indiacode.gov.in/server/api/core/items/bf0ad290-f016-480d-9832-2b81d29e9975,https://indiacode.gov.in/act/bf0ad290-f016-480d-9832-2b81d29e9975,https://indiacode.gov.in/act/bf0ad290-f016-480d-9832-2b81d29e9975/sections,https://indiacode.gov.in/act/bf0ad290-f016-480d-9832-2b81d29e9975/schedules,1c54bea365437417756f14aac811c169eb25e11a93dd8b992aae054aea60f625,
471,eb8c3158-1100-482f-8120-d102d45944f2,ACT,,,,,"The Andhra Pradesh and Mysore (Transfer of Territory) Act, 1968",AC_CEN_5_5_00016_196836_1517807320060,1968,36,ACT,CENTRAL,,123456789/496601,,https://indiacode.gov.in/server/api/core/items/eb8c3158-1100-482f-8120-d102d45944f2,https://indiacode.gov.in/act/eb8c3158-1100-482f-8120-d102d45944f2,https://indiacode.gov.in/act/eb8c3158-1100-482f-8120-d102d45944f2/sections,https://indiacode.gov.in/act/eb8c3158-1100-482f-8120-d102d45944f2/schedules,1c54bea365437417756f14aac811c169eb25e11a93dd8b992aae054aea60f625,
472,01d8d550-7b97-441b-ad6d-38d0f3cd91f4,ACT,,,,,"The Enemy Property Act, 1968",AC_CEN_10_10_00006_196834_1517807319967,1968,34,ACT,CENTRAL,,123456789/495938,,https://indiacode.gov.in/server/api/core/items/01d8d550-7b97-441b-ad6d-38d0f3cd91f4,https://indiacode.gov.in/act/01d8d550-7b97-441b-ad6d-38d0f3cd91f4,https://indiacode.gov.in/act/01d8d550-7b97-441b-ad6d-38d0f3cd91f4/sections,https://indiacode.gov.in/act/01d8d550-7b97-441b-ad6d-38d0f3cd91f4/schedules,1c54bea365437417756f14aac811c169eb25e11a93dd8b992aae054aea60f625,
473,d4607b1c-6fca-4dfa-b752-7a038752b85e,ACT,,,,,"The Central Laws (Extension to Jammu and Kashmir) Act, 1968",AC_CEN_5_34_00001_196825_1517807318681,1968,25,ACT,CENTRAL,,123456789/496572,,https://indiacode.gov.in/server/api/core/items/d4607b1c-6fca-4dfa-b752-7a038752b85e,https://indiacode.gov.in/act/d4607b1c-6fca-4dfa-b752-7a038752b85e,https://indiacode.gov.in/act/d4607b1c-6fca-4dfa-b752-7a038752b85e/sections,https://indiacode.gov.in/act/d4607b1c-6fca-4dfa-b752-7a038752b85e/schedules,1c54bea365437417756f14aac811c169eb25e11a93dd8b992aae054aea60f625,
474,93313dad-9330-48e2-9721-bea57f81446e,ACT,,,,,"The Civil Defence Act, 1968",AC_CEN_5_23_00004_196827_1517807319412,1968,27,ACT,CENTRAL,,123456789/496524,,https://indiacode.gov.in/server/api/core/items/93313dad-9330-48e2-9721-bea57f81446e,https://indiacode.gov.in/act/93313dad-9330-48e2-9721-bea57f81446e,https://indiacode.gov.in/act/93313dad-9330-48e2-9721-bea57f81446e/sections,https://indiacode.gov.in/act/93313dad-9330-48e2-9721-bea57f81446e/schedules,1c54bea365437417756f14aac811c169eb25e11a93dd8b992aae054aea60f625,
475,c34907fd-ca62-4953-96cd-db7a0e466c8f,ACT,,,,,"The Pondicherry (Extension of Laws) Act, 1968",AC_CEN_5_5_00018_196826_1517807320284,1968,26,ACT,CENTRAL,,123456789/496603,,https://indiacode.gov.in/server/api/core/items/c34907fd-ca62-4953-96cd-db7a0e466c8f,https://indiacode.gov.in/act/c34907fd-ca62-4953-96cd-db7a0e466c8f,https://indiacode.gov.in/act/c34907fd-ca62-4953-96cd-db7a0e466c8f/sections,https://indiacode.gov.in/act/c34907fd-ca62-4953-96cd-db7a0e466c8f/schedules,1c54bea365437417756f14aac811c169eb25e11a93dd8b992aae054aea60f625,
476,f21223ed-908b-44d3-81c3-e1054a97ee41,ACT,,,,,"The Bihar and Uttar Pradesh (Alteration of Boundaries) Act, 1968",AC_CEN_5_5_00007_196824_1517807318543,1968,24,ACT,CENTRAL,,123456789/496595,,https://indiacode.gov.in/server/api/core/items/f21223ed-908b-44d3-81c3-e1054a97ee41,https://indiacode.gov.in/act/f21223ed-908b-44d3-81c3-e1054a97ee41,https://indiacode.gov.in/act/f21223ed-908b-44d3-81c3-e1054a97ee41/sections,https://indiacode.gov.in/act/f21223ed-908b-44d3-81c3-e1054a97ee41/schedules,1c54bea365437417756f14aac811c169eb25e11a93dd8b992aae054aea60f625,
477,2e74ca60-219a-4765-b1b4-94b33c91f539,ACT,,,,,"The Jammu and Kashmir Representation of the People (Supplementary) Act, 1968",AC_CEN_3_20_00072_19683_1532945434555,1968,3,ACT,CENTRAL,0,123456789/496448,,https://indiacode.gov.in/server/api/core/items/2e74ca60-219a-4765-b1b4-94b33c91f539,https://indiacode.gov.in/act/2e74ca60-219a-4765-b1b4-94b33c91f539,https://indiacode.gov.in/act/2e74ca60-219a-4765-b1b4-94b33c91f539/sections,https://indiacode.gov.in/act/2e74ca60-219a-4765-b1b4-94b33c91f539/schedules,1c54bea365437417756f14aac811c169eb25e11a93dd8b992aae054aea60f625,
478,fa986084-35d9-4391-a7e1-9561c880d8bb,ACT,,,,,"The Unlawful Activities (Prevention) Act, 1967",AC_CEN_5_23_00001_196737_1517807318055,1967,37,ACT,CENTRAL,,123456789/496521,,https://indiacode.gov.in/server/api/core/items/fa986084-35d9-4391-a7e1-9561c880d8bb,https://indiacode.gov.in/act/fa986084-35d9-4391-a7e1-9561c880d8bb,https://indiacode.gov.in/act/fa986084-35d9-4391-a7e1-9561c880d8bb/sections,https://indiacode.gov.in/act/fa986084-35d9-4391-a7e1-9561c880d8bb/schedules,1c54bea365437417756f14aac811c169eb25e11a93dd8b992aae054aea60f625,
479,ef0710ef-dbdf-4838-9119-d4e33c8ee1f9,ACT,,,,,"The Passports Act, 1967",AC_CEN_10_10_00008_196715_1517807321481,1967,15,ACT,CENTRAL,,123456789/495940,,https://indiacode.gov.in/server/api/core/items/ef0710ef-dbdf-4838-9119-d4e33c8ee1f9,https://indiacode.gov.in/act/ef0710ef-dbdf-4838-9119-d4e33c8ee1f9,https://indiacode.gov.in/act/ef0710ef-dbdf-4838-9119-d4e33c8ee1f9/sections,https://indiacode.gov.in/act/ef0710ef-dbdf-4838-9119-d4e33c8ee1f9/schedules,1c54bea365437417756f14aac811c169eb25e11a93dd8b992aae054aea60f625,
480,703c82a7-d119-49c4-bccf-b4cdc7765118,ACT,,,,,"The Land Acquisition (Amendment and Validation) Act, 1967",AC_CEN_18_43_00007_196713_1673602452661,1967,13,ACT,CENTRAL,0,123456789/496071,,https://indiacode.gov.in/server/api/core/items/703c82a7-d119-49c4-bccf-b4cdc7765118,https://indiacode.gov.in/act/703c82a7-d119-49c4-bccf-b4cdc7765118,https://indiacode.gov.in/act/703c82a7-d119-49c4-bccf-b4cdc7765118/sections,https://indiacode.gov.in/act/703c82a7-d119-49c4-bccf-b4cdc7765118/schedules,1c54bea365437417756f14aac811c169eb25e11a93dd8b992aae054aea60f625,
481,11b5883b-b60e-407b-9a74-44381eb236cf,ACT,,,,,"The Seeds Act, 1966",AC_CEN_23_47_00004_196654_1517807324995,1966,54,ACT,CENTRAL,,123456789/496139,,https://indiacode.gov.in/server/api/core/items/11b5883b-b60e-407b-9a74-44381eb236cf,https://indiacode.gov.in/act/11b5883b-b60e-407b-9a74-44381eb236cf,https://indiacode.gov.in/act/11b5883b-b60e-407b-9a74-44381eb236cf/sections,https://indiacode.gov.in/act/11b5883b-b60e-407b-9a74-44381eb236cf/schedules,1c54bea365437417756f14aac811c169eb25e11a93dd8b992aae054aea60f625,
482,4ae79954-9716-4dae-bc69-acf8a4bc9553,ACT,,,,,"The Jawaharlal Nehru University Act, 1966",AC_CEN_9_30_00016_196653_1517807324379,1966,53,ACT,CENTRAL,,123456789/496742,,https://indiacode.gov.in/server/api/core/items/4ae79954-9716-4dae-bc69-acf8a4bc9553,https://indiacode.gov.in/act/4ae79954-9716-4dae-bc69-acf8a4bc9553,https://indiacode.gov.in/act/4ae79954-9716-4dae-bc69-acf8a4bc9553/sections,https://indiacode.gov.in/act/4ae79954-9716-4dae-bc69-acf8a4bc9553/schedules,1c54bea365437417756f14aac811c169eb25e11a93dd8b992aae054aea60f625,
483,8a0e286a-4f0c-413b-8e69-dab16644313d,ACT,,,,,"The Post-Graduate Institute of Medical Education and Research, Chandigarh, Act 1966",AC_CEN_9_30_00015_196651_1517807324310,1966,51,ACT,CENTRAL,,123456789/496741,,https://indiacode.gov.in/server/api/core/items/8a0e286a-4f0c-413b-8e69-dab16644313d,https://indiacode.gov.in/act/8a0e286a-4f0c-413b-8e69-dab16644313d,https://indiacode.gov.in/act/8a0e286a-4f0c-413b-8e69-dab16644313d/sections,https://indiacode.gov.in/act/8a0e286a-4f0c-413b-8e69-dab16644313d/schedules,1c54bea365437417756f14aac811c169eb25e11a93dd8b992aae054aea60f625,
484,acb7d012-05f3-4e04-9259-db5372680451,ACT,,,,,"The Police-Forces (Restriction of Rights) Act, 1966",AC_CEN_5_23_00017_196633_1517807324758,1966,33,ACT,CENTRAL,,123456789/496531,,https://indiacode.gov.in/server/api/core/items/acb7d012-05f3-4e04-9259-db5372680451,https://indiacode.gov.in/act/acb7d012-05f3-4e04-9259-db5372680451,https://indiacode.gov.in/act/acb7d012-05f3-4e04-9259-db5372680451/sections,https://indiacode.gov.in/act/acb7d012-05f3-4e04-9259-db5372680451/schedules,1c54bea365437417756f14aac811c169eb25e11a93dd8b992aae054aea60f625,
485,f992cbc9-fa10-4b82-b50b-03cd3b3bcb52,ACT,,,,,"The Punjab Reorganisation Act, 1966",AC_CEN_5_5_00014_196631_1517807319807,1966,31,ACT,CENTRAL,,123456789/496600,,https://indiacode.gov.in/server/api/core/items/f992cbc9-fa10-4b82-b50b-03cd3b3bcb52,https://indiacode.gov.in/act/f992cbc9-fa10-4b82-b50b-03cd3b3bcb52,https://indiacode.gov.in/act/f992cbc9-fa10-4b82-b50b-03cd3b3bcb52/sections,https://indiacode.gov.in/act/f992cbc9-fa10-4b82-b50b-03cd3b3bcb52/schedules,1c54bea365437417756f14aac811c169eb25e11a93dd8b992aae054aea60f625,
486,41fae469-4529-457d-aaeb-6ccd054c02b0,ACT,,,,,"The Railway Property (Unlawful Possession) Act, 1966",AC_CEN_1_1_00005_196629_1517807324593,1966,29,ACT,CENTRAL,,123456789/496088,,https://indiacode.gov.in/server/api/core/items/41fae469-4529-457d-aaeb-6ccd054c02b0,https://indiacode.gov.in/act/41fae469-4529-457d-aaeb-6ccd054c02b0,https://indiacode.gov.in/act/41fae469-4529-457d-aaeb-6ccd054c02b0/sections,https://indiacode.gov.in/act/41fae469-4529-457d-aaeb-6ccd054c02b0/schedules,1c54bea365437417756f14aac811c169eb25e11a93dd8b992aae054aea60f625,
487,3c929b66-d3b5-4955-a8a1-29ddba500cfb,ACT,,,,,"The Delhi High Court Act, 1966",AC_CEN_3_3_00016_196626_1517807324274,1966,26,ACT,CENTRAL,,123456789/496475,,https://indiacode.gov.in/server/api/core/items/3c929b66-d3b5-4955-a8a1-29ddba500cfb,https://indiacode.gov.in/act/3c929b66-d3b5-4955-a8a1-29ddba500cfb,https://indiacode.gov.in/act/3c929b66-d3b5-4955-a8a1-29ddba500cfb/sections,https://indiacode.gov.in/act/3c929b66-d3b5-4955-a8a1-29ddba500cfb/schedules,1c54bea365437417756f14aac811c169eb25e11a93dd8b992aae054aea60f625,
488,8a13e8c3-a82d-4364-b684-6ecd668e27cf,ACT,,,,,"The Asian Development Bank Act, 1966",AC_CEN_2_11_00015_196618_1517807319945,1966,18,ACT,CENTRAL,,123456789/496233,,https://indiacode.gov.in/server/api/core/items/8a13e8c3-a82d-4364-b684-6ecd668e27cf,https://indiacode.gov.in/act/8a13e8c3-a82d-4364-b684-6ecd668e27cf,https://indiacode.gov.in/act/8a13e8c3-a82d-4364-b684-6ecd668e27cf/sections,https://indiacode.gov.in/act/8a13e8c3-a82d-4364-b684-6ecd668e27cf/schedules,1c54bea365437417756f14aac811c169eb25e11a93dd8b992aae054aea60f625,
489,5e04d948-a5d0-4e5f-8088-a23c39a92a05,ACT,,,,,"The Seamen's Provident Fund Act, 1966",AC_CEN_6_6_00013_196604_1517807320985,1966,4,ACT,CENTRAL,,123456789/496705,,https://indiacode.gov.in/server/api/core/items/5e04d948-a5d0-4e5f-8088-a23c39a92a05,https://indiacode.gov.in/act/5e04d948-a5d0-4e5f-8088-a23c39a92a05,https://indiacode.gov.in/act/5e04d948-a5d0-4e5f-8088-a23c39a92a05/sections,https://indiacode.gov.in/act/5e04d948-a5d0-4e5f-8088-a23c39a92a05/schedules,1c54bea365437417756f14aac811c169eb25e11a93dd8b992aae054aea60f625,
490,7a799cf5-cef1-41e6-8fd2-62995ebda783,ACT,,,,,"The Union Territories (Direct Election to the House of the People) Act, 1965",AC_CEN_3_20_00007_196549_1517807319766,1965,49,ACT,CENTRAL,,123456789/496391,,https://indiacode.gov.in/server/api/core/items/7a799cf5-cef1-41e6-8fd2-62995ebda783,https://indiacode.gov.in/act/7a799cf5-cef1-41e6-8fd2-62995ebda783,https://indiacode.gov.in/act/7a799cf5-cef1-41e6-8fd2-62995ebda783/sections,https://indiacode.gov.in/act/7a799cf5-cef1-41e6-8fd2-62995ebda783/schedules,1c54bea365437417756f14aac811c169eb25e11a93dd8b992aae054aea60f625,
491,7aa76c7e-0ca0-4cd8-ac61-fc0fdbd1a2bd,ACT,,,,,"The Cardamom Act, 1965",AC_CEN_11_12_00002_196542_1517807318367,1965,42,ACT,CENTRAL,,123456789/495952,,https://indiacode.gov.in/server/api/core/items/7aa76c7e-0ca0-4cd8-ac61-fc0fdbd1a2bd,https://indiacode.gov.in/act/7aa76c7e-0ca0-4cd8-ac61-fc0fdbd1a2bd,https://indiacode.gov.in/act/7aa76c7e-0ca0-4cd8-ac61-fc0fdbd1a2bd/sections,https://indiacode.gov.in/act/7aa76c7e-0ca0-4cd8-ac61-fc0fdbd1a2bd/schedules,1c54bea365437417756f14aac811c169eb25e11a93dd8b992aae054aea60f625,
492,dea0557b-c50f-4277-b3c9-8f1b36d20145,ACT,,,,,"The Railways (Employment of Members of the Armed Forces) Act, 1965",AC_CEN_1_1_00002_196540_1517807319909,1965,40,ACT,CENTRAL,,123456789/496086,,https://indiacode.gov.in/server/api/core/items/dea0557b-c50f-4277-b3c9-8f1b36d20145,https://indiacode.gov.in/act/dea0557b-c50f-4277-b3c9-8f1b36d20145,https://indiacode.gov.in/act/dea0557b-c50f-4277-b3c9-8f1b36d20145/sections,https://indiacode.gov.in/act/dea0557b-c50f-4277-b3c9-8f1b36d20145/schedules,1c54bea365437417756f14aac811c169eb25e11a93dd8b992aae054aea60f625,
493,2c621058-2159-4881-9c0c-eca269fe6a3d,ACT,,,,,"The Goa, Daman and Diu (Extension of the Code of Civil Procedure and the Arbitration Act) Act, 1965",AC_CEN_3_20_000010_196530_1517807320098,1965,30,ACT,CENTRAL,,123456789/496386,,https://indiacode.gov.in/server/api/core/items/2c621058-2159-4881-9c0c-eca269fe6a3d,https://indiacode.gov.in/act/2c621058-2159-4881-9c0c-eca269fe6a3d,https://indiacode.gov.in/act/2c621058-2159-4881-9c0c-eca269fe6a3d/sections,https://indiacode.gov.in/act/2c621058-2159-4881-9c0c-eca269fe6a3d/schedules,1c54bea365437417756f14aac811c169eb25e11a93dd8b992aae054aea60f625,
494,200f8df6-69b1-4d87-8c91-fed6e66774ac,ACT,,,,,"The Warehousing Corporations (Supplementary) Act, 1965",AC_CEN_21_28_00002_196520_1517807319565,1965,20,ACT,CENTRAL,,123456789/496106,,https://indiacode.gov.in/server/api/core/items/200f8df6-69b1-4d87-8c91-fed6e66774ac,https://indiacode.gov.in/act/200f8df6-69b1-4d87-8c91-fed6e66774ac,https://indiacode.gov.in/act/200f8df6-69b1-4d87-8c91-fed6e66774ac/sections,https://indiacode.gov.in/act/200f8df6-69b1-4d87-8c91-fed6e66774ac/schedules,1c54bea365437417756f14aac811c169eb25e11a93dd8b992aae054aea60f625,
495,34200925-cabc-465e-92df-d0e9345ca7ca,ACT,,,,,"The Food Corporations Act, 1964",AC_CEN_39_65_00001_196437_1517807322282,1964,37,ACT,CENTRAL,,123456789/496381,,https://indiacode.gov.in/server/api/core/items/34200925-cabc-465e-92df-d0e9345ca7ca,https://indiacode.gov.in/act/34200925-cabc-465e-92df-d0e9345ca7ca,https://indiacode.gov.in/act/34200925-cabc-465e-92df-d0e9345ca7ca/sections,https://indiacode.gov.in/act/34200925-cabc-465e-92df-d0e9345ca7ca/schedules,1c54bea365437417756f14aac811c169eb25e11a93dd8b992aae054aea60f625,
496,aff71098-3cc6-4b8b-8efb-48760df6e142,ACT,,,,,"The Legal Tender (Inscribed Notes) Act, 1964",AC_CEN_2_11_00025_196428_1517807321930,1964,28,ACT,CENTRAL,,123456789/496241,,https://indiacode.gov.in/server/api/core/items/aff71098-3cc6-4b8b-8efb-48760df6e142,https://indiacode.gov.in/act/aff71098-3cc6-4b8b-8efb-48760df6e142,https://indiacode.gov.in/act/aff71098-3cc6-4b8b-8efb-48760df6e142/sections,https://indiacode.gov.in/act/aff71098-3cc6-4b8b-8efb-48760df6e142/schedules,1c54bea365437417756f14aac811c169eb25e11a93dd8b992aae054aea60f625,
497,6f1aa694-8385-4552-8429-91fb6fa8cb10,ACT,,,,,"The Taxation Laws (Continuation and Validation of Recovery Proceedings) Act, 1964",AC_CEN_2_2_00021_196411_1517807322392,1964,11,ACT,CENTRAL,,123456789/496288,,https://indiacode.gov.in/server/api/core/items/6f1aa694-8385-4552-8429-91fb6fa8cb10,https://indiacode.gov.in/act/6f1aa694-8385-4552-8429-91fb6fa8cb10,https://indiacode.gov.in/act/6f1aa694-8385-4552-8429-91fb6fa8cb10/sections,https://indiacode.gov.in/act/6f1aa694-8385-4552-8429-91fb6fa8cb10/schedules,1c54bea365437417756f14aac811c169eb25e11a93dd8b992aae054aea60f625,
498,fe6585ce-21e5-4eae-b1af-26cda8e2af7b,ACT,,,,,"The Dakshina Bharat Hindi Prachar Sabha Act, 1964",AC_CEN_9_30_00007_196414_1517807322573,1964,14,ACT,CENTRAL,,123456789/496734,,https://indiacode.gov.in/server/api/core/items/fe6585ce-21e5-4eae-b1af-26cda8e2af7b,https://indiacode.gov.in/act/fe6585ce-21e5-4eae-b1af-26cda8e2af7b,https://indiacode.gov.in/act/fe6585ce-21e5-4eae-b1af-26cda8e2af7b/sections,https://indiacode.gov.in/act/fe6585ce-21e5-4eae-b1af-26cda8e2af7b/schedules,1c54bea365437417756f14aac811c169eb25e11a93dd8b992aae054aea60f625,
499,9a264d5d-56ee-4ff7-be34-559fc6ca5666,ACT,,,,,"The Companies (Profits) Surtax Act, 1964",AC_CEN_2_45_00002_196407_1517807321251,1964,7,ACT,CENTRAL,,123456789/496325,,https://indiacode.gov.in/server/api/core/items/9a264d5d-56ee-4ff7-be34-559fc6ca5666,https://indiacode.gov.in/act/9a264d5d-56ee-4ff7-be34-559fc6ca5666,https://indiacode.gov.in/act/9a264d5d-56ee-4ff7-be34-559fc6ca5666/sections,https://indiacode.gov.in/act/9a264d5d-56ee-4ff7-be34-559fc6ca5666/schedules,1c54bea365437417756f14aac811c169eb25e11a93dd8b992aae054aea60f625,
500,5b64ccdf-d145-4658-a1ac-20c6bca8cdeb,ACT,,,,,"The Central Boards of Revenue Act, 1963",AC_CEN_2_2_00004_196354_1517807318186,1963,54,ACT,CENTRAL,,123456789/496279,,https://indiacode.gov.in/server/api/core/items/5b64ccdf-d145-4658-a1ac-20c6bca8cdeb,https://indiacode.gov.in/act/5b64ccdf-d145-4658-a1ac-20c6bca8cdeb,https://indiacode.gov.in/act/5b64ccdf-d145-4658-a1ac-20c6bca8cdeb/sections,https://indiacode.gov.in/act/5b64ccdf-d145-4658-a1ac-20c6bca8cdeb/schedules,1c54bea365437417756f14aac811c169eb25e11a93dd8b992aae054aea60f625,
501,e0a1c7bb-8bed-47d7-a0b6-9fd3c8a3944c,ACT,,,,,"The Specific Relief Act, 1963",AC_CEN_3_20_00009_196347_1517807320084,1963,47,ACT,CENTRAL,,123456789/496392,,https://indiacode.gov.in/server/api/core/items/e0a1c7bb-8bed-47d7-a0b6-9fd3c8a3944c,https://indiacode.gov.in/act/e0a1c7bb-8bed-47d7-a0b6-9fd3c8a3944c,https://indiacode.gov.in/act/e0a1c7bb-8bed-47d7-a0b6-9fd3c8a3944c/sections,https://indiacode.gov.in/act/e0a1c7bb-8bed-47d7-a0b6-9fd3c8a3944c/schedules,7f9406131d94ded2593b4bce730bcd918ad6c3d823f3dc5c36319bdb78515202,
502,148f2cce-5b31-4526-8f44-9598b624a02c,ACT,,,,,"The Administrators-General Act, 1963",AC_CEN_3_20_00006_196345_1517807319400,1963,45,ACT,CENTRAL,,123456789/496390,,https://indiacode.gov.in/server/api/core/items/148f2cce-5b31-4526-8f44-9598b624a02c,https://indiacode.gov.in/act/148f2cce-5b31-4526-8f44-9598b624a02c,https://indiacode.gov.in/act/148f2cce-5b31-4526-8f44-9598b624a02c/sections,https://indiacode.gov.in/act/148f2cce-5b31-4526-8f44-9598b624a02c/schedules,7f9406131d94ded2593b4bce730bcd918ad6c3d823f3dc5c36319bdb78515202,
503,39c10750-25da-477d-87ea-21084d8f9e89,ACT,,,,,"The Textiles Committee Act, 1963",AC_CEN_20_25_00001_196341_1517807318207,1963,41,ACT,CENTRAL,,123456789/496093,,https://indiacode.gov.in/server/api/core/items/39c10750-25da-477d-87ea-21084d8f9e89,https://indiacode.gov.in/act/39c10750-25da-477d-87ea-21084d8f9e89,https://indiacode.gov.in/act/39c10750-25da-477d-87ea-21084d8f9e89/sections,https://indiacode.gov.in/act/39c10750-25da-477d-87ea-21084d8f9e89/schedules,7f9406131d94ded2593b4bce730bcd918ad6c3d823f3dc5c36319bdb78515202,
504,5e69d11a-63e7-4a63-b86f-e063bcdeaee2,ACT,,,,,"The Limitation Act, 1963",AC_CEN_3_20_00005_196336_1517807319297,1963,36,ACT,CENTRAL,,123456789/496389,,https://indiacode.gov.in/server/api/core/items/5e69d11a-63e7-4a63-b86f-e063bcdeaee2,https://indiacode.gov.in/act/5e69d11a-63e7-4a63-b86f-e063bcdeaee2,https://indiacode.gov.in/act/5e69d11a-63e7-4a63-b86f-e063bcdeaee2/sections,https://indiacode.gov.in/act/5e69d11a-63e7-4a63-b86f-e063bcdeaee2/schedules,7f9406131d94ded2593b4bce730bcd918ad6c3d823f3dc5c36319bdb78515202,
505,caf6c973-6d87-4bac-a3c1-d700d831f5e0,ACT,,,,,"The Export (Quality Control and Inspection) Act, 1963",AC_CEN_11_12_00004_196322_1517807320141,1963,22,ACT,CENTRAL,,123456789/495954,,https://indiacode.gov.in/server/api/core/items/caf6c973-6d87-4bac-a3c1-d700d831f5e0,https://indiacode.gov.in/act/caf6c973-6d87-4bac-a3c1-d700d831f5e0,https://indiacode.gov.in/act/caf6c973-6d87-4bac-a3c1-d700d831f5e0/sections,https://indiacode.gov.in/act/caf6c973-6d87-4bac-a3c1-d700d831f5e0/schedules,7f9406131d94ded2593b4bce730bcd918ad6c3d823f3dc5c36319bdb78515202,
506,14958e7d-71fb-4e4f-a358-32c3eb8e69f8,ACT,,,,,"The Government of Union Territories Act, 1963",AC_CEN_5_5_00002_196320_1517807317637,1963,20,ACT,CENTRAL,,123456789/496590,,https://indiacode.gov.in/server/api/core/items/14958e7d-71fb-4e4f-a358-32c3eb8e69f8,https://indiacode.gov.in/act/14958e7d-71fb-4e4f-a358-32c3eb8e69f8,https://indiacode.gov.in/act/14958e7d-71fb-4e4f-a358-32c3eb8e69f8/sections,https://indiacode.gov.in/act/14958e7d-71fb-4e4f-a358-32c3eb8e69f8/schedules,7f9406131d94ded2593b4bce730bcd918ad6c3d823f3dc5c36319bdb78515202,
507,dd1d2a69-06dd-462c-aafa-2d6240579cb1,ACT,,,,,"The Official Languages Act, 1963",AC_CEN_5_39_00001_196319_1517807319151,1963,19,ACT,CENTRAL,,123456789/496575,,https://indiacode.gov.in/server/api/core/items/dd1d2a69-06dd-462c-aafa-2d6240579cb1,https://indiacode.gov.in/act/dd1d2a69-06dd-462c-aafa-2d6240579cb1,https://indiacode.gov.in/act/dd1d2a69-06dd-462c-aafa-2d6240579cb1/sections,https://indiacode.gov.in/act/dd1d2a69-06dd-462c-aafa-2d6240579cb1/schedules,7f9406131d94ded2593b4bce730bcd918ad6c3d823f3dc5c36319bdb78515202,
508,bdf4f76e-723e-424d-826c-6b7b18b04e66,ACT,,,,,"The Marine Insurance Act, 1963",AC_CEN_2_11_00006_196311_1517807318286,1963,11,ACT,CENTRAL,,123456789/496226,,https://indiacode.gov.in/server/api/core/items/bdf4f76e-723e-424d-826c-6b7b18b04e66,https://indiacode.gov.in/act/bdf4f76e-723e-424d-826c-6b7b18b04e66,https://indiacode.gov.in/act/bdf4f76e-723e-424d-826c-6b7b18b04e66/sections,https://indiacode.gov.in/act/bdf4f76e-723e-424d-826c-6b7b18b04e66/schedules,7f9406131d94ded2593b4bce730bcd918ad6c3d823f3dc5c36319bdb78515202,
509,cda1ed14-6bf9-4f1a-b6b0-8a016acc9fa8,ACT,,,,,"The Warehousing Corporations Act, 1962",AC_CEN_21_28_00005_196258_1517807321370,1962,58,ACT,CENTRAL,,123456789/496108,,https://indiacode.gov.in/server/api/core/items/cda1ed14-6bf9-4f1a-b6b0-8a016acc9fa8,https://indiacode.gov.in/act/cda1ed14-6bf9-4f1a-b6b0-8a016acc9fa8,https://indiacode.gov.in/act/cda1ed14-6bf9-4f1a-b6b0-8a016acc9fa8/sections,https://indiacode.gov.in/act/cda1ed14-6bf9-4f1a-b6b0-8a016acc9fa8/schedules,7f9406131d94ded2593b4bce730bcd918ad6c3d823f3dc5c36319bdb78515202,
510,7a05182a-2908-467d-8fb6-9251f9d54e53,ACT,,,,,"The Delhi Motor Vehicles Taxation Act, 1962",AC_CEN_7_7_00001_196257_1517807317320,1962,57,ACT,CENTRAL,,123456789/496715,,https://indiacode.gov.in/server/api/core/items/7a05182a-2908-467d-8fb6-9251f9d54e53,https://indiacode.gov.in/act/7a05182a-2908-467d-8fb6-9251f9d54e53,https://indiacode.gov.in/act/7a05182a-2908-467d-8fb6-9251f9d54e53/sections,https://indiacode.gov.in/act/7a05182a-2908-467d-8fb6-9251f9d54e53/schedules,7f9406131d94ded2593b4bce730bcd918ad6c3d823f3dc5c36319bdb78515202,
511,c1b65e5a-e0a8-46cc-921a-7ac64f0d1f0d,ACT,,,,,"The State-Associated Banks (Miscellaneous Provisions) Act, 1962",AC_CEN_2_11_00030_196256_1517807322465,1962,56,ACT,CENTRAL,,123456789/496249,,https://indiacode.gov.in/server/api/core/items/c1b65e5a-e0a8-46cc-921a-7ac64f0d1f0d,https://indiacode.gov.in/act/c1b65e5a-e0a8-46cc-921a-7ac64f0d1f0d,https://indiacode.gov.in/act/c1b65e5a-e0a8-46cc-921a-7ac64f0d1f0d/sections,https://indiacode.gov.in/act/c1b65e5a-e0a8-46cc-921a-7ac64f0d1f0d/schedules,7f9406131d94ded2593b4bce730bcd918ad6c3d823f3dc5c36319bdb78515202,
512,5b38b7b8-6708-4630-85d2-8b14a28e53d3,ACT,,,,,"The Customs Act, 1962",AC_CEN_2_2_00042_196252_1534829466423,1962,52,ACT,CENTRAL,0,123456789/496309,,https://indiacode.gov.in/server/api/core/items/5b38b7b8-6708-4630-85d2-8b14a28e53d3,https://indiacode.gov.in/act/5b38b7b8-6708-4630-85d2-8b14a28e53d3,https://indiacode.gov.in/act/5b38b7b8-6708-4630-85d2-8b14a28e53d3/sections,https://indiacode.gov.in/act/5b38b7b8-6708-4630-85d2-8b14a28e53d3/schedules,7f9406131d94ded2593b4bce730bcd918ad6c3d823f3dc5c36319bdb78515202,
513,db8d9d24-68a0-45df-a561-a2be57e00c6b,ACT,,,,,"The Manipur (Sales of Motor Spirit and Lubricants) Taxation Act, 1962",AC_CEN_2_2_00020_196255_1517807322221,1962,55,ACT,CENTRAL,,123456789/496287,,https://indiacode.gov.in/server/api/core/items/db8d9d24-68a0-45df-a561-a2be57e00c6b,https://indiacode.gov.in/act/db8d9d24-68a0-45df-a561-a2be57e00c6b,https://indiacode.gov.in/act/db8d9d24-68a0-45df-a561-a2be57e00c6b/sections,https://indiacode.gov.in/act/db8d9d24-68a0-45df-a561-a2be57e00c6b/schedules,7f9406131d94ded2593b4bce730bcd918ad6c3d823f3dc5c36319bdb78515202,
514,8510bbfc-a600-4b2e-8780-8fd3cd581d26,ACT,,,,,"The Petroleum and Minerals Pipelines (Acquisition of Right of User in Land) Act, 1962",AC_CEN_32_50_00004_196250_1517807322318,1962,50,ACT,CENTRAL,,123456789/496349,,https://indiacode.gov.in/server/api/core/items/8510bbfc-a600-4b2e-8780-8fd3cd581d26,https://indiacode.gov.in/act/8510bbfc-a600-4b2e-8780-8fd3cd581d26,https://indiacode.gov.in/act/8510bbfc-a600-4b2e-8780-8fd3cd581d26/sections,https://indiacode.gov.in/act/8510bbfc-a600-4b2e-8780-8fd3cd581d26/schedules,7f9406131d94ded2593b4bce730bcd918ad6c3d823f3dc5c36319bdb78515202,
515,7f78cb0f-36de-46a3-b1f1-544b06953763,ACT,,,,,"The Pondicherry (Administration)  Act, 1962",AC_CEN_5_5_00005_196249_1517807318076,1962,49,ACT,CENTRAL,,123456789/496593,,https://indiacode.gov.in/server/api/core/items/7f78cb0f-36de-46a3-b1f1-544b06953763,https://indiacode.gov.in/act/7f78cb0f-36de-46a3-b1f1-544b06953763,https://indiacode.gov.in/act/7f78cb0f-36de-46a3-b1f1-544b06953763/sections,https://indiacode.gov.in/act/7f78cb0f-36de-46a3-b1f1-544b06953763/schedules,7f9406131d94ded2593b4bce730bcd918ad6c3d823f3dc5c36319bdb78515202,
516,f9d74c70-62ec-4a60-815c-fbe087069ecb,ACT,,,,,"The Foreigners Law (Application and Amendment) Act, 1962",AC_CEN_5_23_00045_196242_1673602097671,1962,42,ACT,CENTRAL,0,123456789/496546,,https://indiacode.gov.in/server/api/core/items/f9d74c70-62ec-4a60-815c-fbe087069ecb,https://indiacode.gov.in/act/f9d74c70-62ec-4a60-815c-fbe087069ecb,https://indiacode.gov.in/act/f9d74c70-62ec-4a60-815c-fbe087069ecb/sections,https://indiacode.gov.in/act/f9d74c70-62ec-4a60-815c-fbe087069ecb/schedules,7f9406131d94ded2593b4bce730bcd918ad6c3d823f3dc5c36319bdb78515202,
517,0fb16574-c836-48c9-8348-732581b74c6f,ACT,,,,,"The Atomic Energy Act, 1962",AC_CEN_38_63_00001_196233_1517807321654,1962,33,ACT,CENTRAL,,123456789/496379,,https://indiacode.gov.in/server/api/core/items/0fb16574-c836-48c9-8348-732581b74c6f,https://indiacode.gov.in/act/0fb16574-c836-48c9-8348-732581b74c6f,https://indiacode.gov.in/act/0fb16574-c836-48c9-8348-732581b74c6f/sections,https://indiacode.gov.in/act/0fb16574-c836-48c9-8348-732581b74c6f/schedules,7f9406131d94ded2593b4bce730bcd918ad6c3d823f3dc5c36319bdb78515202,
518,ba4e2465-97c0-40ce-96d9-cb555ffe52c9,ACT,,,,,"The Extradition Act, 1962",AC_CEN_10_10_00009_196234_1517807322487,1962,34,ACT,CENTRAL,,123456789/495941,,https://indiacode.gov.in/server/api/core/items/ba4e2465-97c0-40ce-96d9-cb555ffe52c9,https://indiacode.gov.in/act/ba4e2465-97c0-40ce-96d9-cb555ffe52c9,https://indiacode.gov.in/act/ba4e2465-97c0-40ce-96d9-cb555ffe52c9/sections,https://indiacode.gov.in/act/ba4e2465-97c0-40ce-96d9-cb555ffe52c9/schedules,7f9406131d94ded2593b4bce730bcd918ad6c3d823f3dc5c36319bdb78515202,
519,af31e783-4ee0-4489-9623-b8bb35185046,ACT,,,,,"The State of Nagaland Act, 1962",AC_CEN_5_5_00025_196227_1517807321413,1962,27,ACT,CENTRAL,,123456789/496610,,https://indiacode.gov.in/server/api/core/items/af31e783-4ee0-4489-9623-b8bb35185046,https://indiacode.gov.in/act/af31e783-4ee0-4489-9623-b8bb35185046,https://indiacode.gov.in/act/af31e783-4ee0-4489-9623-b8bb35185046/sections,https://indiacode.gov.in/act/af31e783-4ee0-4489-9623-b8bb35185046/schedules,7f9406131d94ded2593b4bce730bcd918ad6c3d823f3dc5c36319bdb78515202,
520,b12ba44a-a00b-4c7a-a41e-e61e6694c6b5,ACT,,,,,"The National Co-operative Development Corporation Act, 1962",AC_CEN_18_21_00001_196226_1517807317885,1962,26,ACT,CENTRAL,,123456789/496054,,https://indiacode.gov.in/server/api/core/items/b12ba44a-a00b-4c7a-a41e-e61e6694c6b5,https://indiacode.gov.in/act/b12ba44a-a00b-4c7a-a41e-e61e6694c6b5,https://indiacode.gov.in/act/b12ba44a-a00b-4c7a-a41e-e61e6694c6b5/sections,https://indiacode.gov.in/act/b12ba44a-a00b-4c7a-a41e-e61e6694c6b5/schedules,7f9406131d94ded2593b4bce730bcd918ad6c3d823f3dc5c36319bdb78515202,
521,70653bd5-1e5a-4fb5-ba56-eb835c639fe4,ACT,,,,,"The Hindi Sahitya Sammelan Act, 1962",AC_CEN_9_9_00005_196213_1517807322380,1962,13,ACT,CENTRAL,,123456789/496773,,https://indiacode.gov.in/server/api/core/items/70653bd5-1e5a-4fb5-ba56-eb835c639fe4,https://indiacode.gov.in/act/70653bd5-1e5a-4fb5-ba56-eb835c639fe4,https://indiacode.gov.in/act/70653bd5-1e5a-4fb5-ba56-eb835c639fe4/sections,https://indiacode.gov.in/act/70653bd5-1e5a-4fb5-ba56-eb835c639fe4/schedules,7f9406131d94ded2593b4bce730bcd918ad6c3d823f3dc5c36319bdb78515202,
522,745db3d2-e163-491d-9f5d-d412f6e49f01,ACT,,,,,"The Goa, Daman and Diu (Administration) Act, 1962",AC_CEN_5_5_00029_196201_1517807321884,1962,1,ACT,CENTRAL,,123456789/496613,,https://indiacode.gov.in/server/api/core/items/745db3d2-e163-491d-9f5d-d412f6e49f01,https://indiacode.gov.in/act/745db3d2-e163-491d-9f5d-d412f6e49f01,https://indiacode.gov.in/act/745db3d2-e163-491d-9f5d-d412f6e49f01/sections,https://indiacode.gov.in/act/745db3d2-e163-491d-9f5d-d412f6e49f01/schedules,7f9406131d94ded2593b4bce730bcd918ad6c3d823f3dc5c36319bdb78515202,
523,b9d0ecc1-ab7d-49df-ac2c-ed46bc19a84d,ACT,,,,,"The Institutes of Technology Act, 1961",AC_CEN_9_30_00018_196159_1517807324881,1961,59,ACT,CENTRAL,,123456789/496744,,https://indiacode.gov.in/server/api/core/items/b9d0ecc1-ab7d-49df-ac2c-ed46bc19a84d,https://indiacode.gov.in/act/b9d0ecc1-ab7d-49df-ac2c-ed46bc19a84d,https://indiacode.gov.in/act/b9d0ecc1-ab7d-49df-ac2c-ed46bc19a84d/sections,https://indiacode.gov.in/act/b9d0ecc1-ab7d-49df-ac2c-ed46bc19a84d/schedules,7f9406131d94ded2593b4bce730bcd918ad6c3d823f3dc5c36319bdb78515202,
524,ae2b0d24-070a-4d98-b714-767e759bb2b5,ACT,,,,,"The Apprentices Act, 1961",AC_CEN_6_6_00016_196152_1517807321778,1961,52,ACT,CENTRAL,,123456789/496706,,https://indiacode.gov.in/server/api/core/items/ae2b0d24-070a-4d98-b714-767e759bb2b5,https://indiacode.gov.in/act/ae2b0d24-070a-4d98-b714-767e759bb2b5,https://indiacode.gov.in/act/ae2b0d24-070a-4d98-b714-767e759bb2b5/sections,https://indiacode.gov.in/act/ae2b0d24-070a-4d98-b714-767e759bb2b5/schedules,7f9406131d94ded2593b4bce730bcd918ad6c3d823f3dc5c36319bdb78515202,
525,14165bf0-a7a5-45a4-b35d-821ab362122c,ACT,,,,,"The Deposit Insurance and Credit Guarantee Corporation Act, 1961",AC_CEN_2_11_00020_196147_1517807321164,1961,47,ACT,CENTRAL,,123456789/496238,,https://indiacode.gov.in/server/api/core/items/14165bf0-a7a5-45a4-b35d-821ab362122c,https://indiacode.gov.in/act/14165bf0-a7a5-45a4-b35d-821ab362122c,https://indiacode.gov.in/act/14165bf0-a7a5-45a4-b35d-821ab362122c/sections,https://indiacode.gov.in/act/14165bf0-a7a5-45a4-b35d-821ab362122c/schedules,7f9406131d94ded2593b4bce730bcd918ad6c3d823f3dc5c36319bdb78515202,
526,15562456-7b78-4692-bc4e-25cb66837d81,ACT,,,,,"The Voluntary Surrender of Salaries (Exemption from Taxation) Act, 1961",AC_CEN_2_2_00019_196146_1517807321153,1961,46,ACT,CENTRAL,,123456789/496286,,https://indiacode.gov.in/server/api/core/items/15562456-7b78-4692-bc4e-25cb66837d81,https://indiacode.gov.in/act/15562456-7b78-4692-bc4e-25cb66837d81,https://indiacode.gov.in/act/15562456-7b78-4692-bc4e-25cb66837d81/sections,https://indiacode.gov.in/act/15562456-7b78-4692-bc4e-25cb66837d81/schedules,7f9406131d94ded2593b4bce730bcd918ad6c3d823f3dc5c36319bdb78515202,
527,0cde0667-3e5f-4692-8609-220da52a3778,ACT,,,,,"The Dadra and Nagar Haveli Act, 1961",AC_CEN_5_5_00019_196135_1517807320493,1961,35,ACT,CENTRAL,,123456789/496604,,https://indiacode.gov.in/server/api/core/items/0cde0667-3e5f-4692-8609-220da52a3778,https://indiacode.gov.in/act/0cde0667-3e5f-4692-8609-220da52a3778,https://indiacode.gov.in/act/0cde0667-3e5f-4692-8609-220da52a3778/sections,https://indiacode.gov.in/act/0cde0667-3e5f-4692-8609-220da52a3778/schedules,7f9406131d94ded2593b4bce730bcd918ad6c3d823f3dc5c36319bdb78515202,
528,2361e288-857f-44ee-af2b-a07e3172dba4,ACT,,,,,"The Union Territories (Stamp and Court-fees Laws) Act, 1961",AC_CEN_3_3_00028_196133_1673601905242,1961,33,ACT,CENTRAL,0,123456789/496487,,https://indiacode.gov.in/server/api/core/items/2361e288-857f-44ee-af2b-a07e3172dba4,https://indiacode.gov.in/act/2361e288-857f-44ee-af2b-a07e3172dba4,https://indiacode.gov.in/act/2361e288-857f-44ee-af2b-a07e3172dba4/sections,https://indiacode.gov.in/act/2361e288-857f-44ee-af2b-a07e3172dba4/schedules,7f9406131d94ded2593b4bce730bcd918ad6c3d823f3dc5c36319bdb78515202,
529,212a5aa9-32dc-43ee-8400-8b45bee98c2d,ACT,,,,,"The Delhi (Urban Areas) Tenant's Relief Act, 1961",AC_CEN_17_19_00018_196130_1517807324533,1961,30,ACT,CENTRAL,,123456789/496042,,https://indiacode.gov.in/server/api/core/items/212a5aa9-32dc-43ee-8400-8b45bee98c2d,https://indiacode.gov.in/act/212a5aa9-32dc-43ee-8400-8b45bee98c2d,https://indiacode.gov.in/act/212a5aa9-32dc-43ee-8400-8b45bee98c2d/sections,https://indiacode.gov.in/act/212a5aa9-32dc-43ee-8400-8b45bee98c2d/schedules,7f9406131d94ded2593b4bce730bcd918ad6c3d823f3dc5c36319bdb78515202,
530,8dc8e1b4-7147-45ea-9e82-5911aa3816d4,ACT,,,,,"The Dowry Prohibition Act, 1961",AC_CEN_13_14_00003_196128_1517807322681,1961,28,ACT,CENTRAL,,123456789/496002,,https://indiacode.gov.in/server/api/core/items/8dc8e1b4-7147-45ea-9e82-5911aa3816d4,https://indiacode.gov.in/act/8dc8e1b4-7147-45ea-9e82-5911aa3816d4,https://indiacode.gov.in/act/8dc8e1b4-7147-45ea-9e82-5911aa3816d4/sections,https://indiacode.gov.in/act/8dc8e1b4-7147-45ea-9e82-5911aa3816d4/schedules,7f9406131d94ded2593b4bce730bcd918ad6c3d823f3dc5c36319bdb78515202,
531,417cb82a-692f-46a2-b0e4-dc296a44cf6a,ACT,,,,,"The Advocates Act, 1961",AC_CEN_3_46_00001_196125_1517807320172,1961,25,ACT,CENTRAL,,123456789/496491,,https://indiacode.gov.in/server/api/core/items/417cb82a-692f-46a2-b0e4-dc296a44cf6a,https://indiacode.gov.in/act/417cb82a-692f-46a2-b0e4-dc296a44cf6a,https://indiacode.gov.in/act/417cb82a-692f-46a2-b0e4-dc296a44cf6a/sections,https://indiacode.gov.in/act/417cb82a-692f-46a2-b0e4-dc296a44cf6a/schedules,7f9406131d94ded2593b4bce730bcd918ad6c3d823f3dc5c36319bdb78515202,
532,5daaccfe-d19e-4a4d-a710-385202e2a13d,ACT,,,,,"The Salar Jung Museum Act, 1961",AC_CEN_27_37_00005_196126_1517807321037,1961,26,ACT,CENTRAL,,123456789/496186,,https://indiacode.gov.in/server/api/core/items/5daaccfe-d19e-4a4d-a710-385202e2a13d,https://indiacode.gov.in/act/5daaccfe-d19e-4a4d-a710-385202e2a13d,https://indiacode.gov.in/act/5daaccfe-d19e-4a4d-a710-385202e2a13d/sections,https://indiacode.gov.in/act/5daaccfe-d19e-4a4d-a710-385202e2a13d/schedules,7f9406131d94ded2593b4bce730bcd918ad6c3d823f3dc5c36319bdb78515202,
533,0df8e95b-f3aa-4034-88ea-a4d77be605d3,ACT,,,,,"The Preference Shares (Regulation of Dividends) Act, 1960",AC_CEN_22_0_00013_196063_1528788920819,1960,63,ACT,CENTRAL,0,123456789/496122,,https://indiacode.gov.in/server/api/core/items/0df8e95b-f3aa-4034-88ea-a4d77be605d3,https://indiacode.gov.in/act/0df8e95b-f3aa-4034-88ea-a4d77be605d3,https://indiacode.gov.in/act/0df8e95b-f3aa-4034-88ea-a4d77be605d3/sections,https://indiacode.gov.in/act/0df8e95b-f3aa-4034-88ea-a4d77be605d3/schedules,7f9406131d94ded2593b4bce730bcd918ad6c3d823f3dc5c36319bdb78515202,
534,6f1263d6-66e9-45d5-8ce7-a38400ac3a87,ACT,,,,,"The Acquired Territories (Merger) Act, 1960",AC_CEN_5_5_000010_196064_1517807319109,1960,64,ACT,CENTRAL,,123456789/496588,,https://indiacode.gov.in/server/api/core/items/6f1263d6-66e9-45d5-8ce7-a38400ac3a87,https://indiacode.gov.in/act/6f1263d6-66e9-45d5-8ce7-a38400ac3a87,https://indiacode.gov.in/act/6f1263d6-66e9-45d5-8ce7-a38400ac3a87/sections,https://indiacode.gov.in/act/6f1263d6-66e9-45d5-8ce7-a38400ac3a87/schedules,7f9406131d94ded2593b4bce730bcd918ad6c3d823f3dc5c36319bdb78515202,
535,c6484a84-a8ba-47f3-b07d-7f432921640c,ACT,,,,,"The Prevention of Cruelty to Animals Act, 1960",AC_CEN_16_18_00001_196059_1517807317734,1960,59,ACT,CENTRAL,,123456789/496022,,https://indiacode.gov.in/server/api/core/items/c6484a84-a8ba-47f3-b07d-7f432921640c,https://indiacode.gov.in/act/c6484a84-a8ba-47f3-b07d-7f432921640c,https://indiacode.gov.in/act/c6484a84-a8ba-47f3-b07d-7f432921640c/sections,https://indiacode.gov.in/act/c6484a84-a8ba-47f3-b07d-7f432921640c/schedules,7f9406131d94ded2593b4bce730bcd918ad6c3d823f3dc5c36319bdb78515202,
536,12b12b76-b26b-460e-aee8-adf3c3374b01,ACT,,,,,"The Tripura Land Revenue and Land Reforms Act, 1960",AC_CEN_18_21_00012_196043_1528449863803,1960,43,ACT,CENTRAL,0,123456789/496063,,https://indiacode.gov.in/server/api/core/items/12b12b76-b26b-460e-aee8-adf3c3374b01,https://indiacode.gov.in/act/12b12b76-b26b-460e-aee8-adf3c3374b01,https://indiacode.gov.in/act/12b12b76-b26b-460e-aee8-adf3c3374b01/sections,https://indiacode.gov.in/act/12b12b76-b26b-460e-aee8-adf3c3374b01/schedules,7f9406131d94ded2593b4bce730bcd918ad6c3d823f3dc5c36319bdb78515202,
537,3c3c8329-a890-4059-88e5-6a13403e0c92,ACT,,,,,"The Delhi Primary Education Act, 1960",AC_CEN_9_9_00003_196039_1517807319675,1960,39,ACT,CENTRAL,,123456789/496771,,https://indiacode.gov.in/server/api/core/items/3c3c8329-a890-4059-88e5-6a13403e0c92,https://indiacode.gov.in/act/3c3c8329-a890-4059-88e5-6a13403e0c92,https://indiacode.gov.in/act/3c3c8329-a890-4059-88e5-6a13403e0c92/sections,https://indiacode.gov.in/act/3c3c8329-a890-4059-88e5-6a13403e0c92/schedules,7f9406131d94ded2593b4bce730bcd918ad6c3d823f3dc5c36319bdb78515202,
538,e4493815-de7b-4f36-a5dc-323cf39fa43a,ACT,,,,,"The Manipur Land Revenue and Land Reforms Act, 1960",AC_CEN_18_21_00002_196033_1517807318501,1960,33,ACT,CENTRAL,,123456789/496055,,https://indiacode.gov.in/server/api/core/items/e4493815-de7b-4f36-a5dc-323cf39fa43a,https://indiacode.gov.in/act/e4493815-de7b-4f36-a5dc-323cf39fa43a,https://indiacode.gov.in/act/e4493815-de7b-4f36-a5dc-323cf39fa43a/sections,https://indiacode.gov.in/act/e4493815-de7b-4f36-a5dc-323cf39fa43a/schedules,7f9406131d94ded2593b4bce730bcd918ad6c3d823f3dc5c36319bdb78515202,
539,011e0fc4-e843-4a2d-bf79-846196ea5d11,ACT,,,,,"The International Development Association (Status, Immunities and Privileges) Act, 1960",AC_CEN_10_10_00005_196032_1517807319165,1960,32,ACT,CENTRAL,,123456789/495937,,https://indiacode.gov.in/server/api/core/items/011e0fc4-e843-4a2d-bf79-846196ea5d11,https://indiacode.gov.in/act/011e0fc4-e843-4a2d-bf79-846196ea5d11,https://indiacode.gov.in/act/011e0fc4-e843-4a2d-bf79-846196ea5d11/sections,https://indiacode.gov.in/act/011e0fc4-e843-4a2d-bf79-846196ea5d11/schedules,7f9406131d94ded2593b4bce730bcd918ad6c3d823f3dc5c36319bdb78515202,
540,3e3136f6-b42b-4446-85b3-7b3725453bff,ACT,,,,,"The Delhi Land Holdings (Ceiling) Act, 1960",AC_CEN_17_19_00002_196024_1517807319468,1960,24,ACT,CENTRAL,,123456789/496033,,https://indiacode.gov.in/server/api/core/items/3e3136f6-b42b-4446-85b3-7b3725453bff,https://indiacode.gov.in/act/3e3136f6-b42b-4446-85b3-7b3725453bff,https://indiacode.gov.in/act/3e3136f6-b42b-4446-85b3-7b3725453bff/sections,https://indiacode.gov.in/act/3e3136f6-b42b-4446-85b3-7b3725453bff/schedules,7f9406131d94ded2593b4bce730bcd918ad6c3d823f3dc5c36319bdb78515202,
541,a51533c8-4ddc-47d1-bf94-ba98909a28be,ACT,,,,,"The Bombay Reorganisation Act, 1960",AC_CEN_5_5_00011_196011_1517807319436,1960,11,ACT,CENTRAL,,123456789/496597,,https://indiacode.gov.in/server/api/core/items/a51533c8-4ddc-47d1-bf94-ba98909a28be,https://indiacode.gov.in/act/a51533c8-4ddc-47d1-bf94-ba98909a28be,https://indiacode.gov.in/act/a51533c8-4ddc-47d1-bf94-ba98909a28be/sections,https://indiacode.gov.in/act/a51533c8-4ddc-47d1-bf94-ba98909a28be/schedules,7f9406131d94ded2593b4bce730bcd918ad6c3d823f3dc5c36319bdb78515202,
542,bd5d79b7-2f50-4ac2-8e75-dd00ead2f755,ACT,,,,,"The Orphanages and other Charitable Homes (Supervision and Control) Act, 1960",AC_CEN_12_13_00004_196010_1517807318791,1960,10,ACT,CENTRAL,,123456789/495971,,https://indiacode.gov.in/server/api/core/items/bd5d79b7-2f50-4ac2-8e75-dd00ead2f755,https://indiacode.gov.in/act/bd5d79b7-2f50-4ac2-8e75-dd00ead2f755,https://indiacode.gov.in/act/bd5d79b7-2f50-4ac2-8e75-dd00ead2f755/sections,https://indiacode.gov.in/act/bd5d79b7-2f50-4ac2-8e75-dd00ead2f755/schedules,7f9406131d94ded2593b4bce730bcd918ad6c3d823f3dc5c36319bdb78515202,
543,4aecc350-c758-471c-8888-fe2fb8b792e5,ACT,,,,,"The Geneva Conventions Act, 1960",AC_CEN_10_10_00004_196006_1517807318923,1960,6,ACT,CENTRAL,,123456789/495936,,https://indiacode.gov.in/server/api/core/items/4aecc350-c758-471c-8888-fe2fb8b792e5,https://indiacode.gov.in/act/4aecc350-c758-471c-8888-fe2fb8b792e5,https://indiacode.gov.in/act/4aecc350-c758-471c-8888-fe2fb8b792e5/sections,https://indiacode.gov.in/act/4aecc350-c758-471c-8888-fe2fb8b792e5/schedules,7f9406131d94ded2593b4bce730bcd918ad6c3d823f3dc5c36319bdb78515202,
544,6239cfb3-7c2a-441e-9aa7-c00c405a5644,ACT,,,,,"The Andhra Pradesh and Madras (Alteration of Boundaries) Act, 1959",AC_CEN_5_5_00024_195956_1517807321383,1959,56,ACT,CENTRAL,,123456789/496609,,https://indiacode.gov.in/server/api/core/items/6239cfb3-7c2a-441e-9aa7-c00c405a5644,https://indiacode.gov.in/act/6239cfb3-7c2a-441e-9aa7-c00c405a5644,https://indiacode.gov.in/act/6239cfb3-7c2a-441e-9aa7-c00c405a5644/sections,https://indiacode.gov.in/act/6239cfb3-7c2a-441e-9aa7-c00c405a5644/schedules,7f9406131d94ded2593b4bce730bcd918ad6c3d823f3dc5c36319bdb78515202,
545,f390de2d-417d-422b-96e7-d33f70d36eaf,ACT,,,,,"The Indian Statistical Institute Act, 1959",AC_CEN_40_66_00001_195957_1517807322454,1959,57,ACT,CENTRAL,,123456789/496503,,https://indiacode.gov.in/server/api/core/items/f390de2d-417d-422b-96e7-d33f70d36eaf,https://indiacode.gov.in/act/f390de2d-417d-422b-96e7-d33f70d36eaf,https://indiacode.gov.in/act/f390de2d-417d-422b-96e7-d33f70d36eaf/sections,https://indiacode.gov.in/act/f390de2d-417d-422b-96e7-d33f70d36eaf/schedules,7f9406131d94ded2593b4bce730bcd918ad6c3d823f3dc5c36319bdb78515202,
546,78a46eb4-21bf-49ee-bd08-6b8e8655631c,ACT,,,,,"The Arms Act, 1959",AC_CEN_5_23_00014_195954_1517807322009,1959,54,ACT,CENTRAL,,123456789/496529,,https://indiacode.gov.in/server/api/core/items/78a46eb4-21bf-49ee-bd08-6b8e8655631c,https://indiacode.gov.in/act/78a46eb4-21bf-49ee-bd08-6b8e8655631c,https://indiacode.gov.in/act/78a46eb4-21bf-49ee-bd08-6b8e8655631c/sections,https://indiacode.gov.in/act/78a46eb4-21bf-49ee-bd08-6b8e8655631c/schedules,7f9406131d94ded2593b4bce730bcd918ad6c3d823f3dc5c36319bdb78515202,
547,f06b488b-5183-45b4-ae63-4c84e182e1ed,ACT,,,,,"The Rajasthan and Madhya Pradesh (Transfer of Territories) Act, 1959",AC_CEN_5_5_00027_195947_1517807321690,1959,47,ACT,CENTRAL,,123456789/496611,,https://indiacode.gov.in/server/api/core/items/f06b488b-5183-45b4-ae63-4c84e182e1ed,https://indiacode.gov.in/act/f06b488b-5183-45b4-ae63-4c84e182e1ed,https://indiacode.gov.in/act/f06b488b-5183-45b4-ae63-4c84e182e1ed/sections,https://indiacode.gov.in/act/f06b488b-5183-45b4-ae63-4c84e182e1ed/schedules,7f9406131d94ded2593b4bce730bcd918ad6c3d823f3dc5c36319bdb78515202,
548,1668beed-7ebe-4c8c-8b83-4d5c2af465f2,ACT,,,,,"The Cost Accountants Act, 1959",AC_CEN_22_29_00003_195923_1517807321587,1959,23,ACT,CENTRAL,,123456789/496124,,https://indiacode.gov.in/server/api/core/items/1668beed-7ebe-4c8c-8b83-4d5c2af465f2,https://indiacode.gov.in/act/1668beed-7ebe-4c8c-8b83-4d5c2af465f2,https://indiacode.gov.in/act/1668beed-7ebe-4c8c-8b83-4d5c2af465f2/sections,https://indiacode.gov.in/act/1668beed-7ebe-4c8c-8b83-4d5c2af465f2/schedules,7f9406131d94ded2593b4bce730bcd918ad6c3d823f3dc5c36319bdb78515202,
549,4e7bcc5d-3d53-4f0d-ad9b-40d6ed48fb1e,ACT,,,,,"The Parliament (Prevention of Disqualification) Act, 1959",AC_CEN_3_20_00018_195910_1517807321802,1959,10,ACT,CENTRAL,,123456789/496399,,https://indiacode.gov.in/server/api/core/items/4e7bcc5d-3d53-4f0d-ad9b-40d6ed48fb1e,https://indiacode.gov.in/act/4e7bcc5d-3d53-4f0d-ad9b-40d6ed48fb1e,https://indiacode.gov.in/act/4e7bcc5d-3d53-4f0d-ad9b-40d6ed48fb1e/sections,https://indiacode.gov.in/act/4e7bcc5d-3d53-4f0d-ad9b-40d6ed48fb1e/schedules,7f9406131d94ded2593b4bce730bcd918ad6c3d823f3dc5c36319bdb78515202,
550,95650a67-8092-471b-a5e3-2e1e169afe46,ACT,,,,,"The Delhi Rent Control Act, 1958",AC_CEN_5_5_00115_195859_1666697046553,1958,59,ACT,CENTRAL,0,123456789/496684,,https://indiacode.gov.in/server/api/core/items/95650a67-8092-471b-a5e3-2e1e169afe46,https://indiacode.gov.in/act/95650a67-8092-471b-a5e3-2e1e169afe46,https://indiacode.gov.in/act/95650a67-8092-471b-a5e3-2e1e169afe46/sections,https://indiacode.gov.in/act/95650a67-8092-471b-a5e3-2e1e169afe46/schedules,7f9406131d94ded2593b4bce730bcd918ad6c3d823f3dc5c36319bdb78515202,
551,1fcf3af9-a925-41ed-b448-7ec49ee957cd,ACT,,,,,"The Orissa Weights and Measures (Delhi Repeal) Act, 1958",AC_CEN_5_5_00006_195857_1517807318429,1958,57,ACT,CENTRAL,,123456789/496594,,https://indiacode.gov.in/server/api/core/items/1fcf3af9-a925-41ed-b448-7ec49ee957cd,https://indiacode.gov.in/act/1fcf3af9-a925-41ed-b448-7ec49ee957cd,https://indiacode.gov.in/act/1fcf3af9-a925-41ed-b448-7ec49ee957cd/sections,https://indiacode.gov.in/act/1fcf3af9-a925-41ed-b448-7ec49ee957cd/schedules,7f9406131d94ded2593b4bce730bcd918ad6c3d823f3dc5c36319bdb78515202,
552,61490ebe-a7fe-4513-b3a0-288e80ddcf93,ACT,,,,,"The International Finance Corporation (Status, Immunities and Privileges) Act, 1958",AC_CEN_2_11_00008_195842_1517807318726,1958,42,ACT,CENTRAL,,123456789/496228,,https://indiacode.gov.in/server/api/core/items/61490ebe-a7fe-4513-b3a0-288e80ddcf93,https://indiacode.gov.in/act/61490ebe-a7fe-4513-b3a0-288e80ddcf93,https://indiacode.gov.in/act/61490ebe-a7fe-4513-b3a0-288e80ddcf93/sections,https://indiacode.gov.in/act/61490ebe-a7fe-4513-b3a0-288e80ddcf93/schedules,7f9406131d94ded2593b4bce730bcd918ad6c3d823f3dc5c36319bdb78515202,
553,f8ed7e75-d70a-4ec0-8c93-aac4915ce717,ACT,,,,,"The Supreme Court Judges (Salaries and Conditions of Service) Act, 1958",AC_CEN_3_3_00002_195841_1517807317514,1958,41,ACT,CENTRAL,,123456789/496465,,https://indiacode.gov.in/server/api/core/items/f8ed7e75-d70a-4ec0-8c93-aac4915ce717,https://indiacode.gov.in/act/f8ed7e75-d70a-4ec0-8c93-aac4915ce717,https://indiacode.gov.in/act/f8ed7e75-d70a-4ec0-8c93-aac4915ce717/sections,https://indiacode.gov.in/act/f8ed7e75-d70a-4ec0-8c93-aac4915ce717/schedules,7f9406131d94ded2593b4bce730bcd918ad6c3d823f3dc5c36319bdb78515202,
554,ba6e7fa1-5786-4f06-ac28-b7fb593727ce,ACT,,,,,"The Sugar Export Promotion Act, 1958",AC_CEN_5_5_00121_195830_1675935991337,1958,30,ACT,CENTRAL,0,123456789/496697,,https://indiacode.gov.in/server/api/core/items/ba6e7fa1-5786-4f06-ac28-b7fb593727ce,https://indiacode.gov.in/act/ba6e7fa1-5786-4f06-ac28-b7fb593727ce,https://indiacode.gov.in/act/ba6e7fa1-5786-4f06-ac28-b7fb593727ce/sections,https://indiacode.gov.in/act/ba6e7fa1-5786-4f06-ac28-b7fb593727ce/schedules,7f9406131d94ded2593b4bce730bcd918ad6c3d823f3dc5c36319bdb78515202,
555,14da6411-be34-44df-9f03-71a6ec270c75,ACT,,,,,"The Armed Forces (Special Powers) Act, 1958",AC_CEN_28_38_00003_195828_1517807319490,1958,28,ACT,CENTRAL,,123456789/496196,,https://indiacode.gov.in/server/api/core/items/14da6411-be34-44df-9f03-71a6ec270c75,https://indiacode.gov.in/act/14da6411-be34-44df-9f03-71a6ec270c75,https://indiacode.gov.in/act/14da6411-be34-44df-9f03-71a6ec270c75/sections,https://indiacode.gov.in/act/14da6411-be34-44df-9f03-71a6ec270c75/schedules,7f9406131d94ded2593b4bce730bcd918ad6c3d823f3dc5c36319bdb78515202,
556,57abd200-0684-4483-a27b-07eb318e094f,ACT,,,,,"The Ancient Monuments and Archaeological Sites and Remains Act, 1958",AC_CEN_27_37_00002_195824_1517807319310,1958,24,ACT,CENTRAL,,123456789/496184,,https://indiacode.gov.in/server/api/core/items/57abd200-0684-4483-a27b-07eb318e094f,https://indiacode.gov.in/act/57abd200-0684-4483-a27b-07eb318e094f,https://indiacode.gov.in/act/57abd200-0684-4483-a27b-07eb318e094f/sections,https://indiacode.gov.in/act/57abd200-0684-4483-a27b-07eb318e094f/schedules,7f9406131d94ded2593b4bce730bcd918ad6c3d823f3dc5c36319bdb78515202,
557,f0795751-6201-4705-b798-ffe77b3c2df9,ACT,,,,,"The Probation of Offenders Act, 1958",AC_CEN_5_24_00003_195820_1517807319214,1958,20,ACT,CENTRAL,,123456789/496554,,https://indiacode.gov.in/server/api/core/items/f0795751-6201-4705-b798-ffe77b3c2df9,https://indiacode.gov.in/act/f0795751-6201-4705-b798-ffe77b3c2df9,https://indiacode.gov.in/act/f0795751-6201-4705-b798-ffe77b3c2df9/sections,https://indiacode.gov.in/act/f0795751-6201-4705-b798-ffe77b3c2df9/schedules,7f9406131d94ded2593b4bce730bcd918ad6c3d823f3dc5c36319bdb78515202,
558,c68c5249-54dd-4d0c-ad5d-acc5479e81dc,ACT,,,,,"The Gift-tax Act, 1958",AC_CEN_2_2_00043_195818_1538115590939,1958,18,ACT,CENTRAL,0,123456789/496311,,https://indiacode.gov.in/server/api/core/items/c68c5249-54dd-4d0c-ad5d-acc5479e81dc,https://indiacode.gov.in/act/c68c5249-54dd-4d0c-ad5d-acc5479e81dc,https://indiacode.gov.in/act/c68c5249-54dd-4d0c-ad5d-acc5479e81dc/sections,https://indiacode.gov.in/act/c68c5249-54dd-4d0c-ad5d-acc5479e81dc/schedules,7f9406131d94ded2593b4bce730bcd918ad6c3d823f3dc5c36319bdb78515202,
559,1375b52d-c6cd-48c1-85ab-2e09b01ab654,ACT,,,,,"The Delhi Municipal Corporation Act, 1957",AC_CEN_5_5_00028_195766_1517807321857,1957,66,ACT,CENTRAL,,123456789/496612,,https://indiacode.gov.in/server/api/core/items/1375b52d-c6cd-48c1-85ab-2e09b01ab654,https://indiacode.gov.in/act/1375b52d-c6cd-48c1-85ab-2e09b01ab654,https://indiacode.gov.in/act/1375b52d-c6cd-48c1-85ab-2e09b01ab654/sections,https://indiacode.gov.in/act/1375b52d-c6cd-48c1-85ab-2e09b01ab654/schedules,7f9406131d94ded2593b4bce730bcd918ad6c3d823f3dc5c36319bdb78515202,
560,c5ac833d-0d53-4e5a-a8f8-690c911a898d,ACT,,,,,"The Mines and Minerals (Development and Regulation) Act, 1957",AC_CEN_15_16_00002_195767_1517807322197,1957,67,ACT,CENTRAL,,123456789/496016,,https://indiacode.gov.in/server/api/core/items/c5ac833d-0d53-4e5a-a8f8-690c911a898d,https://indiacode.gov.in/act/c5ac833d-0d53-4e5a-a8f8-690c911a898d,https://indiacode.gov.in/act/c5ac833d-0d53-4e5a-a8f8-690c911a898d/sections,https://indiacode.gov.in/act/c5ac833d-0d53-4e5a-a8f8-690c911a898d/schedules,7f9406131d94ded2593b4bce730bcd918ad6c3d823f3dc5c36319bdb78515202,
561,4104caab-43e4-412e-b46f-cc9a88ed574d,ACT,,,,,"The Navy Act, 1957",AC_CEN_28_38_00006_195762_1517807321397,1957,62,ACT,CENTRAL,,123456789/496198,,https://indiacode.gov.in/server/api/core/items/4104caab-43e4-412e-b46f-cc9a88ed574d,https://indiacode.gov.in/act/4104caab-43e4-412e-b46f-cc9a88ed574d,https://indiacode.gov.in/act/4104caab-43e4-412e-b46f-cc9a88ed574d/sections,https://indiacode.gov.in/act/4104caab-43e4-412e-b46f-cc9a88ed574d/schedules,7f9406131d94ded2593b4bce730bcd918ad6c3d823f3dc5c36319bdb78515202,
562,5729db32-a5db-4c94-83b6-7e57ab93b7a0,ACT,,,,,"The Delhi Development Act, 1957",AC_CEN_17_19_00009_195761_1517807321540,1957,61,ACT,CENTRAL,,123456789/496037,,https://indiacode.gov.in/server/api/core/items/5729db32-a5db-4c94-83b6-7e57ab93b7a0,https://indiacode.gov.in/act/5729db32-a5db-4c94-83b6-7e57ab93b7a0,https://indiacode.gov.in/act/5729db32-a5db-4c94-83b6-7e57ab93b7a0/sections,https://indiacode.gov.in/act/5729db32-a5db-4c94-83b6-7e57ab93b7a0/schedules,7f9406131d94ded2593b4bce730bcd918ad6c3d823f3dc5c36319bdb78515202,
563,d87088dd-44d7-4f1e-9c4c-07fb430360ab,ACT,,,,,"The Cantonments (Extension of Rent Control Laws) Act, 1957",AC_CEN_28_38_00007_195746_1517807321552,1957,46,ACT,CENTRAL,,123456789/496199,,https://indiacode.gov.in/server/api/core/items/d87088dd-44d7-4f1e-9c4c-07fb430360ab,https://indiacode.gov.in/act/d87088dd-44d7-4f1e-9c4c-07fb430360ab,https://indiacode.gov.in/act/d87088dd-44d7-4f1e-9c4c-07fb430360ab/sections,https://indiacode.gov.in/act/d87088dd-44d7-4f1e-9c4c-07fb430360ab/schedules,7f9406131d94ded2593b4bce730bcd918ad6c3d823f3dc5c36319bdb78515202,
564,ff8d676b-bce0-4abd-b556-a4aec65761e7,ACT,,,,,"The Public Employment (Requirement as to Residence) Act, 1957",AC_CEN_26_36_00003_195744_1517807322306,1957,44,ACT,CENTRAL,,123456789/496168,,https://indiacode.gov.in/server/api/core/items/ff8d676b-bce0-4abd-b556-a4aec65761e7,https://indiacode.gov.in/act/ff8d676b-bce0-4abd-b556-a4aec65761e7,https://indiacode.gov.in/act/ff8d676b-bce0-4abd-b556-a4aec65761e7/sections,https://indiacode.gov.in/act/ff8d676b-bce0-4abd-b556-a4aec65761e7/schedules,7f9406131d94ded2593b4bce730bcd918ad6c3d823f3dc5c36319bdb78515202,
565,d8784fd6-8e9b-4678-9f20-fb318b66a9d9,ACT,,,,,"The Naga Hills-Tuensang Area Act, 1957",AC_CEN_5_5_00030_195742_1517807321919,1957,42,ACT,CENTRAL,,123456789/496614,,https://indiacode.gov.in/server/api/core/items/d8784fd6-8e9b-4678-9f20-fb318b66a9d9,https://indiacode.gov.in/act/d8784fd6-8e9b-4678-9f20-fb318b66a9d9,https://indiacode.gov.in/act/d8784fd6-8e9b-4678-9f20-fb318b66a9d9/sections,https://indiacode.gov.in/act/d8784fd6-8e9b-4678-9f20-fb318b66a9d9/schedules,7f9406131d94ded2593b4bce730bcd918ad6c3d823f3dc5c36319bdb78515202,
566,af6860ba-eee4-43c7-9e69-dae1e361ccb5,ACT,,,,,"The Inter-State Corporations Act, 1957",AC_CEN_5_5_00034_195738_1517807322257,1957,38,ACT,CENTRAL,,123456789/496617,,https://indiacode.gov.in/server/api/core/items/af6860ba-eee4-43c7-9e69-dae1e361ccb5,https://indiacode.gov.in/act/af6860ba-eee4-43c7-9e69-dae1e361ccb5,https://indiacode.gov.in/act/af6860ba-eee4-43c7-9e69-dae1e361ccb5/sections,https://indiacode.gov.in/act/af6860ba-eee4-43c7-9e69-dae1e361ccb5/schedules,7f9406131d94ded2593b4bce730bcd918ad6c3d823f3dc5c36319bdb78515202,
567,3fd2ecf9-23b2-4ae9-b5fe-a23fd3c0080f,ACT,,,,,"The Wealth-tax Act, 1957",AC_CEN_2_2_00039_195727_1542022456413,1957,27,ACT,CENTRAL,0,123456789/496300,,https://indiacode.gov.in/server/api/core/items/3fd2ecf9-23b2-4ae9-b5fe-a23fd3c0080f,https://indiacode.gov.in/act/3fd2ecf9-23b2-4ae9-b5fe-a23fd3c0080f,https://indiacode.gov.in/act/3fd2ecf9-23b2-4ae9-b5fe-a23fd3c0080f/sections,https://indiacode.gov.in/act/3fd2ecf9-23b2-4ae9-b5fe-a23fd3c0080f/schedules,7f9406131d94ded2593b4bce730bcd918ad6c3d823f3dc5c36319bdb78515202,
568,2e2da6a6-da64-4037-a82f-ad9a0bc856f0,ACT,,,,,"The Railway Protection Force Act, 1957",AC_CEN_1_1_00001_195723_1517807317103,1957,23,ACT,CENTRAL,,123456789/496085,,https://indiacode.gov.in/server/api/core/items/2e2da6a6-da64-4037-a82f-ad9a0bc856f0,https://indiacode.gov.in/act/2e2da6a6-da64-4037-a82f-ad9a0bc856f0,https://indiacode.gov.in/act/2e2da6a6-da64-4037-a82f-ad9a0bc856f0/sections,https://indiacode.gov.in/act/2e2da6a6-da64-4037-a82f-ad9a0bc856f0/schedules,7f9406131d94ded2593b4bce730bcd918ad6c3d823f3dc5c36319bdb78515202,
569,467acc74-0916-47d2-8d9a-dca752c1d2d8,ACT,,,,,"The Coal Bearing Areas (Acquisition and Development) Act, 1957",AC_CEN_8_8_00006_195720_1517807322514,1957,20,ACT,CENTRAL,,123456789/496723,,https://indiacode.gov.in/server/api/core/items/467acc74-0916-47d2-8d9a-dca752c1d2d8,https://indiacode.gov.in/act/467acc74-0916-47d2-8d9a-dca752c1d2d8,https://indiacode.gov.in/act/467acc74-0916-47d2-8d9a-dca752c1d2d8/sections,https://indiacode.gov.in/act/467acc74-0916-47d2-8d9a-dca752c1d2d8/schedules,7f9406131d94ded2593b4bce730bcd918ad6c3d823f3dc5c36319bdb78515202,
570,6b893162-631a-453b-a7b9-89685716889b,ACT,,,,,"The Copyright Act, 1957",AC_CEN_9_30_00006_195714_1517807321712,1957,14,ACT,CENTRAL,,123456789/496733,,https://indiacode.gov.in/server/api/core/items/6b893162-631a-453b-a7b9-89685716889b,https://indiacode.gov.in/act/6b893162-631a-453b-a7b9-89685716889b,https://indiacode.gov.in/act/6b893162-631a-453b-a7b9-89685716889b/sections,https://indiacode.gov.in/act/6b893162-631a-453b-a7b9-89685716889b/schedules,7f9406131d94ded2593b4bce730bcd918ad6c3d823f3dc5c36319bdb78515202,
571,7c9c8305-5b02-4711-8f96-ed0f636f0cb4,ACT,,,,,"The Immoral Traffic (Prevention) Act, 1956",AC_CEN_13_0_00015_1956104_1673601098535,1956,104,ACT,CENTRAL,0,123456789/495999,,https://indiacode.gov.in/server/api/core/items/7c9c8305-5b02-4711-8f96-ed0f636f0cb4,https://indiacode.gov.in/act/7c9c8305-5b02-4711-8f96-ed0f636f0cb4,https://indiacode.gov.in/act/7c9c8305-5b02-4711-8f96-ed0f636f0cb4/sections,https://indiacode.gov.in/act/7c9c8305-5b02-4711-8f96-ed0f636f0cb4/schedules,7f9406131d94ded2593b4bce730bcd918ad6c3d823f3dc5c36319bdb78515202,
572,cc4fe26d-29ff-4cff-8929-9213a9a35628,ACT,,,,,"The Women’s and Children’s Institutions (Licensing) Act, 1956.",AC_CEN_13_0_00014_1956105_1675763662048,1956,105,ACT,CENTRAL,0,123456789/495998,,https://indiacode.gov.in/server/api/core/items/cc4fe26d-29ff-4cff-8929-9213a9a35628,https://indiacode.gov.in/act/cc4fe26d-29ff-4cff-8929-9213a9a35628,https://indiacode.gov.in/act/cc4fe26d-29ff-4cff-8929-9213a9a35628/sections,https://indiacode.gov.in/act/cc4fe26d-29ff-4cff-8929-9213a9a35628/schedules,7f9406131d94ded2593b4bce730bcd918ad6c3d823f3dc5c36319bdb78515202,
573,7d85a1b1-e3cc-4c1b-b95d-f6fe032590e6,ACT,,,,,"The Slum Areas (Improvement and Clearance) Act, 1956",AC_CEN_17_19_00019_195696_1517807324555,1956,96,ACT,CENTRAL,,123456789/496043,,https://indiacode.gov.in/server/api/core/items/7d85a1b1-e3cc-4c1b-b95d-f6fe032590e6,https://indiacode.gov.in/act/7d85a1b1-e3cc-4c1b-b95d-f6fe032590e6,https://indiacode.gov.in/act/7d85a1b1-e3cc-4c1b-b95d-f6fe032590e6/sections,https://indiacode.gov.in/act/7d85a1b1-e3cc-4c1b-b95d-f6fe032590e6/schedules,7f9406131d94ded2593b4bce730bcd918ad6c3d823f3dc5c36319bdb78515202,
574,be8c46f1-599b-4c3d-8670-e66e46d1f50e,ACT,,,,,"The Faridabad Development Corporation Act, 1956",AC_CEN_25_35_00006_195690_1517807325168,1956,90,ACT,CENTRAL,,123456789/496159,,https://indiacode.gov.in/server/api/core/items/be8c46f1-599b-4c3d-8670-e66e46d1f50e,https://indiacode.gov.in/act/be8c46f1-599b-4c3d-8670-e66e46d1f50e,https://indiacode.gov.in/act/be8c46f1-599b-4c3d-8670-e66e46d1f50e/sections,https://indiacode.gov.in/act/be8c46f1-599b-4c3d-8670-e66e46d1f50e/schedules,7f9406131d94ded2593b4bce730bcd918ad6c3d823f3dc5c36319bdb78515202,
575,957488d9-6fdb-42a9-9c7c-e9b66ccc36e2,ACT,,,,,"The Manipur (Village Authorities in Hill Areas) Act, 1956",AC_CEN_5_24_00009_195680_1517807321665,1956,80,ACT,CENTRAL,,123456789/496556,,https://indiacode.gov.in/server/api/core/items/957488d9-6fdb-42a9-9c7c-e9b66ccc36e2,https://indiacode.gov.in/act/957488d9-6fdb-42a9-9c7c-e9b66ccc36e2,https://indiacode.gov.in/act/957488d9-6fdb-42a9-9c7c-e9b66ccc36e2/sections,https://indiacode.gov.in/act/957488d9-6fdb-42a9-9c7c-e9b66ccc36e2/schedules,7f9406131d94ded2593b4bce730bcd918ad6c3d823f3dc5c36319bdb78515202,
576,20c8e8eb-824f-4b64-8ee7-c1204b4cdbb3,ACT,,,,,"The Hindu Adoptions and Maintenance Act, 1956",AC_CEN_3_20_00015_195678_1517807320925,1956,78,ACT,CENTRAL,,123456789/496396,,https://indiacode.gov.in/server/api/core/items/20c8e8eb-824f-4b64-8ee7-c1204b4cdbb3,https://indiacode.gov.in/act/20c8e8eb-824f-4b64-8ee7-c1204b4cdbb3,https://indiacode.gov.in/act/20c8e8eb-824f-4b64-8ee7-c1204b4cdbb3/sections,https://indiacode.gov.in/act/20c8e8eb-824f-4b64-8ee7-c1204b4cdbb3/schedules,7f9406131d94ded2593b4bce730bcd918ad6c3d823f3dc5c36319bdb78515202,
577,9b53e333-8e81-4348-8327-aeb0c987c8ec,ACT,,,,,"The Central Sales Tax Act, 1956",AC_CEN_2_2_00044_195674_1538559878884,1956,74,ACT,CENTRAL,0,123456789/496313,,https://indiacode.gov.in/server/api/core/items/9b53e333-8e81-4348-8327-aeb0c987c8ec,https://indiacode.gov.in/act/9b53e333-8e81-4348-8327-aeb0c987c8ec,https://indiacode.gov.in/act/9b53e333-8e81-4348-8327-aeb0c987c8ec/sections,https://indiacode.gov.in/act/9b53e333-8e81-4348-8327-aeb0c987c8ec/schedules,7f9406131d94ded2593b4bce730bcd918ad6c3d823f3dc5c36319bdb78515202,
578,0cea3461-ee45-494a-a83f-88417bb0b0e8,ACT,,,,,"The Jammu and Kashmir (Extension of Laws) Act, 1956",AC_CEN_5_34_00003_195662_1517807324855,1956,62,ACT,CENTRAL,,123456789/496573,,https://indiacode.gov.in/server/api/core/items/0cea3461-ee45-494a-a83f-88417bb0b0e8,https://indiacode.gov.in/act/0cea3461-ee45-494a-a83f-88417bb0b0e8,https://indiacode.gov.in/act/0cea3461-ee45-494a-a83f-88417bb0b0e8/sections,https://indiacode.gov.in/act/0cea3461-ee45-494a-a83f-88417bb0b0e8/schedules,7f9406131d94ded2593b4bce730bcd918ad6c3d823f3dc5c36319bdb78515202,
579,ded752de-0bed-4b15-b5ce-f9cf0b163ca7,ACT,,,,,"The Khadi and Village Industries Commission Act, 1956",AC_CEN_46_77_00001_195661_1517807324225,1956,61,ACT,CENTRAL,,123456789/496512,,https://indiacode.gov.in/server/api/core/items/ded752de-0bed-4b15-b5ce-f9cf0b163ca7,https://indiacode.gov.in/act/ded752de-0bed-4b15-b5ce-f9cf0b163ca7,https://indiacode.gov.in/act/ded752de-0bed-4b15-b5ce-f9cf0b163ca7/sections,https://indiacode.gov.in/act/ded752de-0bed-4b15-b5ce-f9cf0b163ca7/schedules,7f9406131d94ded2593b4bce730bcd918ad6c3d823f3dc5c36319bdb78515202,
580,e3c0d4bb-b1cb-424e-bb12-1280cadba448,ACT,,,,,"The Supreme Court (Number of Judges) Act, 1956",AC_CEN_3_3_00012_195655_1517807322161,1956,55,ACT,CENTRAL,,123456789/496473,,https://indiacode.gov.in/server/api/core/items/e3c0d4bb-b1cb-424e-bb12-1280cadba448,https://indiacode.gov.in/act/e3c0d4bb-b1cb-424e-bb12-1280cadba448,https://indiacode.gov.in/act/e3c0d4bb-b1cb-424e-bb12-1280cadba448/sections,https://indiacode.gov.in/act/e3c0d4bb-b1cb-424e-bb12-1280cadba448/schedules,7f9406131d94ded2593b4bce730bcd918ad6c3d823f3dc5c36319bdb78515202,
581,cca295f7-43e4-430e-8013-a70f4ce93095,ACT,,,,,"The Lok Sahayak Sena Act, 1956",AC_CEN_28_38_00008_195653_1517807321824,1956,53,ACT,CENTRAL,,123456789/496200,,https://indiacode.gov.in/server/api/core/items/cca295f7-43e4-430e-8013-a70f4ce93095,https://indiacode.gov.in/act/cca295f7-43e4-430e-8013-a70f4ce93095,https://indiacode.gov.in/act/cca295f7-43e4-430e-8013-a70f4ce93095/sections,https://indiacode.gov.in/act/cca295f7-43e4-430e-8013-a70f4ce93095/schedules,7f9406131d94ded2593b4bce730bcd918ad6c3d823f3dc5c36319bdb78515202,
582,1a506eba-3ab1-4293-be5b-b0c85aa95485,ACT,,,,,"The River Boards Act, 1956",AC_CEN_24_32_00002_195649_1517807321201,1956,49,ACT,CENTRAL,,123456789/496152,,https://indiacode.gov.in/server/api/core/items/1a506eba-3ab1-4293-be5b-b0c85aa95485,https://indiacode.gov.in/act/1a506eba-3ab1-4293-be5b-b0c85aa95485,https://indiacode.gov.in/act/1a506eba-3ab1-4293-be5b-b0c85aa95485/sections,https://indiacode.gov.in/act/1a506eba-3ab1-4293-be5b-b0c85aa95485/schedules,7f9406131d94ded2593b4bce730bcd918ad6c3d823f3dc5c36319bdb78515202,
583,c501fbc8-8a29-4149-94cd-eb1e47a38c25,ACT,,,,,"The National Highways Act, 1956",AC_CEN_30_42_00002_195648_1517807321068,1956,48,ACT,CENTRAL,,123456789/496334,,https://indiacode.gov.in/server/api/core/items/c501fbc8-8a29-4149-94cd-eb1e47a38c25,https://indiacode.gov.in/act/c501fbc8-8a29-4149-94cd-eb1e47a38c25,https://indiacode.gov.in/act/c501fbc8-8a29-4149-94cd-eb1e47a38c25/sections,https://indiacode.gov.in/act/c501fbc8-8a29-4149-94cd-eb1e47a38c25/schedules,7f9406131d94ded2593b4bce730bcd918ad6c3d823f3dc5c36319bdb78515202,
584,10636fd5-6643-4655-a119-dcfe5cb3fc1a,ACT,,,,,"The Securities Contracts (Regulation) Act, 1956",AC_CEN_2_11_00019_195642_1517807321094,1956,42,ACT,CENTRAL,,123456789/496237,,https://indiacode.gov.in/server/api/core/items/10636fd5-6643-4655-a119-dcfe5cb3fc1a,https://indiacode.gov.in/act/10636fd5-6643-4655-a119-dcfe5cb3fc1a,https://indiacode.gov.in/act/10636fd5-6643-4655-a119-dcfe5cb3fc1a/sections,https://indiacode.gov.in/act/10636fd5-6643-4655-a119-dcfe5cb3fc1a/schedules,7f9406131d94ded2593b4bce730bcd918ad6c3d823f3dc5c36319bdb78515202,
585,edbc046d-f844-4a0d-b201-bb68de96e84a,ACT,,,,,"The Bihar and West Bengal (Transfer of Territories) Act, 1956",AC_CEN_5_5_00021_195640_1517807320949,1956,40,ACT,CENTRAL,,123456789/496606,,https://indiacode.gov.in/server/api/core/items/edbc046d-f844-4a0d-b201-bb68de96e84a,https://indiacode.gov.in/act/edbc046d-f844-4a0d-b201-bb68de96e84a,https://indiacode.gov.in/act/edbc046d-f844-4a0d-b201-bb68de96e84a/sections,https://indiacode.gov.in/act/edbc046d-f844-4a0d-b201-bb68de96e84a/schedules,7f9406131d94ded2593b4bce730bcd918ad6c3d823f3dc5c36319bdb78515202,
586,7ac874a6-3ddb-4ed6-abdb-ceebbaa0014a,ACT,,,,,"The States Reorganisation Act, 1956",AC_CEN_5_5_00035_195637_1517807322742,1956,37,ACT,CENTRAL,,123456789/496618,,https://indiacode.gov.in/server/api/core/items/7ac874a6-3ddb-4ed6-abdb-ceebbaa0014a,https://indiacode.gov.in/act/7ac874a6-3ddb-4ed6-abdb-ceebbaa0014a,https://indiacode.gov.in/act/7ac874a6-3ddb-4ed6-abdb-ceebbaa0014a/sections,https://indiacode.gov.in/act/7ac874a6-3ddb-4ed6-abdb-ceebbaa0014a/schedules,7f9406131d94ded2593b4bce730bcd918ad6c3d823f3dc5c36319bdb78515202,
587,960064c7-67d0-4525-9415-607d6de5a218,ACT,,,,,"The Inter-State River Water Disputes Act, 1956",AC_CEN_24_32_00003_195633_1517807321564,1956,33,ACT,CENTRAL,,123456789/496153,,https://indiacode.gov.in/server/api/core/items/960064c7-67d0-4525-9415-607d6de5a218,https://indiacode.gov.in/act/960064c7-67d0-4525-9415-607d6de5a218,https://indiacode.gov.in/act/960064c7-67d0-4525-9415-607d6de5a218/sections,https://indiacode.gov.in/act/960064c7-67d0-4525-9415-607d6de5a218/schedules,7f9406131d94ded2593b4bce730bcd918ad6c3d823f3dc5c36319bdb78515202,
588,b522ea80-7cb1-42e2-87fe-c8408ea7c12f,ACT,,,,,"The Hindu Minority and Guardianship Act, 1956",AC_CEN_3_20_00013_195632_1517807320902,1956,32,ACT,CENTRAL,,123456789/496394,,https://indiacode.gov.in/server/api/core/items/b522ea80-7cb1-42e2-87fe-c8408ea7c12f,https://indiacode.gov.in/act/b522ea80-7cb1-42e2-87fe-c8408ea7c12f,https://indiacode.gov.in/act/b522ea80-7cb1-42e2-87fe-c8408ea7c12f/sections,https://indiacode.gov.in/act/b522ea80-7cb1-42e2-87fe-c8408ea7c12f/schedules,7f9406131d94ded2593b4bce730bcd918ad6c3d823f3dc5c36319bdb78515202,
589,06ac45a3-29ef-4255-b1be-fe73a9bb853a,ACT,,,,,"The Life Insurance Corporation Act, 1956",AC_CEN_2_11_00018_195631_1517807320796,1956,31,ACT,CENTRAL,,123456789/496236,,https://indiacode.gov.in/server/api/core/items/06ac45a3-29ef-4255-b1be-fe73a9bb853a,https://indiacode.gov.in/act/06ac45a3-29ef-4255-b1be-fe73a9bb853a,https://indiacode.gov.in/act/06ac45a3-29ef-4255-b1be-fe73a9bb853a/sections,https://indiacode.gov.in/act/06ac45a3-29ef-4255-b1be-fe73a9bb853a/schedules,7f9406131d94ded2593b4bce730bcd918ad6c3d823f3dc5c36319bdb78515202,
590,3371dabc-b1ab-4bb1-874d-0411dd1c44bd,ACT,,,,,"The Hindu Succession Act, 1956",AC_CEN_3_20_00027_195630_1517807324239,1956,30,ACT,CENTRAL,,123456789/496402,,https://indiacode.gov.in/server/api/core/items/3371dabc-b1ab-4bb1-874d-0411dd1c44bd,https://indiacode.gov.in/act/3371dabc-b1ab-4bb1-874d-0411dd1c44bd,https://indiacode.gov.in/act/3371dabc-b1ab-4bb1-874d-0411dd1c44bd/sections,https://indiacode.gov.in/act/3371dabc-b1ab-4bb1-874d-0411dd1c44bd/schedules,7f9406131d94ded2593b4bce730bcd918ad6c3d823f3dc5c36319bdb78515202,
591,3f827aa5-f5e5-40da-9771-3e9d8067e422,ACT,,,,,"The All-India Institutes of Medical Science Act, 1956",AC_CEN_12_13_00016_195625_1517807324129,1956,25,ACT,CENTRAL,,123456789/495979,,https://indiacode.gov.in/server/api/core/items/3f827aa5-f5e5-40da-9771-3e9d8067e422,https://indiacode.gov.in/act/3f827aa5-f5e5-40da-9771-3e9d8067e422,https://indiacode.gov.in/act/3f827aa5-f5e5-40da-9771-3e9d8067e422/sections,https://indiacode.gov.in/act/3f827aa5-f5e5-40da-9771-3e9d8067e422/schedules,7f9406131d94ded2593b4bce730bcd918ad6c3d823f3dc5c36319bdb78515202,
592,bcd05493-c94c-486d-9543-137dd0fde521,ACT,,,,,"The University Grants Commission Act, 1956",AC_CEN_9_9_00004_195603_1517807319834,1956,3,ACT,CENTRAL,,123456789/496772,,https://indiacode.gov.in/server/api/core/items/bcd05493-c94c-486d-9543-137dd0fde521,https://indiacode.gov.in/act/bcd05493-c94c-486d-9543-137dd0fde521,https://indiacode.gov.in/act/bcd05493-c94c-486d-9543-137dd0fde521/sections,https://indiacode.gov.in/act/bcd05493-c94c-486d-9543-137dd0fde521/schedules,7f9406131d94ded2593b4bce730bcd918ad6c3d823f3dc5c36319bdb78515202,
593,0e78a9fc-feb0-4667-84d1-4b92e856d6c0,ACT,,,,,"The Manipur (Courts) Act, 1955",AC_CEN_3_3_00007_195556_1517807319389,1955,56,ACT,CENTRAL,,123456789/496470,,https://indiacode.gov.in/server/api/core/items/0e78a9fc-feb0-4667-84d1-4b92e856d6c0,https://indiacode.gov.in/act/0e78a9fc-feb0-4667-84d1-4b92e856d6c0,https://indiacode.gov.in/act/0e78a9fc-feb0-4667-84d1-4b92e856d6c0/sections,https://indiacode.gov.in/act/0e78a9fc-feb0-4667-84d1-4b92e856d6c0/schedules,7f9406131d94ded2593b4bce730bcd918ad6c3d823f3dc5c36319bdb78515202,
594,85a9f995-5bfb-4fb4-afef-cd95ccd45ae4,ACT,,,,,"The Citizenship Act, 1955",AC_CEN_5_40_00001_195557_1517807319455,1955,57,ACT,CENTRAL,,123456789/496576,,https://indiacode.gov.in/server/api/core/items/85a9f995-5bfb-4fb4-afef-cd95ccd45ae4,https://indiacode.gov.in/act/85a9f995-5bfb-4fb4-afef-cd95ccd45ae4,https://indiacode.gov.in/act/85a9f995-5bfb-4fb4-afef-cd95ccd45ae4/sections,https://indiacode.gov.in/act/85a9f995-5bfb-4fb4-afef-cd95ccd45ae4/schedules,7f9406131d94ded2593b4bce730bcd918ad6c3d823f3dc5c36319bdb78515202,
595,9ea94a5d-dbc0-4dd2-9f49-5a3d98eeab73,ACT,,,,,"The Prize Competitions Act, 1955",AC_CEN_2_11_00011_195542_1517807319341,1955,42,ACT,CENTRAL,,123456789/496230,,https://indiacode.gov.in/server/api/core/items/9ea94a5d-dbc0-4dd2-9f49-5a3d98eeab73,https://indiacode.gov.in/act/9ea94a5d-dbc0-4dd2-9f49-5a3d98eeab73,https://indiacode.gov.in/act/9ea94a5d-dbc0-4dd2-9f49-5a3d98eeab73/sections,https://indiacode.gov.in/act/9ea94a5d-dbc0-4dd2-9f49-5a3d98eeab73/schedules,7f9406131d94ded2593b4bce730bcd918ad6c3d823f3dc5c36319bdb78515202,
596,fcebb897-828a-4ca7-944d-f443941cb821,ACT,,,,,"The Durgah khawaja Saheb Act, 1955",AC_CEN_25_35_00001_195536_1517807318826,1955,36,ACT,CENTRAL,,123456789/496155,,https://indiacode.gov.in/server/api/core/items/fcebb897-828a-4ca7-944d-f443941cb821,https://indiacode.gov.in/act/fcebb897-828a-4ca7-944d-f443941cb821,https://indiacode.gov.in/act/fcebb897-828a-4ca7-944d-f443941cb821/sections,https://indiacode.gov.in/act/fcebb897-828a-4ca7-944d-f443941cb821/schedules,7f9406131d94ded2593b4bce730bcd918ad6c3d823f3dc5c36319bdb78515202,
597,c3783b4b-f755-452a-9dae-61f3418df236,ACT,,,,,"The Prisoners (Attendance in Courts) Act, 1955",AC_CEN_5_40_00003_195532_1517807319528,1955,32,ACT,CENTRAL,,123456789/496578,,https://indiacode.gov.in/server/api/core/items/c3783b4b-f755-452a-9dae-61f3418df236,https://indiacode.gov.in/act/c3783b4b-f755-452a-9dae-61f3418df236,https://indiacode.gov.in/act/c3783b4b-f755-452a-9dae-61f3418df236/sections,https://indiacode.gov.in/act/c3783b4b-f755-452a-9dae-61f3418df236/schedules,7f9406131d94ded2593b4bce730bcd918ad6c3d823f3dc5c36319bdb78515202,
598,33e4083a-e967-4091-b91f-915b4d3f95a8,ACT,,,,,"The Hindu Marriage Act, 1955",AC_CEN_3_20_00004_195525_1517807318992,1955,25,ACT,CENTRAL,,123456789/496388,,https://indiacode.gov.in/server/api/core/items/33e4083a-e967-4091-b91f-915b4d3f95a8,https://indiacode.gov.in/act/33e4083a-e967-4091-b91f-915b4d3f95a8,https://indiacode.gov.in/act/33e4083a-e967-4091-b91f-915b4d3f95a8/sections,https://indiacode.gov.in/act/33e4083a-e967-4091-b91f-915b4d3f95a8/schedules,7f9406131d94ded2593b4bce730bcd918ad6c3d823f3dc5c36319bdb78515202,
599,49c97aa1-20b3-4883-b39a-55283b85909b,ACT,,,,,"The Protection of Civil Rights Act, 1955",AC_CEN_5_23_00002_195522_1517807318156,1955,22,ACT,CENTRAL,,123456789/496522,,https://indiacode.gov.in/server/api/core/items/49c97aa1-20b3-4883-b39a-55283b85909b,https://indiacode.gov.in/act/49c97aa1-20b3-4883-b39a-55283b85909b,https://indiacode.gov.in/act/49c97aa1-20b3-4883-b39a-55283b85909b/sections,https://indiacode.gov.in/act/49c97aa1-20b3-4883-b39a-55283b85909b/schedules,7f9406131d94ded2593b4bce730bcd918ad6c3d823f3dc5c36319bdb78515202,
600,5f5cea1c-01d4-49e1-bdf9-a5eba0a29fb7,ACT,,,,,"The State Bank of India Act, 1955",AC_CEN_2_11_00007_195523_1517807318520,1955,23,ACT,CENTRAL,,123456789/496227,,https://indiacode.gov.in/server/api/core/items/5f5cea1c-01d4-49e1-bdf9-a5eba0a29fb7,https://indiacode.gov.in/act/5f5cea1c-01d4-49e1-bdf9-a5eba0a29fb7,https://indiacode.gov.in/act/5f5cea1c-01d4-49e1-bdf9-a5eba0a29fb7/sections,https://indiacode.gov.in/act/5f5cea1c-01d4-49e1-bdf9-a5eba0a29fb7/schedules,7f9406131d94ded2593b4bce730bcd918ad6c3d823f3dc5c36319bdb78515202,
601,c37854bc-64c2-4314-9370-1dd418016ce5,ACT,,,,,"The Essential Commodities Act, 1955",AC_CEN_21_28_00003_195510_1517807320439,1955,10,ACT,CENTRAL,,123456789/496107,,https://indiacode.gov.in/server/api/core/items/c37854bc-64c2-4314-9370-1dd418016ce5,https://indiacode.gov.in/act/c37854bc-64c2-4314-9370-1dd418016ce5,https://indiacode.gov.in/act/c37854bc-64c2-4314-9370-1dd418016ce5/sections,https://indiacode.gov.in/act/c37854bc-64c2-4314-9370-1dd418016ce5/schedules,c98fa86f9235128bc5c162594dd3e96e89008f11f3eb962362e12a2b889e93e7,
602,6b55de27-1d75-4e3d-9613-7d189ab6091e,ACT,,,,,"The Special Marriage Act, 1954",AC_CEN_3_20_00019_195443_1517807321908,1954,43,ACT,CENTRAL,,123456789/496400,,https://indiacode.gov.in/server/api/core/items/6b55de27-1d75-4e3d-9613-7d189ab6091e,https://indiacode.gov.in/act/6b55de27-1d75-4e3d-9613-7d189ab6091e,https://indiacode.gov.in/act/6b55de27-1d75-4e3d-9613-7d189ab6091e/sections,https://indiacode.gov.in/act/6b55de27-1d75-4e3d-9613-7d189ab6091e/schedules,c98fa86f9235128bc5c162594dd3e96e89008f11f3eb962362e12a2b889e93e7,
603,0d4e60fc-69aa-400e-9cfa-3e739af18257,ACT,,,,,"The Shillong (Rifle Range and Umlong) Cantonments Assimilation of Laws Act, 1954",AC_CEN_28_38_000010_195431_1517807322550,1954,31,ACT,CENTRAL,,123456789/496194,,https://indiacode.gov.in/server/api/core/items/0d4e60fc-69aa-400e-9cfa-3e739af18257,https://indiacode.gov.in/act/0d4e60fc-69aa-400e-9cfa-3e739af18257,https://indiacode.gov.in/act/0d4e60fc-69aa-400e-9cfa-3e739af18257/sections,https://indiacode.gov.in/act/0d4e60fc-69aa-400e-9cfa-3e739af18257/schedules,c98fa86f9235128bc5c162594dd3e96e89008f11f3eb962362e12a2b889e93e7,
604,3b7affa0-5adf-4817-90d0-4ce6844966ee,ACT,,,,,"The Himachal Pradesh and Bilaspur (New State) Act, 1954",AC_CEN_5_5_00023_195432_1517807321314,1954,32,ACT,CENTRAL,,123456789/496608,,https://indiacode.gov.in/server/api/core/items/3b7affa0-5adf-4817-90d0-4ce6844966ee,https://indiacode.gov.in/act/3b7affa0-5adf-4817-90d0-4ce6844966ee,https://indiacode.gov.in/act/3b7affa0-5adf-4817-90d0-4ce6844966ee/sections,https://indiacode.gov.in/act/3b7affa0-5adf-4817-90d0-4ce6844966ee/schedules,c98fa86f9235128bc5c162594dd3e96e89008f11f3eb962362e12a2b889e93e7,
605,98e82865-a9d4-48f7-9cdd-e4e5b3a1f55d,ACT,,,,,"The Salary, Allowances and Pension of Members of Parliament Act, 1954",AC_CEN_33_52_00003_195430_1517807322476,1954,30,ACT,CENTRAL,,123456789/496354,,https://indiacode.gov.in/server/api/core/items/98e82865-a9d4-48f7-9cdd-e4e5b3a1f55d,https://indiacode.gov.in/act/98e82865-a9d4-48f7-9cdd-e4e5b3a1f55d,https://indiacode.gov.in/act/98e82865-a9d4-48f7-9cdd-e4e5b3a1f55d/sections,https://indiacode.gov.in/act/98e82865-a9d4-48f7-9cdd-e4e5b3a1f55d/schedules,c98fa86f9235128bc5c162594dd3e96e89008f11f3eb962362e12a2b889e93e7,
606,210c70af-d146-4750-9521-df6a8fe33a83,ACT,,,,,"The Delivery of Books and Newspapers (Public Libraries) Act, 1954",AC_CEN_27_37_00006_195427_1517807322342,1954,27,ACT,CENTRAL,,123456789/496187,,https://indiacode.gov.in/server/api/core/items/210c70af-d146-4750-9521-df6a8fe33a83,https://indiacode.gov.in/act/210c70af-d146-4750-9521-df6a8fe33a83,https://indiacode.gov.in/act/210c70af-d146-4750-9521-df6a8fe33a83/sections,https://indiacode.gov.in/act/210c70af-d146-4750-9521-df6a8fe33a83/schedules,c98fa86f9235128bc5c162594dd3e96e89008f11f3eb962362e12a2b889e93e7,
607,903eab44-5549-4159-9df2-66c57366eed4,ACT,,,,,"The High Court Judges Salaries and Conditions of Service Act, 1954",AC_CEN_3_3_00013_195428_1517807322429,1954,28,ACT,CENTRAL,,123456789/496474,,https://indiacode.gov.in/server/api/core/items/903eab44-5549-4159-9df2-66c57366eed4,https://indiacode.gov.in/act/903eab44-5549-4159-9df2-66c57366eed4,https://indiacode.gov.in/act/903eab44-5549-4159-9df2-66c57366eed4/sections,https://indiacode.gov.in/act/903eab44-5549-4159-9df2-66c57366eed4/schedules,c98fa86f9235128bc5c162594dd3e96e89008f11f3eb962362e12a2b889e93e7,
608,a0e67f19-8e2e-4ba2-bde4-6354e5ff7dee,ACT,,,,,"The Drugs and Magic Remedies (Objectionable Advertisement) Act, 1954",AC_CEN_12_13_00011_195421_1517807322330,1954,21,ACT,CENTRAL,,123456789/495975,,https://indiacode.gov.in/server/api/core/items/a0e67f19-8e2e-4ba2-bde4-6354e5ff7dee,https://indiacode.gov.in/act/a0e67f19-8e2e-4ba2-bde4-6354e5ff7dee,https://indiacode.gov.in/act/a0e67f19-8e2e-4ba2-bde4-6354e5ff7dee/sections,https://indiacode.gov.in/act/a0e67f19-8e2e-4ba2-bde4-6354e5ff7dee/schedules,c98fa86f9235128bc5c162594dd3e96e89008f11f3eb962362e12a2b889e93e7,
609,8836b884-fdaa-4d2d-b2f5-5eef7e3f9656,ACT,,,,,"The Lushai Hills District (Change of Name) Act, 1954",AC_CEN_5_5_00022_195418_1517807321290,1954,18,ACT,CENTRAL,,123456789/496607,,https://indiacode.gov.in/server/api/core/items/8836b884-fdaa-4d2d-b2f5-5eef7e3f9656,https://indiacode.gov.in/act/8836b884-fdaa-4d2d-b2f5-5eef7e3f9656,https://indiacode.gov.in/act/8836b884-fdaa-4d2d-b2f5-5eef7e3f9656/sections,https://indiacode.gov.in/act/8836b884-fdaa-4d2d-b2f5-5eef7e3f9656/schedules,c98fa86f9235128bc5c162594dd3e96e89008f11f3eb962362e12a2b889e93e7,
610,7d96bdf4-b5ed-47f4-ac0e-129784b08488,ACT,,,,,"The Coir Industry Act, 1953",AC_CEN_46_77_00003_195345_1517807328323,1953,45,ACT,CENTRAL,,123456789/496514,,https://indiacode.gov.in/server/api/core/items/7d96bdf4-b5ed-47f4-ac0e-129784b08488,https://indiacode.gov.in/act/7d96bdf4-b5ed-47f4-ac0e-129784b08488,https://indiacode.gov.in/act/7d96bdf4-b5ed-47f4-ac0e-129784b08488/sections,https://indiacode.gov.in/act/7d96bdf4-b5ed-47f4-ac0e-129784b08488/schedules,c98fa86f9235128bc5c162594dd3e96e89008f11f3eb962362e12a2b889e93e7,
611,42e3333d-20f0-401d-ad25-bbb8b706de0f,ACT,,,,,"The Calcutta High Court (Extension of Jurisdiction) Act, 1953",AC_CEN_3_3_00022_195341_1517807328250,1953,41,ACT,CENTRAL,,123456789/496481,,https://indiacode.gov.in/server/api/core/items/42e3333d-20f0-401d-ad25-bbb8b706de0f,https://indiacode.gov.in/act/42e3333d-20f0-401d-ad25-bbb8b706de0f,https://indiacode.gov.in/act/42e3333d-20f0-401d-ad25-bbb8b706de0f/sections,https://indiacode.gov.in/act/42e3333d-20f0-401d-ad25-bbb8b706de0f/schedules,c98fa86f9235128bc5c162594dd3e96e89008f11f3eb962362e12a2b889e93e7,
612,5cdf26a1-8a94-4ce1-ac6c-518c68793c15,ACT,,,,,"The Andhra State Act, 1953",AC_CEN_5_5_00060_195330_1517807328522,1953,30,ACT,CENTRAL,,123456789/496639,,https://indiacode.gov.in/server/api/core/items/5cdf26a1-8a94-4ce1-ac6c-518c68793c15,https://indiacode.gov.in/act/5cdf26a1-8a94-4ce1-ac6c-518c68793c15,https://indiacode.gov.in/act/5cdf26a1-8a94-4ce1-ac6c-518c68793c15/sections,https://indiacode.gov.in/act/5cdf26a1-8a94-4ce1-ac6c-518c68793c15/schedules,c98fa86f9235128bc5c162594dd3e96e89008f11f3eb962362e12a2b889e93e7,
613,b427a2e8-c50a-4a6c-aae6-6b53aeab61b9,ACT,,,,,"The Tea Act, 1953",AC_CEN_11_12_00012_195329_1517807328472,1953,29,ACT,CENTRAL,,123456789/495959,,https://indiacode.gov.in/server/api/core/items/b427a2e8-c50a-4a6c-aae6-6b53aeab61b9,https://indiacode.gov.in/act/b427a2e8-c50a-4a6c-aae6-6b53aeab61b9,https://indiacode.gov.in/act/b427a2e8-c50a-4a6c-aae6-6b53aeab61b9/sections,https://indiacode.gov.in/act/b427a2e8-c50a-4a6c-aae6-6b53aeab61b9/schedules,c98fa86f9235128bc5c162594dd3e96e89008f11f3eb962362e12a2b889e93e7,
614,cfe18236-a5c9-4ea7-9e42-96645868b766,ACT,,,,,"The Salaries and Allowances of Officers of Parliament Act, 1953",AC_CEN_33_52_00007_195320_1517807328417,1953,20,ACT,CENTRAL,,123456789/496357,,https://indiacode.gov.in/server/api/core/items/cfe18236-a5c9-4ea7-9e42-96645868b766,https://indiacode.gov.in/act/cfe18236-a5c9-4ea7-9e42-96645868b766,https://indiacode.gov.in/act/cfe18236-a5c9-4ea7-9e42-96645868b766/sections,https://indiacode.gov.in/act/cfe18236-a5c9-4ea7-9e42-96645868b766/schedules,c98fa86f9235128bc5c162594dd3e96e89008f11f3eb962362e12a2b889e93e7,
615,4787cacd-c112-441d-93cb-5305a6241cd6,ACT,,,,,"The Scheduled Areas (Assimilation of Laws) Act, 1953",AC_CEN_5_24_00025_195316_1517807328382,1953,16,ACT,CENTRAL,,123456789/496571,,https://indiacode.gov.in/server/api/core/items/4787cacd-c112-441d-93cb-5305a6241cd6,https://indiacode.gov.in/act/4787cacd-c112-441d-93cb-5305a6241cd6,https://indiacode.gov.in/act/4787cacd-c112-441d-93cb-5305a6241cd6/sections,https://indiacode.gov.in/act/4787cacd-c112-441d-93cb-5305a6241cd6/schedules,c98fa86f9235128bc5c162594dd3e96e89008f11f3eb962362e12a2b889e93e7,
616,d02c8fb1-0ef3-4aba-8771-3bb93c98988c,ACT,,,,,"The Forward Contracts (Regulation) Act, 1952",AC_CEN_21_28_00011_195274_1517807328287,1952,74,ACT,CENTRAL,,123456789/496110,,https://indiacode.gov.in/server/api/core/items/d02c8fb1-0ef3-4aba-8771-3bb93c98988c,https://indiacode.gov.in/act/d02c8fb1-0ef3-4aba-8771-3bb93c98988c,https://indiacode.gov.in/act/d02c8fb1-0ef3-4aba-8771-3bb93c98988c/sections,https://indiacode.gov.in/act/d02c8fb1-0ef3-4aba-8771-3bb93c98988c/schedules,c98fa86f9235128bc5c162594dd3e96e89008f11f3eb962362e12a2b889e93e7,
617,07b8ee75-ea80-451c-be7e-7f85324d94ec,ACT,,,,,"The State Armed Police Forces (Extension of Laws) Act, 1952",AC_CEN_5_23_00044_195263_1673588820692,1952,63,ACT,CENTRAL,0,123456789/496545,,https://indiacode.gov.in/server/api/core/items/07b8ee75-ea80-451c-be7e-7f85324d94ec,https://indiacode.gov.in/act/07b8ee75-ea80-451c-be7e-7f85324d94ec,https://indiacode.gov.in/act/07b8ee75-ea80-451c-be7e-7f85324d94ec/sections,https://indiacode.gov.in/act/07b8ee75-ea80-451c-be7e-7f85324d94ec/schedules,c98fa86f9235128bc5c162594dd3e96e89008f11f3eb962362e12a2b889e93e7,
618,243ae348-2690-4157-aa4e-17eb23949b99,ACT,,,,,"The Reserve and Auxiliary Air Forces Act, 1952",AC_CEN_28_38_00021_195262_1517807328498,1952,62,ACT,CENTRAL,,123456789/496212,,https://indiacode.gov.in/server/api/core/items/243ae348-2690-4157-aa4e-17eb23949b99,https://indiacode.gov.in/act/243ae348-2690-4157-aa4e-17eb23949b99,https://indiacode.gov.in/act/243ae348-2690-4157-aa4e-17eb23949b99/sections,https://indiacode.gov.in/act/243ae348-2690-4157-aa4e-17eb23949b99/schedules,c98fa86f9235128bc5c162594dd3e96e89008f11f3eb962362e12a2b889e93e7,
619,990c55ba-70c2-4c60-b30f-cc66c9655e2c,ACT,,,,,"The Commissions of Inquiry Act, 1952",AC_CEN_5_24_00004_195260_1517807319316,1952,60,ACT,CENTRAL,,123456789/496555,,https://indiacode.gov.in/server/api/core/items/990c55ba-70c2-4c60-b30f-cc66c9655e2c,https://indiacode.gov.in/act/990c55ba-70c2-4c60-b30f-cc66c9655e2c,https://indiacode.gov.in/act/990c55ba-70c2-4c60-b30f-cc66c9655e2c/sections,https://indiacode.gov.in/act/990c55ba-70c2-4c60-b30f-cc66c9655e2c/schedules,c98fa86f9235128bc5c162594dd3e96e89008f11f3eb962362e12a2b889e93e7,
620,34b03c98-6837-4ade-916a-edb5ec6e6d4c,ACT,,,,,"The Salaries and Allowances of Ministers Act, 1952",AC_CEN_33_52_00006_195258_1517807327976,1952,58,ACT,CENTRAL,,123456789/496356,,https://indiacode.gov.in/server/api/core/items/34b03c98-6837-4ade-916a-edb5ec6e6d4c,https://indiacode.gov.in/act/34b03c98-6837-4ade-916a-edb5ec6e6d4c,https://indiacode.gov.in/act/34b03c98-6837-4ade-916a-edb5ec6e6d4c/sections,https://indiacode.gov.in/act/34b03c98-6837-4ade-916a-edb5ec6e6d4c/schedules,c98fa86f9235128bc5c162594dd3e96e89008f11f3eb962362e12a2b889e93e7,
621,94e9a2c2-5355-485d-a190-b360dc023a5d,ACT,,,,,"The Notaries Act, 1952",AC_CEN_3_46_00007_195253_1517807328336,1952,53,ACT,CENTRAL,,123456789/496496,,https://indiacode.gov.in/server/api/core/items/94e9a2c2-5355-485d-a190-b360dc023a5d,https://indiacode.gov.in/act/94e9a2c2-5355-485d-a190-b360dc023a5d,https://indiacode.gov.in/act/94e9a2c2-5355-485d-a190-b360dc023a5d/sections,https://indiacode.gov.in/act/94e9a2c2-5355-485d-a190-b360dc023a5d/schedules,c98fa86f9235128bc5c162594dd3e96e89008f11f3eb962362e12a2b889e93e7,
622,197469c7-9956-436d-89ab-b57f6d510d59,ACT,,,,,"The Cinematograph Act, 1952",AC_CEN_29_41_00011_195237_1517807328551,1952,37,ACT,CENTRAL,,123456789/496221,,https://indiacode.gov.in/server/api/core/items/197469c7-9956-436d-89ab-b57f6d510d59,https://indiacode.gov.in/act/197469c7-9956-436d-89ab-b57f6d510d59,https://indiacode.gov.in/act/197469c7-9956-436d-89ab-b57f6d510d59/sections,https://indiacode.gov.in/act/197469c7-9956-436d-89ab-b57f6d510d59/schedules,c98fa86f9235128bc5c162594dd3e96e89008f11f3eb962362e12a2b889e93e7,
623,5e60483c-88f6-4b51-a247-1ccdb0fd0ef1,ACT,,,,,"The Presidential and Vice-Presidential Elections Act, 1952",AC_CEN_3_20_00036_195231_1517807328441,1952,31,ACT,CENTRAL,,123456789/496415,,https://indiacode.gov.in/server/api/core/items/5e60483c-88f6-4b51-a247-1ccdb0fd0ef1,https://indiacode.gov.in/act/5e60483c-88f6-4b51-a247-1ccdb0fd0ef1,https://indiacode.gov.in/act/5e60483c-88f6-4b51-a247-1ccdb0fd0ef1/sections,https://indiacode.gov.in/act/5e60483c-88f6-4b51-a247-1ccdb0fd0ef1/schedules,c98fa86f9235128bc5c162594dd3e96e89008f11f3eb962362e12a2b889e93e7,
624,74762919-8817-4462-a523-cb26eb00fa16,ACT,,,,,"The Requisitioning and Acquisition of Immovable Property Act, 1952",AC_CEN_17_19_00032_195230_1517807328394,1952,30,ACT,CENTRAL,,123456789/496050,,https://indiacode.gov.in/server/api/core/items/74762919-8817-4462-a523-cb26eb00fa16,https://indiacode.gov.in/act/74762919-8817-4462-a523-cb26eb00fa16,https://indiacode.gov.in/act/74762919-8817-4462-a523-cb26eb00fa16/sections,https://indiacode.gov.in/act/74762919-8817-4462-a523-cb26eb00fa16/schedules,c98fa86f9235128bc5c162594dd3e96e89008f11f3eb962362e12a2b889e93e7,
625,0bb888ae-bf07-46f1-a24f-9394f7625c50,ACT,,,,,"The Inflammable Substances Act, 1952",AC_CEN_11_60_00005_195220_1517807328359,1952,20,ACT,CENTRAL,,123456789/495963,,https://indiacode.gov.in/server/api/core/items/0bb888ae-bf07-46f1-a24f-9394f7625c50,https://indiacode.gov.in/act/0bb888ae-bf07-46f1-a24f-9394f7625c50,https://indiacode.gov.in/act/0bb888ae-bf07-46f1-a24f-9394f7625c50/sections,https://indiacode.gov.in/act/0bb888ae-bf07-46f1-a24f-9394f7625c50/schedules,c98fa86f9235128bc5c162594dd3e96e89008f11f3eb962362e12a2b889e93e7,
626,01aed63c-89f3-4ff2-87c9-b6cc9e27a573,ACT,,,,,"The Industries (Development and Regulation) Act, 1951",AC_CEN_11_61_00006_195165_1517807327166,1951,65,ACT,CENTRAL,,123456789/495967,,https://indiacode.gov.in/server/api/core/items/01aed63c-89f3-4ff2-87c9-b6cc9e27a573,https://indiacode.gov.in/act/01aed63c-89f3-4ff2-87c9-b6cc9e27a573,https://indiacode.gov.in/act/01aed63c-89f3-4ff2-87c9-b6cc9e27a573/sections,https://indiacode.gov.in/act/01aed63c-89f3-4ff2-87c9-b6cc9e27a573/schedules,c98fa86f9235128bc5c162594dd3e96e89008f11f3eb962362e12a2b889e93e7,
627,f613c6af-4963-4b54-a068-30b17adbbf61,ACT,,,,,"The State Financial Corporations Act, 1951",AC_CEN_2_11_00043_195163_1517807325456,1951,63,ACT,CENTRAL,,123456789/496265,,https://indiacode.gov.in/server/api/core/items/f613c6af-4963-4b54-a068-30b17adbbf61,https://indiacode.gov.in/act/f613c6af-4963-4b54-a068-30b17adbbf61,https://indiacode.gov.in/act/f613c6af-4963-4b54-a068-30b17adbbf61/sections,https://indiacode.gov.in/act/f613c6af-4963-4b54-a068-30b17adbbf61/schedules,c98fa86f9235128bc5c162594dd3e96e89008f11f3eb962362e12a2b889e93e7,
628,ce10e09b-3001-449e-9ae1-141d3b5dd51a,ACT,,,,,"The All-India Services Act, 1951",AC_CEN_26_36_00002_195161_1517807321358,1951,61,ACT,CENTRAL,,123456789/496167,,https://indiacode.gov.in/server/api/core/items/ce10e09b-3001-449e-9ae1-141d3b5dd51a,https://indiacode.gov.in/act/ce10e09b-3001-449e-9ae1-141d3b5dd51a,https://indiacode.gov.in/act/ce10e09b-3001-449e-9ae1-141d3b5dd51a/sections,https://indiacode.gov.in/act/ce10e09b-3001-449e-9ae1-141d3b5dd51a/schedules,c98fa86f9235128bc5c162594dd3e96e89008f11f3eb962362e12a2b889e93e7,
629,b9716249-4552-42f7-8577-5efa85a8f23b,ACT,,,,,"The Companies (Donations to National Funds) Act, 1951",AC_CEN_22_0_00013_195154_1523604737656,1951,54,ACT,CENTRAL,0,123456789/619304,,https://indiacode.gov.in/server/api/core/items/b9716249-4552-42f7-8577-5efa85a8f23b,https://indiacode.gov.in/act/b9716249-4552-42f7-8577-5efa85a8f23b,https://indiacode.gov.in/act/b9716249-4552-42f7-8577-5efa85a8f23b/sections,https://indiacode.gov.in/act/b9716249-4552-42f7-8577-5efa85a8f23b/schedules,c98fa86f9235128bc5c162594dd3e96e89008f11f3eb962362e12a2b889e93e7,
630,ecdbcbf2-ce43-45f5-879d-9404f6bfda37,ACT,,,,,"The Assam (Alteration of Boundaries) Act, 1951",AC_CEN_5_5_00001_195147_1517807317243,1951,47,ACT,CENTRAL,,123456789/496589,,https://indiacode.gov.in/server/api/core/items/ecdbcbf2-ce43-45f5-879d-9404f6bfda37,https://indiacode.gov.in/act/ecdbcbf2-ce43-45f5-879d-9404f6bfda37,https://indiacode.gov.in/act/ecdbcbf2-ce43-45f5-879d-9404f6bfda37/sections,https://indiacode.gov.in/act/ecdbcbf2-ce43-45f5-879d-9404f6bfda37/schedules,c98fa86f9235128bc5c162594dd3e96e89008f11f3eb962362e12a2b889e93e7,
631,c6952b2d-766b-49df-8217-41b17a026fd5,ACT,,,,,"The Representation of the People Act, 1951",AC_CEN_3_81_00001_195143_1517807327542,1951,43,ACT,CENTRAL,,123456789/496502,,https://indiacode.gov.in/server/api/core/items/c6952b2d-766b-49df-8217-41b17a026fd5,https://indiacode.gov.in/act/c6952b2d-766b-49df-8217-41b17a026fd5,https://indiacode.gov.in/act/c6952b2d-766b-49df-8217-41b17a026fd5/sections,https://indiacode.gov.in/act/c6952b2d-766b-49df-8217-41b17a026fd5/schedules,c98fa86f9235128bc5c162594dd3e96e89008f11f3eb962362e12a2b889e93e7,
632,689b5ae1-40e3-48c0-a4c8-459dcbc351cd,ACT,,,,,"The Rajghat Samadhi Act, 1951",AC_CEN_17_19_00034_195141_1517807328535,1951,41,ACT,CENTRAL,,123456789/496052,,https://indiacode.gov.in/server/api/core/items/689b5ae1-40e3-48c0-a4c8-459dcbc351cd,https://indiacode.gov.in/act/689b5ae1-40e3-48c0-a4c8-459dcbc351cd,https://indiacode.gov.in/act/689b5ae1-40e3-48c0-a4c8-459dcbc351cd/sections,https://indiacode.gov.in/act/689b5ae1-40e3-48c0-a4c8-459dcbc351cd/schedules,c98fa86f9235128bc5c162594dd3e96e89008f11f3eb962362e12a2b889e93e7,
633,eaf12d04-88a4-454d-8319-babcded195c6,ACT,,,,,"The Marking of Heavy Packages Act, 1951",AC_CEN_21_44_00003_195139_1517807322872,1951,39,ACT,CENTRAL,,123456789/496112,,https://indiacode.gov.in/server/api/core/items/eaf12d04-88a4-454d-8319-babcded195c6,https://indiacode.gov.in/act/eaf12d04-88a4-454d-8319-babcded195c6,https://indiacode.gov.in/act/eaf12d04-88a4-454d-8319-babcded195c6/sections,https://indiacode.gov.in/act/eaf12d04-88a4-454d-8319-babcded195c6/schedules,c98fa86f9235128bc5c162594dd3e96e89008f11f3eb962362e12a2b889e93e7,
634,8ce70fbb-b098-4414-ac5c-8216f4f80562,ACT,,,,,"The Scheduled Areas (Assimilation of Laws) Act, 1951",AC_CEN_5_5_00059_195137_1517807328013,1951,37,ACT,CENTRAL,,123456789/496638,,https://indiacode.gov.in/server/api/core/items/8ce70fbb-b098-4414-ac5c-8216f4f80562,https://indiacode.gov.in/act/8ce70fbb-b098-4414-ac5c-8216f4f80562,https://indiacode.gov.in/act/8ce70fbb-b098-4414-ac5c-8216f4f80562/sections,https://indiacode.gov.in/act/8ce70fbb-b098-4414-ac5c-8216f4f80562/schedules,c98fa86f9235128bc5c162594dd3e96e89008f11f3eb962362e12a2b889e93e7,
635,87347255-c3b1-4d5e-b0e5-0501409547d2,ACT,,,,,"The Finance Commission (Miscellaneous Provisions) Act, 1951",AC_CEN_2_11_00033_195133_1517807323203,1951,33,ACT,CENTRAL,,123456789/496256,,https://indiacode.gov.in/server/api/core/items/87347255-c3b1-4d5e-b0e5-0501409547d2,https://indiacode.gov.in/act/87347255-c3b1-4d5e-b0e5-0501409547d2,https://indiacode.gov.in/act/87347255-c3b1-4d5e-b0e5-0501409547d2/sections,https://indiacode.gov.in/act/87347255-c3b1-4d5e-b0e5-0501409547d2/schedules,c98fa86f9235128bc5c162594dd3e96e89008f11f3eb962362e12a2b889e93e7,
636,f7d9f669-acda-4484-898b-0f1dc89ff6ca,ACT,,,,,"The President's Emoluments and Pension Act, 1951",AC_CEN_5_40_00009_195130_1517807327831,1951,30,ACT,CENTRAL,,123456789/496583,,https://indiacode.gov.in/server/api/core/items/f7d9f669-acda-4484-898b-0f1dc89ff6ca,https://indiacode.gov.in/act/f7d9f669-acda-4484-898b-0f1dc89ff6ca,https://indiacode.gov.in/act/f7d9f669-acda-4484-898b-0f1dc89ff6ca/sections,https://indiacode.gov.in/act/f7d9f669-acda-4484-898b-0f1dc89ff6ca/schedules,c98fa86f9235128bc5c162594dd3e96e89008f11f3eb962362e12a2b889e93e7,
637,dc37f69a-d7ec-4b1f-9e58-17d92783cb3b,ACT,,,,,"The Visva-Bharati Act, 1951",AC_CEN_9_30_00005_195129_1517807321189,1951,29,ACT,CENTRAL,,123456789/496732,,https://indiacode.gov.in/server/api/core/items/dc37f69a-d7ec-4b1f-9e58-17d92783cb3b,https://indiacode.gov.in/act/dc37f69a-d7ec-4b1f-9e58-17d92783cb3b,https://indiacode.gov.in/act/dc37f69a-d7ec-4b1f-9e58-17d92783cb3b/sections,https://indiacode.gov.in/act/dc37f69a-d7ec-4b1f-9e58-17d92783cb3b/schedules,c98fa86f9235128bc5c162594dd3e96e89008f11f3eb962362e12a2b889e93e7,
638,47c25df3-3e42-4692-8d7f-fe21bc6826a7,ACT,,,,,"The Jallianwala Bagh National Memorial Act, 1951",AC_CEN_5_24_00023_195125_1517807327154,1951,25,ACT,CENTRAL,,123456789/496569,,https://indiacode.gov.in/server/api/core/items/47c25df3-3e42-4692-8d7f-fe21bc6826a7,https://indiacode.gov.in/act/47c25df3-3e42-4692-8d7f-fe21bc6826a7,https://indiacode.gov.in/act/47c25df3-3e42-4692-8d7f-fe21bc6826a7/sections,https://indiacode.gov.in/act/47c25df3-3e42-4692-8d7f-fe21bc6826a7/schedules,c98fa86f9235128bc5c162594dd3e96e89008f11f3eb962362e12a2b889e93e7,
639,6ef7dfb0-d469-4b89-8843-d68ba025a1da,ACT,,,,,"The Khaddar (Protection of Name) Act, 1950",AC_CEN_20_25_00005_195078_1517807321750,1950,78,ACT,CENTRAL,,123456789/496096,,https://indiacode.gov.in/server/api/core/items/6ef7dfb0-d469-4b89-8843-d68ba025a1da,https://indiacode.gov.in/act/6ef7dfb0-d469-4b89-8843-d68ba025a1da,https://indiacode.gov.in/act/6ef7dfb0-d469-4b89-8843-d68ba025a1da/sections,https://indiacode.gov.in/act/6ef7dfb0-d469-4b89-8843-d68ba025a1da/schedules,c98fa86f9235128bc5c162594dd3e96e89008f11f3eb962362e12a2b889e93e7,
640,fb1e089c-4822-4253-931a-5bb39f185e05,ACT,,,,,"The Road Transport Corporations Act, 1950",AC_CEN_30_42_00001_195064_1517807319645,1950,64,ACT,CENTRAL,,123456789/496333,,https://indiacode.gov.in/server/api/core/items/fb1e089c-4822-4253-931a-5bb39f185e05,https://indiacode.gov.in/act/fb1e089c-4822-4253-931a-5bb39f185e05,https://indiacode.gov.in/act/fb1e089c-4822-4253-931a-5bb39f185e05/sections,https://indiacode.gov.in/act/fb1e089c-4822-4253-931a-5bb39f185e05/schedules,c98fa86f9235128bc5c162594dd3e96e89008f11f3eb962362e12a2b889e93e7,
641,c1b87b6d-5afe-414d-8697-a329874f5ca5,ACT,,,,,"The Contingency Fund of India Act, 1950",AC_CEN_2_11_00038_195049_1517807324632,1950,49,ACT,CENTRAL,,123456789/496261,,https://indiacode.gov.in/server/api/core/items/c1b87b6d-5afe-414d-8697-a329874f5ca5,https://indiacode.gov.in/act/c1b87b6d-5afe-414d-8697-a329874f5ca5,https://indiacode.gov.in/act/c1b87b6d-5afe-414d-8697-a329874f5ca5/sections,https://indiacode.gov.in/act/c1b87b6d-5afe-414d-8697-a329874f5ca5/schedules,c98fa86f9235128bc5c162594dd3e96e89008f11f3eb962362e12a2b889e93e7,
642,60fd2882-1df9-4b4d-8a70-3add0a9f5b6b,ACT,,,,,"The Army Act, 1950",AC_CEN_28_38_00012_195046_1517807323368,1950,46,ACT,CENTRAL,,123456789/496203,,https://indiacode.gov.in/server/api/core/items/60fd2882-1df9-4b4d-8a70-3add0a9f5b6b,https://indiacode.gov.in/act/60fd2882-1df9-4b4d-8a70-3add0a9f5b6b,https://indiacode.gov.in/act/60fd2882-1df9-4b4d-8a70-3add0a9f5b6b/sections,https://indiacode.gov.in/act/60fd2882-1df9-4b4d-8a70-3add0a9f5b6b/schedules,c98fa86f9235128bc5c162594dd3e96e89008f11f3eb962362e12a2b889e93e7,
643,bd39cf83-dd5c-4852-be68-3d3d5982e56c,ACT,,,,,"The Air Force Act, 1950",AC_CEN_28_38_00018_195045_1517807325980,1950,45,ACT,CENTRAL,,123456789/496208,,https://indiacode.gov.in/server/api/core/items/bd39cf83-dd5c-4852-be68-3d3d5982e56c,https://indiacode.gov.in/act/bd39cf83-dd5c-4852-be68-3d3d5982e56c,https://indiacode.gov.in/act/bd39cf83-dd5c-4852-be68-3d3d5982e56c/sections,https://indiacode.gov.in/act/bd39cf83-dd5c-4852-be68-3d3d5982e56c/schedules,c98fa86f9235128bc5c162594dd3e96e89008f11f3eb962362e12a2b889e93e7,
644,d1511220-9dbc-4108-949f-28e1229e7a44,ACT,,,,,"The Representation of the People Act, 1950",AC_CEN_3_20_00016_195043_1517807321506,1950,43,ACT,CENTRAL,,123456789/496397,,https://indiacode.gov.in/server/api/core/items/d1511220-9dbc-4108-949f-28e1229e7a44,https://indiacode.gov.in/act/d1511220-9dbc-4108-949f-28e1229e7a44,https://indiacode.gov.in/act/d1511220-9dbc-4108-949f-28e1229e7a44/sections,https://indiacode.gov.in/act/d1511220-9dbc-4108-949f-28e1229e7a44/schedules,c98fa86f9235128bc5c162594dd3e96e89008f11f3eb962362e12a2b889e93e7,
645,9bbea746-fe27-45e8-9b1e-20ea8cbea2c9,ACT,,,,,"The Ajmer Tenancy and Land Records Act, 1950",AC_CEN_18_21_000010_195042_1517807326028,1950,42,ACT,CENTRAL,,123456789/496053,,https://indiacode.gov.in/server/api/core/items/9bbea746-fe27-45e8-9b1e-20ea8cbea2c9,https://indiacode.gov.in/act/9bbea746-fe27-45e8-9b1e-20ea8cbea2c9,https://indiacode.gov.in/act/9bbea746-fe27-45e8-9b1e-20ea8cbea2c9/sections,https://indiacode.gov.in/act/9bbea746-fe27-45e8-9b1e-20ea8cbea2c9/schedules,c98fa86f9235128bc5c162594dd3e96e89008f11f3eb962362e12a2b889e93e7,
646,3ba27522-77de-43e1-b1f2-2159b44afc4e,ACT,,,,,"The Army and Air Force (Disposal of Private Property) Act, 1950",AC_CEN_28_38_00019_195040_1517807326187,1950,40,ACT,CENTRAL,,123456789/496210,,https://indiacode.gov.in/server/api/core/items/3ba27522-77de-43e1-b1f2-2159b44afc4e,https://indiacode.gov.in/act/3ba27522-77de-43e1-b1f2-2159b44afc4e,https://indiacode.gov.in/act/3ba27522-77de-43e1-b1f2-2159b44afc4e/sections,https://indiacode.gov.in/act/3ba27522-77de-43e1-b1f2-2159b44afc4e/schedules,c98fa86f9235128bc5c162594dd3e96e89008f11f3eb962362e12a2b889e93e7,
647,5bb724c7-d9f3-4b6a-b350-1dc0b47bbe7d,ACT,,,,,"The Union Territories (Laws) Act, 1950",AC_CEN_5_5_00057_195030_1517807327422,1950,30,ACT,CENTRAL,,123456789/496636,,https://indiacode.gov.in/server/api/core/items/5bb724c7-d9f3-4b6a-b350-1dc0b47bbe7d,https://indiacode.gov.in/act/5bb724c7-d9f3-4b6a-b350-1dc0b47bbe7d,https://indiacode.gov.in/act/5bb724c7-d9f3-4b6a-b350-1dc0b47bbe7d/sections,https://indiacode.gov.in/act/5bb724c7-d9f3-4b6a-b350-1dc0b47bbe7d/schedules,c98fa86f9235128bc5c162594dd3e96e89008f11f3eb962362e12a2b889e93e7,
648,a319f812-d493-4b9f-8c70-b93505acb01f,ACT,,,,,"The Transfer of Prisoners Act, 1950",AC_CEN_5_23_00007_195029_1517807319979,1950,29,ACT,CENTRAL,,123456789/496526,,https://indiacode.gov.in/server/api/core/items/a319f812-d493-4b9f-8c70-b93505acb01f,https://indiacode.gov.in/act/a319f812-d493-4b9f-8c70-b93505acb01f,https://indiacode.gov.in/act/a319f812-d493-4b9f-8c70-b93505acb01f/sections,https://indiacode.gov.in/act/a319f812-d493-4b9f-8c70-b93505acb01f/schedules,c98fa86f9235128bc5c162594dd3e96e89008f11f3eb962362e12a2b889e93e7,
649,4c3f7c41-f6ae-443c-8ea5-d55cd34267f4,ACT,,,,,"The Special Criminal Courts (Jurisdiction) Act, 1950",AC_CEN_5_23_00026_195018_1517807327302,1950,18,ACT,CENTRAL,,123456789/496539,,https://indiacode.gov.in/server/api/core/items/4c3f7c41-f6ae-443c-8ea5-d55cd34267f4,https://indiacode.gov.in/act/4c3f7c41-f6ae-443c-8ea5-d55cd34267f4,https://indiacode.gov.in/act/4c3f7c41-f6ae-443c-8ea5-d55cd34267f4/sections,https://indiacode.gov.in/act/4c3f7c41-f6ae-443c-8ea5-d55cd34267f4/schedules,c98fa86f9235128bc5c162594dd3e96e89008f11f3eb962362e12a2b889e93e7,
650,478bae57-df0d-412a-a503-26d3f0fbeded,ACT,,,,,"The Emblems and Names (Prevention of Improper Use) Act, 1950",AC_CEN_21_44_00002_195012_1517807320273,1950,12,ACT,CENTRAL,,123456789/496111,,https://indiacode.gov.in/server/api/core/items/478bae57-df0d-412a-a503-26d3f0fbeded,https://indiacode.gov.in/act/478bae57-df0d-412a-a503-26d3f0fbeded,https://indiacode.gov.in/act/478bae57-df0d-412a-a503-26d3f0fbeded/sections,https://indiacode.gov.in/act/478bae57-df0d-412a-a503-26d3f0fbeded/schedules,c98fa86f9235128bc5c162594dd3e96e89008f11f3eb962362e12a2b889e93e7,
651,be096ff5-ceee-4cd6-9a26-41442d278036,ACT,,,,,"The Immigrants (Expulsion from Assam) Act, 1950",AC_CEN_5_5_00032_195010_1517807322055,1950,10,ACT,CENTRAL,,123456789/496616,,https://indiacode.gov.in/server/api/core/items/be096ff5-ceee-4cd6-9a26-41442d278036,https://indiacode.gov.in/act/be096ff5-ceee-4cd6-9a26-41442d278036,https://indiacode.gov.in/act/be096ff5-ceee-4cd6-9a26-41442d278036/sections,https://indiacode.gov.in/act/be096ff5-ceee-4cd6-9a26-41442d278036/schedules,c98fa86f9235128bc5c162594dd3e96e89008f11f3eb962362e12a2b889e93e7,
652,6bbf9609-a08a-4751-8ce0-a7b7d5d4ba30,ACT,,,,,"The High Courts (Seals) Act, 1950",AC_CEN_3_3_00004_195007_1517807318859,1950,7,ACT,CENTRAL,,123456789/496467,,https://indiacode.gov.in/server/api/core/items/6bbf9609-a08a-4751-8ce0-a7b7d5d4ba30,https://indiacode.gov.in/act/6bbf9609-a08a-4751-8ce0-a7b7d5d4ba30,https://indiacode.gov.in/act/6bbf9609-a08a-4751-8ce0-a7b7d5d4ba30/sections,https://indiacode.gov.in/act/6bbf9609-a08a-4751-8ce0-a7b7d5d4ba30/schedules,c98fa86f9235128bc5c162594dd3e96e89008f11f3eb962362e12a2b889e93e7,
653,7663af64-c67e-4937-a808-84c1319b709b,ACT,,,,,"The Central Reserve Police Force Act, 1949",AC_CEN_5_23_00006_194966_1517807319820,1949,66,ACT,CENTRAL,,123456789/496525,,https://indiacode.gov.in/server/api/core/items/7663af64-c67e-4937-a808-84c1319b709b,https://indiacode.gov.in/act/7663af64-c67e-4937-a808-84c1319b709b,https://indiacode.gov.in/act/7663af64-c67e-4937-a808-84c1319b709b/sections,https://indiacode.gov.in/act/7663af64-c67e-4937-a808-84c1319b709b/schedules,c98fa86f9235128bc5c162594dd3e96e89008f11f3eb962362e12a2b889e93e7,
654,c105fc7e-8302-4231-8161-bdd79c49666b,ACT,,,,,"The Police Act, 1949",AC_CEN_5_23_00012_194964_1517807321847,1949,64,ACT,CENTRAL,,123456789/496528,,https://indiacode.gov.in/server/api/core/items/c105fc7e-8302-4231-8161-bdd79c49666b,https://indiacode.gov.in/act/c105fc7e-8302-4231-8161-bdd79c49666b,https://indiacode.gov.in/act/c105fc7e-8302-4231-8161-bdd79c49666b/sections,https://indiacode.gov.in/act/c105fc7e-8302-4231-8161-bdd79c49666b/schedules,c98fa86f9235128bc5c162594dd3e96e89008f11f3eb962362e12a2b889e93e7,
655,e82d20bf-0a0c-4476-b44d-e4c707e061fb,ACT,,,,,"The Industrial Disputes (Banking and Insurance Companies) Act, 1949",AC_CEN_6_6_00021_194954_1517807322840,1949,54,ACT,CENTRAL,,123456789/496707,,https://indiacode.gov.in/server/api/core/items/e82d20bf-0a0c-4476-b44d-e4c707e061fb,https://indiacode.gov.in/act/e82d20bf-0a0c-4476-b44d-e4c707e061fb,https://indiacode.gov.in/act/e82d20bf-0a0c-4476-b44d-e4c707e061fb/sections,https://indiacode.gov.in/act/e82d20bf-0a0c-4476-b44d-e4c707e061fb/schedules,c98fa86f9235128bc5c162594dd3e96e89008f11f3eb962362e12a2b889e93e7,
656,0df23631-15c3-48fd-8573-6d16eea46b83,ACT,,,,,"The Chartered Accountants Act, 1949",AC_CEN_22_29_00001_194938_1517807318353,1949,38,ACT,CENTRAL,,123456789/496123,,https://indiacode.gov.in/server/api/core/items/0df23631-15c3-48fd-8573-6d16eea46b83,https://indiacode.gov.in/act/0df23631-15c3-48fd-8573-6d16eea46b83,https://indiacode.gov.in/act/0df23631-15c3-48fd-8573-6d16eea46b83/sections,https://indiacode.gov.in/act/0df23631-15c3-48fd-8573-6d16eea46b83/schedules,c98fa86f9235128bc5c162594dd3e96e89008f11f3eb962362e12a2b889e93e7,
657,4f65ea04-4f5b-4b69-80b8-8d11872b4345,ACT,,,,,"The West Godavari District (Assimilation of Laws on Federal Subjects) Act, 1949",AC_CEN_5_5_00041_194920_1517807323713,1949,20,ACT,CENTRAL,,123456789/496622,,https://indiacode.gov.in/server/api/core/items/4f65ea04-4f5b-4b69-80b8-8d11872b4345,https://indiacode.gov.in/act/4f65ea04-4f5b-4b69-80b8-8d11872b4345,https://indiacode.gov.in/act/4f65ea04-4f5b-4b69-80b8-8d11872b4345/sections,https://indiacode.gov.in/act/4f65ea04-4f5b-4b69-80b8-8d11872b4345/schedules,c98fa86f9235128bc5c162594dd3e96e89008f11f3eb962362e12a2b889e93e7,
658,18020586-18bc-4857-91fe-668ed2469876,ACT,,,,,"The Banking Regulation Act, 1949",AC_CEN_2_11_00002_194910_1517807317779,1949,10,ACT,CENTRAL,,123456789/496222,,https://indiacode.gov.in/server/api/core/items/18020586-18bc-4857-91fe-668ed2469876,https://indiacode.gov.in/act/18020586-18bc-4857-91fe-668ed2469876,https://indiacode.gov.in/act/18020586-18bc-4857-91fe-668ed2469876/sections,https://indiacode.gov.in/act/18020586-18bc-4857-91fe-668ed2469876/schedules,c98fa86f9235128bc5c162594dd3e96e89008f11f3eb962362e12a2b889e93e7,
659,340b9330-9296-4578-a25b-9b6258d345a4,ACT,,,,,"The Seaward Artillery Practice Act, 1949",AC_CEN_28_38_00017_194908_1517807325444,1949,8,ACT,CENTRAL,,123456789/496207,,https://indiacode.gov.in/server/api/core/items/340b9330-9296-4578-a25b-9b6258d345a4,https://indiacode.gov.in/act/340b9330-9296-4578-a25b-9b6258d345a4,https://indiacode.gov.in/act/340b9330-9296-4578-a25b-9b6258d345a4/sections,https://indiacode.gov.in/act/340b9330-9296-4578-a25b-9b6258d345a4/schedules,c98fa86f9235128bc5c162594dd3e96e89008f11f3eb962362e12a2b889e93e7,
660,e676c7df-88a9-49ac-b54a-abedbba7b4f0,ACT,,,,,"The Scheduled Securities (Hyderabad) Act,1949",AC_CEN_5_5_00061_194907_1657709588894,1949,7,ACT,CENTRAL,0,123456789/496640,,https://indiacode.gov.in/server/api/core/items/e676c7df-88a9-49ac-b54a-abedbba7b4f0,https://indiacode.gov.in/act/e676c7df-88a9-49ac-b54a-abedbba7b4f0,https://indiacode.gov.in/act/e676c7df-88a9-49ac-b54a-abedbba7b4f0/sections,https://indiacode.gov.in/act/e676c7df-88a9-49ac-b54a-abedbba7b4f0/schedules,c98fa86f9235128bc5c162594dd3e96e89008f11f3eb962362e12a2b889e93e7,
661,b198fa5f-363d-49f9-a3ad-4733fdc46769,ACT,,,,,"The Mangrol and Manavadar (Administration of Property) Act, 1949",AC_CEN_17_19_00011_194902_1517807322792,1949,2,ACT,CENTRAL,,123456789/496038,,https://indiacode.gov.in/server/api/core/items/b198fa5f-363d-49f9-a3ad-4733fdc46769,https://indiacode.gov.in/act/b198fa5f-363d-49f9-a3ad-4733fdc46769,https://indiacode.gov.in/act/b198fa5f-363d-49f9-a3ad-4733fdc46769/sections,https://indiacode.gov.in/act/b198fa5f-363d-49f9-a3ad-4733fdc46769/schedules,c98fa86f9235128bc5c162594dd3e96e89008f11f3eb962362e12a2b889e93e7,
662,90deedf8-ecd8-49c3-9e02-b0c0d36f1b79,ACT,,,,,"The Delhi and Ajmer-Merwara Land Development Act, 1948",AC_CEN_23_57_00001_194866_1517807321056,1948,66,ACT,CENTRAL,,123456789/496141,,https://indiacode.gov.in/server/api/core/items/90deedf8-ecd8-49c3-9e02-b0c0d36f1b79,https://indiacode.gov.in/act/90deedf8-ecd8-49c3-9e02-b0c0d36f1b79,https://indiacode.gov.in/act/90deedf8-ecd8-49c3-9e02-b0c0d36f1b79/sections,https://indiacode.gov.in/act/90deedf8-ecd8-49c3-9e02-b0c0d36f1b79/schedules,c98fa86f9235128bc5c162594dd3e96e89008f11f3eb962362e12a2b889e93e7,
663,7846c6cc-34d9-4285-a126-03de657b5096,ACT,,,,,"The Reserve Bank (Transfer to Public Ownership) Act, 1948",AC_CEN_2_11_00027_194862_1517807322244,1948,62,ACT,CENTRAL,,123456789/496245,,https://indiacode.gov.in/server/api/core/items/7846c6cc-34d9-4285-a126-03de657b5096,https://indiacode.gov.in/act/7846c6cc-34d9-4285-a126-03de657b5096,https://indiacode.gov.in/act/7846c6cc-34d9-4285-a126-03de657b5096/sections,https://indiacode.gov.in/act/7846c6cc-34d9-4285-a126-03de657b5096/schedules,c98fa86f9235128bc5c162594dd3e96e89008f11f3eb962362e12a2b889e93e7,
664,1251d860-341d-4029-9c73-f7c4721cac27,ACT,,,,,"The Central Silk Board Act, 1948",AC_CEN_20_25_00002_194861_1517807318751,1948,61,ACT,CENTRAL,,123456789/496094,,https://indiacode.gov.in/server/api/core/items/1251d860-341d-4029-9c73-f7c4721cac27,https://indiacode.gov.in/act/1251d860-341d-4029-9c73-f7c4721cac27,https://indiacode.gov.in/act/1251d860-341d-4029-9c73-f7c4721cac27/sections,https://indiacode.gov.in/act/1251d860-341d-4029-9c73-f7c4721cac27/schedules,c98fa86f9235128bc5c162594dd3e96e89008f11f3eb962362e12a2b889e93e7,
665,b8db3705-aa6d-4b2f-b700-d29d91b8de44,ACT,,,,,"The Territorial Army Act, 1948",AC_CEN_28_38_00001_194856_1517807318980,1948,56,ACT,CENTRAL,,123456789/496195,,https://indiacode.gov.in/server/api/core/items/b8db3705-aa6d-4b2f-b700-d29d91b8de44,https://indiacode.gov.in/act/b8db3705-aa6d-4b2f-b700-d29d91b8de44,https://indiacode.gov.in/act/b8db3705-aa6d-4b2f-b700-d29d91b8de44/sections,https://indiacode.gov.in/act/b8db3705-aa6d-4b2f-b700-d29d91b8de44/schedules,c98fa86f9235128bc5c162594dd3e96e89008f11f3eb962362e12a2b889e93e7,
666,0a7bf8c0-7d3b-44a1-87d9-0044fcf6892f,ACT,,,,,"The Oilfields (Regulation and Development) Act, 1948",AC_CEN_32_50_00003_194853_1517807321812,1948,53,ACT,CENTRAL,,123456789/496348,,https://indiacode.gov.in/server/api/core/items/0a7bf8c0-7d3b-44a1-87d9-0044fcf6892f,https://indiacode.gov.in/act/0a7bf8c0-7d3b-44a1-87d9-0044fcf6892f,https://indiacode.gov.in/act/0a7bf8c0-7d3b-44a1-87d9-0044fcf6892f/sections,https://indiacode.gov.in/act/0a7bf8c0-7d3b-44a1-87d9-0044fcf6892f/schedules,c98fa86f9235128bc5c162594dd3e96e89008f11f3eb962362e12a2b889e93e7,
667,70445389-bbaa-4ab1-adac-641c0a54399c,ACT,,,,,"The Census Act, 1948",AC_CEN_5_40_00002_194837_1517807319480,1948,37,ACT,CENTRAL,,123456789/496577,,https://indiacode.gov.in/server/api/core/items/70445389-bbaa-4ab1-adac-641c0a54399c,https://indiacode.gov.in/act/70445389-bbaa-4ab1-adac-641c0a54399c,https://indiacode.gov.in/act/70445389-bbaa-4ab1-adac-641c0a54399c/sections,https://indiacode.gov.in/act/70445389-bbaa-4ab1-adac-641c0a54399c/schedules,c98fa86f9235128bc5c162594dd3e96e89008f11f3eb962362e12a2b889e93e7,
668,972f6c1d-921d-4a59-8044-5c0134ff2dc1,ACT,,,,,"The Diplomatic and Consular Officers (Oaths and Fees) Act, 1948",AC_CEN_3_20_00033_194841_1517807325277,1948,41,ACT,CENTRAL,,123456789/496411,,https://indiacode.gov.in/server/api/core/items/972f6c1d-921d-4a59-8044-5c0134ff2dc1,https://indiacode.gov.in/act/972f6c1d-921d-4a59-8044-5c0134ff2dc1,https://indiacode.gov.in/act/972f6c1d-921d-4a59-8044-5c0134ff2dc1/sections,https://indiacode.gov.in/act/972f6c1d-921d-4a59-8044-5c0134ff2dc1/schedules,c98fa86f9235128bc5c162594dd3e96e89008f11f3eb962362e12a2b889e93e7,
669,e71c2636-bb9f-4f72-8cb4-434d3e32d83a,ACT,,,,,"The Coal Mines Provident Fund and Miscellaneous Provisions Act, 1948",AC_CEN_8_8_00009_194846_1517807326587,1948,46,ACT,CENTRAL,,123456789/496725,,https://indiacode.gov.in/server/api/core/items/e71c2636-bb9f-4f72-8cb4-434d3e32d83a,https://indiacode.gov.in/act/e71c2636-bb9f-4f72-8cb4-434d3e32d83a,https://indiacode.gov.in/act/e71c2636-bb9f-4f72-8cb4-434d3e32d83a/sections,https://indiacode.gov.in/act/e71c2636-bb9f-4f72-8cb4-434d3e32d83a/schedules,c98fa86f9235128bc5c162594dd3e96e89008f11f3eb962362e12a2b889e93e7,
670,ae2f9f10-7d2c-4672-9c28-369efddf0a30,ACT,,,,,"The Calcutta Port (Pilotage) Act, 1948",AC_CEN_7_7_00007_194833_1517807326076,1948,33,ACT,CENTRAL,,123456789/496718,,https://indiacode.gov.in/server/api/core/items/ae2f9f10-7d2c-4672-9c28-369efddf0a30,https://indiacode.gov.in/act/ae2f9f10-7d2c-4672-9c28-369efddf0a30,https://indiacode.gov.in/act/ae2f9f10-7d2c-4672-9c28-369efddf0a30/sections,https://indiacode.gov.in/act/ae2f9f10-7d2c-4672-9c28-369efddf0a30/schedules,c98fa86f9235128bc5c162594dd3e96e89008f11f3eb962362e12a2b889e93e7,
671,d7215253-67b5-4d34-a90d-24a8fdf2d671,ACT,,,,,"The National Cadet Corps Act, 1948",AC_CEN_28_38_00014_194831_1517807324178,1948,31,ACT,CENTRAL,,123456789/496205,,https://indiacode.gov.in/server/api/core/items/d7215253-67b5-4d34-a90d-24a8fdf2d671,https://indiacode.gov.in/act/d7215253-67b5-4d34-a90d-24a8fdf2d671,https://indiacode.gov.in/act/d7215253-67b5-4d34-a90d-24a8fdf2d671/sections,https://indiacode.gov.in/act/d7215253-67b5-4d34-a90d-24a8fdf2d671/schedules,c98fa86f9235128bc5c162594dd3e96e89008f11f3eb962362e12a2b889e93e7,
672,1f75b626-9620-4886-9dc2-7ed6b219d714,ACT,,,,,"The Damodar Valley Corporation Act, 1948",AC_CEN_19_22_00004_194814_1517807325824,1948,14,ACT,CENTRAL,,123456789/496084,,https://indiacode.gov.in/server/api/core/items/1f75b626-9620-4886-9dc2-7ed6b219d714,https://indiacode.gov.in/act/1f75b626-9620-4886-9dc2-7ed6b219d714,https://indiacode.gov.in/act/1f75b626-9620-4886-9dc2-7ed6b219d714/sections,https://indiacode.gov.in/act/1f75b626-9620-4886-9dc2-7ed6b219d714/schedules,c98fa86f9235128bc5c162594dd3e96e89008f11f3eb962362e12a2b889e93e7,
673,f741499a-8e88-4826-a9e1-4e419161b95c,ACT,,,,,"The Rehabilitation Finance Administration Act, 1948",AC_CEN_18_21_00011_194812_1517807326634,1948,12,ACT,CENTRAL,,123456789/496062,,https://indiacode.gov.in/server/api/core/items/f741499a-8e88-4826-a9e1-4e419161b95c,https://indiacode.gov.in/act/f741499a-8e88-4826-a9e1-4e419161b95c,https://indiacode.gov.in/act/f741499a-8e88-4826-a9e1-4e419161b95c/sections,https://indiacode.gov.in/act/f741499a-8e88-4826-a9e1-4e419161b95c/schedules,c98fa86f9235128bc5c162594dd3e96e89008f11f3eb962362e12a2b889e93e7,
674,6dd4c374-6844-43e3-8b71-4b6023e8812a,ACT,,,,,"The Dock Workers (Regulation of Employment) Act, 1948",AC_CEN_6_6_00027_194809_1517807324417,1948,9,ACT,CENTRAL,,123456789/496708,,https://indiacode.gov.in/server/api/core/items/6dd4c374-6844-43e3-8b71-4b6023e8812a,https://indiacode.gov.in/act/6dd4c374-6844-43e3-8b71-4b6023e8812a,https://indiacode.gov.in/act/6dd4c374-6844-43e3-8b71-4b6023e8812a/sections,https://indiacode.gov.in/act/6dd4c374-6844-43e3-8b71-4b6023e8812a/schedules,c98fa86f9235128bc5c162594dd3e96e89008f11f3eb962362e12a2b889e93e7,
675,ead36a50-3aa7-4b8d-b6b1-799b1e7228c9,ACT,,,,,"The Pharmacy Act, 1948",AC_CEN_12_13_00008_194808_1517807321458,1948,8,ACT,CENTRAL,,123456789/495974,,https://indiacode.gov.in/server/api/core/items/ead36a50-3aa7-4b8d-b6b1-799b1e7228c9,https://indiacode.gov.in/act/ead36a50-3aa7-4b8d-b6b1-799b1e7228c9,https://indiacode.gov.in/act/ead36a50-3aa7-4b8d-b6b1-799b1e7228c9/sections,https://indiacode.gov.in/act/ead36a50-3aa7-4b8d-b6b1-799b1e7228c9/schedules,c98fa86f9235128bc5c162594dd3e96e89008f11f3eb962362e12a2b889e93e7,
676,efe75524-ad89-43ce-a482-242ca41026cf,ACT,,,,,"The Indian Nursing Council Act, 1947",AC_CEN_12_13_00018_194748_1517807325628,1947,48,ACT,CENTRAL,,123456789/495980,,https://indiacode.gov.in/server/api/core/items/efe75524-ad89-43ce-a482-242ca41026cf,https://indiacode.gov.in/act/efe75524-ad89-43ce-a482-242ca41026cf,https://indiacode.gov.in/act/efe75524-ad89-43ce-a482-242ca41026cf/sections,https://indiacode.gov.in/act/efe75524-ad89-43ce-a482-242ca41026cf/schedules,c98fa86f9235128bc5c162594dd3e96e89008f11f3eb962362e12a2b889e93e7,
677,669d6325-b9b1-48d4-96de-1684566e7d0a,ACT,,,,,"The United Nations (Privileges and Immunities) Act, 1947",AC_CEN_10_10_00015_194746_1517807324722,1947,46,ACT,CENTRAL,,123456789/495946,,https://indiacode.gov.in/server/api/core/items/669d6325-b9b1-48d4-96de-1684566e7d0a,https://indiacode.gov.in/act/669d6325-b9b1-48d4-96de-1684566e7d0a,https://indiacode.gov.in/act/669d6325-b9b1-48d4-96de-1684566e7d0a/sections,https://indiacode.gov.in/act/669d6325-b9b1-48d4-96de-1684566e7d0a/schedules,c98fa86f9235128bc5c162594dd3e96e89008f11f3eb962362e12a2b889e93e7,
678,c796ff02-fa13-4018-8451-f88a4a4fa80e,ACT,,,,,"The United Nations (Security Council) Act, 1947",AC_CEN_10_10_00007_194743_1517807321027,1947,43,ACT,CENTRAL,,123456789/495939,,https://indiacode.gov.in/server/api/core/items/c796ff02-fa13-4018-8451-f88a4a4fa80e,https://indiacode.gov.in/act/c796ff02-fa13-4018-8451-f88a4a4fa80e,https://indiacode.gov.in/act/c796ff02-fa13-4018-8451-f88a4a4fa80e/sections,https://indiacode.gov.in/act/c796ff02-fa13-4018-8451-f88a4a4fa80e/schedules,c98fa86f9235128bc5c162594dd3e96e89008f11f3eb962362e12a2b889e93e7,
679,d58cab82-5012-41c9-a288-5af3a78b7121,ACT,,,,,"The Rubber Act, 1947",AC_CEN_11_12_00003_194724_1517807319195,1947,24,ACT,CENTRAL,,123456789/495953,,https://indiacode.gov.in/server/api/core/items/d58cab82-5012-41c9-a288-5af3a78b7121,https://indiacode.gov.in/act/d58cab82-5012-41c9-a288-5af3a78b7121,https://indiacode.gov.in/act/d58cab82-5012-41c9-a288-5af3a78b7121/sections,https://indiacode.gov.in/act/d58cab82-5012-41c9-a288-5af3a78b7121/schedules,c98fa86f9235128bc5c162594dd3e96e89008f11f3eb962362e12a2b889e93e7,
680,82b37199-e90a-4d94-81fa-cba01e706ce7,ACT,,,,,"The Armed Forces (Emergency Duties) Act, 1947",AC_CEN_28_38_00009_194715_1517807322354,1947,15,ACT,CENTRAL,,123456789/496201,,https://indiacode.gov.in/server/api/core/items/82b37199-e90a-4d94-81fa-cba01e706ce7,https://indiacode.gov.in/act/82b37199-e90a-4d94-81fa-cba01e706ce7,https://indiacode.gov.in/act/82b37199-e90a-4d94-81fa-cba01e706ce7/sections,https://indiacode.gov.in/act/82b37199-e90a-4d94-81fa-cba01e706ce7/schedules,c98fa86f9235128bc5c162594dd3e96e89008f11f3eb962362e12a2b889e93e7,
681,15d1c8e3-51b1-437b-8da8-5bf0c8dc111a,ACT,,,,,"The Delhi Special Police Establishment Act, 1946",AC_CEN_26_36_00012_00012_1523948002193,1946,25,ACT,CENTRAL,0,123456789/496174,,https://indiacode.gov.in/server/api/core/items/15d1c8e3-51b1-437b-8da8-5bf0c8dc111a,https://indiacode.gov.in/act/15d1c8e3-51b1-437b-8da8-5bf0c8dc111a,https://indiacode.gov.in/act/15d1c8e3-51b1-437b-8da8-5bf0c8dc111a/sections,https://indiacode.gov.in/act/15d1c8e3-51b1-437b-8da8-5bf0c8dc111a/schedules,c98fa86f9235128bc5c162594dd3e96e89008f11f3eb962362e12a2b889e93e7,
682,28a820e1-f457-4a2a-82c9-e43c63aad677,ACT,,,,,"The International Monetary Fund and Bank Act, 1945",AC_CEN_2_11_00031_194547_1523354437533,1945,47,ACT,CENTRAL,0,123456789/496250,,https://indiacode.gov.in/server/api/core/items/28a820e1-f457-4a2a-82c9-e43c63aad677,https://indiacode.gov.in/act/28a820e1-f457-4a2a-82c9-e43c63aad677,https://indiacode.gov.in/act/28a820e1-f457-4a2a-82c9-e43c63aad677/sections,https://indiacode.gov.in/act/28a820e1-f457-4a2a-82c9-e43c63aad677/schedules,c98fa86f9235128bc5c162594dd3e96e89008f11f3eb962362e12a2b889e93e7,
683,076fcb1a-cd96-42e6-9e90-d3aabd52391d,ACT,,,,,"The Public Debt Act, 1944",AC_CEN_2_11_00030_194418_1523354333018,1944,18,ACT,CENTRAL,0,123456789/496248,,https://indiacode.gov.in/server/api/core/items/076fcb1a-cd96-42e6-9e90-d3aabd52391d,https://indiacode.gov.in/act/076fcb1a-cd96-42e6-9e90-d3aabd52391d,https://indiacode.gov.in/act/076fcb1a-cd96-42e6-9e90-d3aabd52391d/sections,https://indiacode.gov.in/act/076fcb1a-cd96-42e6-9e90-d3aabd52391d/schedules,c98fa86f9235128bc5c162594dd3e96e89008f11f3eb962362e12a2b889e93e7,
684,b7de3500-7d8b-4954-b89e-d97687c868ad,ACT,,,,,"The Central Excise Act, 1944",AC_CEN_2_2_00036_A1944-01_1671705649438,1944,1,ACT,CENTRAL,0,123456789/496296,,https://indiacode.gov.in/server/api/core/items/b7de3500-7d8b-4954-b89e-d97687c868ad,https://indiacode.gov.in/act/b7de3500-7d8b-4954-b89e-d97687c868ad,https://indiacode.gov.in/act/b7de3500-7d8b-4954-b89e-d97687c868ad/sections,https://indiacode.gov.in/act/b7de3500-7d8b-4954-b89e-d97687c868ad/schedules,c98fa86f9235128bc5c162594dd3e96e89008f11f3eb962362e12a2b889e93e7,
685,55a3e975-d96b-4404-a1bc-cce98b8903a0,ACT,,,,,"The Reciprocity Act, 1943",AC_CEN_10_0_00019_194309_1523353991604,1943,9,ACT,CENTRAL,0,123456789/495932,,https://indiacode.gov.in/server/api/core/items/55a3e975-d96b-4404-a1bc-cce98b8903a0,https://indiacode.gov.in/act/55a3e975-d96b-4404-a1bc-cce98b8903a0,https://indiacode.gov.in/act/55a3e975-d96b-4404-a1bc-cce98b8903a0/sections,https://indiacode.gov.in/act/55a3e975-d96b-4404-a1bc-cce98b8903a0/schedules,c98fa86f9235128bc5c162594dd3e96e89008f11f3eb962362e12a2b889e93e7,
686,ba31d2ba-4cb8-47cf-be1f-a506c57d217b,ACT,,,,,"The Coffee Act, 1942",AC_CEN_11_12_00012_194207_1523353762094,1942,7,ACT,CENTRAL,0,123456789/495958,,https://indiacode.gov.in/server/api/core/items/ba31d2ba-4cb8-47cf-be1f-a506c57d217b,https://indiacode.gov.in/act/ba31d2ba-4cb8-47cf-be1f-a506c57d217b,https://indiacode.gov.in/act/ba31d2ba-4cb8-47cf-be1f-a506c57d217b/sections,https://indiacode.gov.in/act/ba31d2ba-4cb8-47cf-be1f-a506c57d217b/schedules,c98fa86f9235128bc5c162594dd3e96e89008f11f3eb962362e12a2b889e93e7,
687,8725a8a7-45a4-42e3-9046-e2a6383cd049,ACT,,,,,"The Drugs and Cosmetics Act, 1940",AC_CEN_12_13_00023_194023_1523353460112,1940,23,ACT,CENTRAL,0,123456789/495988,,https://indiacode.gov.in/server/api/core/items/8725a8a7-45a4-42e3-9046-e2a6383cd049,https://indiacode.gov.in/act/8725a8a7-45a4-42e3-9046-e2a6383cd049,https://indiacode.gov.in/act/8725a8a7-45a4-42e3-9046-e2a6383cd049/sections,https://indiacode.gov.in/act/8725a8a7-45a4-42e3-9046-e2a6383cd049/schedules,c98fa86f9235128bc5c162594dd3e96e89008f11f3eb962362e12a2b889e93e7,
688,239764e4-160e-46dc-9f68-720e2352cd41,ACT,,,,,"The Commercial Documents Evidence Act, 1939",AC_CEN_3_20_00065_193930_1523352708381,1939,30,ACT,CENTRAL,0,123456789/496441,,https://indiacode.gov.in/server/api/core/items/239764e4-160e-46dc-9f68-720e2352cd41,https://indiacode.gov.in/act/239764e4-160e-46dc-9f68-720e2352cd41,https://indiacode.gov.in/act/239764e4-160e-46dc-9f68-720e2352cd41/sections,https://indiacode.gov.in/act/239764e4-160e-46dc-9f68-720e2352cd41/schedules,c98fa86f9235128bc5c162594dd3e96e89008f11f3eb962362e12a2b889e93e7,
689,be342ec6-f8e7-4cc3-a809-1324b7dfc05d,ACT,,,,,"The Dissolution of Muslim Marriages Act, 1939",AC_CEN_3_20_00064_193908_1523352479755,1939,8,ACT,CENTRAL,0,123456789/496440,,https://indiacode.gov.in/server/api/core/items/be342ec6-f8e7-4cc3-a809-1324b7dfc05d,https://indiacode.gov.in/act/be342ec6-f8e7-4cc3-a809-1324b7dfc05d,https://indiacode.gov.in/act/be342ec6-f8e7-4cc3-a809-1324b7dfc05d/sections,https://indiacode.gov.in/act/be342ec6-f8e7-4cc3-a809-1324b7dfc05d/schedules,c98fa86f9235128bc5c162594dd3e96e89008f11f3eb962362e12a2b889e93e7,
690,13cf8c64-a989-49c1-bdb3-66367b973095,ACT,,,,,"The Cutchi Memons Act, 1938",AC_CEN_3_20_00075_193810_1535002780703,1938,10,ACT,CENTRAL,0,123456789/496454,,https://indiacode.gov.in/server/api/core/items/13cf8c64-a989-49c1-bdb3-66367b973095,https://indiacode.gov.in/act/13cf8c64-a989-49c1-bdb3-66367b973095,https://indiacode.gov.in/act/13cf8c64-a989-49c1-bdb3-66367b973095/sections,https://indiacode.gov.in/act/13cf8c64-a989-49c1-bdb3-66367b973095/schedules,c98fa86f9235128bc5c162594dd3e96e89008f11f3eb962362e12a2b889e93e7,
691,7a14d6b0-4b7d-41fb-a6ae-fa3bb210be65,ACT,,,,,"The Manoeuvres, Field Firing and Artillery Practice Act, 1938",AC_CEN_28_38_00026_193805_1535002455667,1938,5,ACT,CENTRAL,0,123456789/496215,,https://indiacode.gov.in/server/api/core/items/7a14d6b0-4b7d-41fb-a6ae-fa3bb210be65,https://indiacode.gov.in/act/7a14d6b0-4b7d-41fb-a6ae-fa3bb210be65,https://indiacode.gov.in/act/7a14d6b0-4b7d-41fb-a6ae-fa3bb210be65/sections,https://indiacode.gov.in/act/7a14d6b0-4b7d-41fb-a6ae-fa3bb210be65/schedules,c98fa86f9235128bc5c162594dd3e96e89008f11f3eb962362e12a2b889e93e7,
692,2b69e969-fa80-45d4-8b30-9aab7fc7f47a,ACT,,,,,"The Insurance Act, 1938",AC_CEN_2_33_00044_193804_1523351752525,1938,4,ACT,CENTRAL,0,123456789/496320,,https://indiacode.gov.in/server/api/core/items/2b69e969-fa80-45d4-8b30-9aab7fc7f47a,https://indiacode.gov.in/act/2b69e969-fa80-45d4-8b30-9aab7fc7f47a,https://indiacode.gov.in/act/2b69e969-fa80-45d4-8b30-9aab7fc7f47a/sections,https://indiacode.gov.in/act/2b69e969-fa80-45d4-8b30-9aab7fc7f47a/schedules,c98fa86f9235128bc5c162594dd3e96e89008f11f3eb962362e12a2b889e93e7,
693,9c388017-67da-411c-8469-06695d3a260e,ACT,,,,,"The Muslim Personal Law (Shariat) Application Act, 1937",AC_CEN_3_20_00062_193726_1523351646990,1937,26,ACT,CENTRAL,0,123456789/496439,,https://indiacode.gov.in/server/api/core/items/9c388017-67da-411c-8469-06695d3a260e,https://indiacode.gov.in/act/9c388017-67da-411c-8469-06695d3a260e,https://indiacode.gov.in/act/9c388017-67da-411c-8469-06695d3a260e/sections,https://indiacode.gov.in/act/9c388017-67da-411c-8469-06695d3a260e/schedules,c98fa86f9235128bc5c162594dd3e96e89008f11f3eb962362e12a2b889e93e7,
694,2cbb4e82-7ece-42ac-8277-4a04553fc829,ACT,,,,,"The Arya Marriage Validation Act, 1937",AC_CEN_3_20_00061_193719_1523351569548,1937,19,ACT,CENTRAL,0,123456789/496438,,https://indiacode.gov.in/server/api/core/items/2cbb4e82-7ece-42ac-8277-4a04553fc829,https://indiacode.gov.in/act/2cbb4e82-7ece-42ac-8277-4a04553fc829,https://indiacode.gov.in/act/2cbb4e82-7ece-42ac-8277-4a04553fc829/sections,https://indiacode.gov.in/act/2cbb4e82-7ece-42ac-8277-4a04553fc829/schedules,c98fa86f9235128bc5c162594dd3e96e89008f11f3eb962362e12a2b889e93e7,
695,a1c865db-ac64-4a9d-88c5-20db7348d184,ACT,,,,,"The Agricultural Produce (Grading and Marking) Act, 1937",AC_CEN_23_31_00011_193701_1535099362507,1937,1,ACT,CENTRAL,0,123456789/496134,,https://indiacode.gov.in/server/api/core/items/a1c865db-ac64-4a9d-88c5-20db7348d184,https://indiacode.gov.in/act/a1c865db-ac64-4a9d-88c5-20db7348d184,https://indiacode.gov.in/act/a1c865db-ac64-4a9d-88c5-20db7348d184/sections,https://indiacode.gov.in/act/a1c865db-ac64-4a9d-88c5-20db7348d184/schedules,c98fa86f9235128bc5c162594dd3e96e89008f11f3eb962362e12a2b889e93e7,
696,922ab17f-8035-4664-8530-0426825a3730,ACT,,,,,"The Parsi Marriage and Divorce Act, 1936",AC_CEN_3_20_00076_1936-03_1535537599943,1936,3,ACT,CENTRAL,0,123456789/496455,,https://indiacode.gov.in/server/api/core/items/922ab17f-8035-4664-8530-0426825a3730,https://indiacode.gov.in/act/922ab17f-8035-4664-8530-0426825a3730,https://indiacode.gov.in/act/922ab17f-8035-4664-8530-0426825a3730/sections,https://indiacode.gov.in/act/922ab17f-8035-4664-8530-0426825a3730/schedules,c98fa86f9235128bc5c162594dd3e96e89008f11f3eb962362e12a2b889e93e7,
697,c26e1fd2-903e-46bb-98db-6150163227f2,ACT,,,,,"The Petroleum Act, 1934",AC_CEN_32_0_000010_193430_1523351268465,1934,30,ACT,CENTRAL,0,123456789/496343,,https://indiacode.gov.in/server/api/core/items/c26e1fd2-903e-46bb-98db-6150163227f2,https://indiacode.gov.in/act/c26e1fd2-903e-46bb-98db-6150163227f2,https://indiacode.gov.in/act/c26e1fd2-903e-46bb-98db-6150163227f2/sections,https://indiacode.gov.in/act/c26e1fd2-903e-46bb-98db-6150163227f2/schedules,c98fa86f9235128bc5c162594dd3e96e89008f11f3eb962362e12a2b889e93e7,
698,3f9f5c4e-dce7-4144-b5ac-d2cc995b1761,ACT,,,,,"The Reserve Bank of India Act, 1934",AC_CEN_2_33_00043_193402_1523351015027,1934,2,ACT,CENTRAL,0,123456789/496319,,https://indiacode.gov.in/server/api/core/items/3f9f5c4e-dce7-4144-b5ac-d2cc995b1761,https://indiacode.gov.in/act/3f9f5c4e-dce7-4144-b5ac-d2cc995b1761,https://indiacode.gov.in/act/3f9f5c4e-dce7-4144-b5ac-d2cc995b1761/sections,https://indiacode.gov.in/act/3f9f5c4e-dce7-4144-b5ac-d2cc995b1761/schedules,c98fa86f9235128bc5c162594dd3e96e89008f11f3eb962362e12a2b889e93e7,
699,c64f5299-1901-4ab1-8197-484b982c3e52,ACT,,,,,"The Murshidabad Estate Administration Act, 1933",AC_CEN_5_5_00065_193323_1523350928774,1933,23,ACT,CENTRAL,0,123456789/496645,,https://indiacode.gov.in/server/api/core/items/c64f5299-1901-4ab1-8197-484b982c3e52,https://indiacode.gov.in/act/c64f5299-1901-4ab1-8197-484b982c3e52,https://indiacode.gov.in/act/c64f5299-1901-4ab1-8197-484b982c3e52/sections,https://indiacode.gov.in/act/c64f5299-1901-4ab1-8197-484b982c3e52/schedules,c98fa86f9235128bc5c162594dd3e96e89008f11f3eb962362e12a2b889e93e7,
700,5f44aaa7-1726-49cd-85fb-da27b78eb27c,ACT,,,,,"The Indian Wireless Telegraphy Act, 1933",AC_CEN_37_58_00004_193317_1523350808039,1933,17,ACT,CENTRAL,0,123456789/496375,,https://indiacode.gov.in/server/api/core/items/5f44aaa7-1726-49cd-85fb-da27b78eb27c,https://indiacode.gov.in/act/5f44aaa7-1726-49cd-85fb-da27b78eb27c,https://indiacode.gov.in/act/5f44aaa7-1726-49cd-85fb-da27b78eb27c/sections,https://indiacode.gov.in/act/5f44aaa7-1726-49cd-85fb-da27b78eb27c/schedules,c98fa86f9235128bc5c162594dd3e96e89008f11f3eb962362e12a2b889e93e7,
701,aa6e4ef4-2b51-420d-aeee-4165cc9174ff,ACT,,,,,"The Indian Partnership Act, 1932",AC_CEN_22_0_00012_193209_1523350631460,1932,9,ACT,CENTRAL,0,123456789/496120,,https://indiacode.gov.in/server/api/core/items/aa6e4ef4-2b51-420d-aeee-4165cc9174ff,https://indiacode.gov.in/act/aa6e4ef4-2b51-420d-aeee-4165cc9174ff,https://indiacode.gov.in/act/aa6e4ef4-2b51-420d-aeee-4165cc9174ff/sections,https://indiacode.gov.in/act/aa6e4ef4-2b51-420d-aeee-4165cc9174ff/schedules,bb9af19111240efa2ca21c56bae221a7ffdb681a350f13bda182ac97f9fd6ba8,
702,954557f0-4726-4ade-b0e9-80539d848a69,ACT,,,,,"The Hindu Gains of Learning Act, 1930",AC_CEN_3_20_00060_193030_1523350319482,1930,30,ACT,CENTRAL,0,123456789/496437,,https://indiacode.gov.in/server/api/core/items/954557f0-4726-4ade-b0e9-80539d848a69,https://indiacode.gov.in/act/954557f0-4726-4ade-b0e9-80539d848a69,https://indiacode.gov.in/act/954557f0-4726-4ade-b0e9-80539d848a69/sections,https://indiacode.gov.in/act/954557f0-4726-4ade-b0e9-80539d848a69/schedules,bb9af19111240efa2ca21c56bae221a7ffdb681a350f13bda182ac97f9fd6ba8,
703,76ce35a9-34b1-4929-8e21-82befadea2f8,ACT,,,,,"The Sale of Goods Act, 1930",AC_CEN_3_20_00059_193003_1523350185738,1930,3,ACT,CENTRAL,0,123456789/496436,,https://indiacode.gov.in/server/api/core/items/76ce35a9-34b1-4929-8e21-82befadea2f8,https://indiacode.gov.in/act/76ce35a9-34b1-4929-8e21-82befadea2f8,https://indiacode.gov.in/act/76ce35a9-34b1-4929-8e21-82befadea2f8/sections,https://indiacode.gov.in/act/76ce35a9-34b1-4929-8e21-82befadea2f8/schedules,bb9af19111240efa2ca21c56bae221a7ffdb681a350f13bda182ac97f9fd6ba8,
704,37dca006-38b2-4bce-aa46-7bfedd805224,ACT,,,,,"The Indian Forest Act, 1927",AC_CEN_16_0_00013_192716_1523350029217,1927,16,ACT,CENTRAL,0,123456789/496020,,https://indiacode.gov.in/server/api/core/items/37dca006-38b2-4bce-aa46-7bfedd805224,https://indiacode.gov.in/act/37dca006-38b2-4bce-aa46-7bfedd805224,https://indiacode.gov.in/act/37dca006-38b2-4bce-aa46-7bfedd805224/sections,https://indiacode.gov.in/act/37dca006-38b2-4bce-aa46-7bfedd805224/schedules,bb9af19111240efa2ca21c56bae221a7ffdb681a350f13bda182ac97f9fd6ba8,
705,3eeb6aec-1e1f-42d4-9673-c04d21829663,ACT,,,,,"The Indian Succession Act, 1925",AC_CEN_3_20_00058_192539_1523349789879,1925,39,ACT,CENTRAL,0,123456789/496435,,https://indiacode.gov.in/server/api/core/items/3eeb6aec-1e1f-42d4-9673-c04d21829663,https://indiacode.gov.in/act/3eeb6aec-1e1f-42d4-9673-c04d21829663,https://indiacode.gov.in/act/3eeb6aec-1e1f-42d4-9673-c04d21829663/sections,https://indiacode.gov.in/act/3eeb6aec-1e1f-42d4-9673-c04d21829663/schedules,bb9af19111240efa2ca21c56bae221a7ffdb681a350f13bda182ac97f9fd6ba8,
706,3fe99fee-5707-4906-b338-ef40926e1c48,ACT,,,,,"The Madras, Bengal and Bombay Children (Supplementary) Act, 1925",AC_CEN_5_5_00118_192535_1668063050055,1925,35,ACT,CENTRAL,0,123456789/496691,,https://indiacode.gov.in/server/api/core/items/3fe99fee-5707-4906-b338-ef40926e1c48,https://indiacode.gov.in/act/3fe99fee-5707-4906-b338-ef40926e1c48,https://indiacode.gov.in/act/3fe99fee-5707-4906-b338-ef40926e1c48/sections,https://indiacode.gov.in/act/3fe99fee-5707-4906-b338-ef40926e1c48/schedules,bb9af19111240efa2ca21c56bae221a7ffdb681a350f13bda182ac97f9fd6ba8,
707,9b515df9-42fb-4b5f-ad43-6a79bb9ba0a9,ACT,,,,,"The Sikh Gurdwaras (Supplementary) Act, 1925.",AC_CEN_3_20_00080_192424_1623833765446,1925,24,ACT,CENTRAL,0,123456789/496461,,https://indiacode.gov.in/server/api/core/items/9b515df9-42fb-4b5f-ad43-6a79bb9ba0a9,https://indiacode.gov.in/act/9b515df9-42fb-4b5f-ad43-6a79bb9ba0a9,https://indiacode.gov.in/act/9b515df9-42fb-4b5f-ad43-6a79bb9ba0a9/sections,https://indiacode.gov.in/act/9b515df9-42fb-4b5f-ad43-6a79bb9ba0a9/schedules,bb9af19111240efa2ca21c56bae221a7ffdb681a350f13bda182ac97f9fd6ba8,
708,b4e132fd-7b9c-45e6-b6fc-eb8d3f90e694,ACT,,,,,"The Provident Funds Act, 1925",AC_CEN_6_0_00042_1925_1523349607668,1925,19,ACT,CENTRAL,0,123456789/496703,,https://indiacode.gov.in/server/api/core/items/b4e132fd-7b9c-45e6-b6fc-eb8d3f90e694,https://indiacode.gov.in/act/b4e132fd-7b9c-45e6-b6fc-eb8d3f90e694,https://indiacode.gov.in/act/b4e132fd-7b9c-45e6-b6fc-eb8d3f90e694/sections,https://indiacode.gov.in/act/b4e132fd-7b9c-45e6-b6fc-eb8d3f90e694/schedules,bb9af19111240efa2ca21c56bae221a7ffdb681a350f13bda182ac97f9fd6ba8,
709,57918ee4-abb5-402a-b23f-639b79636634,ACT,,,,,"The Indian Soldiers (Litigation) Act, 1925",AC_CEN_28_38_00023_1925_1523345043370,1925,4,ACT,CENTRAL,0,123456789/496214,,https://indiacode.gov.in/server/api/core/items/57918ee4-abb5-402a-b23f-639b79636634,https://indiacode.gov.in/act/57918ee4-abb5-402a-b23f-639b79636634,https://indiacode.gov.in/act/57918ee4-abb5-402a-b23f-639b79636634/sections,https://indiacode.gov.in/act/57918ee4-abb5-402a-b23f-639b79636634/schedules,bb9af19111240efa2ca21c56bae221a7ffdb681a350f13bda182ac97f9fd6ba8,
710,1f3a00a8-2f8a-4646-9e0d-cef239b84b27,ACT,,,,,"The Official Secrets Act, 1923",AC_CEN_5_23_00042_192319_1523344792011,1923,19,ACT,CENTRAL,0,123456789/496543,,https://indiacode.gov.in/server/api/core/items/1f3a00a8-2f8a-4646-9e0d-cef239b84b27,https://indiacode.gov.in/act/1f3a00a8-2f8a-4646-9e0d-cef239b84b27,https://indiacode.gov.in/act/1f3a00a8-2f8a-4646-9e0d-cef239b84b27/sections,https://indiacode.gov.in/act/1f3a00a8-2f8a-4646-9e0d-cef239b84b27/schedules,bb9af19111240efa2ca21c56bae221a7ffdb681a350f13bda182ac97f9fd6ba8,
711,f038e2c4-798d-4d6c-b80e-b1a6a36e740f,ACT,,,,,"The Indian Naval Armament Act, 1923",AC_CEN_28_38_00022_192307_1523344595133,1923,7,ACT,CENTRAL,0,123456789/496213,,https://indiacode.gov.in/server/api/core/items/f038e2c4-798d-4d6c-b80e-b1a6a36e740f,https://indiacode.gov.in/act/f038e2c4-798d-4d6c-b80e-b1a6a36e740f,https://indiacode.gov.in/act/f038e2c4-798d-4d6c-b80e-b1a6a36e740f/sections,https://indiacode.gov.in/act/f038e2c4-798d-4d6c-b80e-b1a6a36e740f/schedules,bb9af19111240efa2ca21c56bae221a7ffdb681a350f13bda182ac97f9fd6ba8,
712,5d5bc328-3a90-4d8d-980c-8e0fcd36bce0,ACT,,,,,"The Delhi University Act, 1922",AC_CEN_9_30_00039_192208_1523344160352,1922,8,ACT,CENTRAL,0,123456789/496763,,https://indiacode.gov.in/server/api/core/items/5d5bc328-3a90-4d8d-980c-8e0fcd36bce0,https://indiacode.gov.in/act/5d5bc328-3a90-4d8d-980c-8e0fcd36bce0,https://indiacode.gov.in/act/5d5bc328-3a90-4d8d-980c-8e0fcd36bce0/sections,https://indiacode.gov.in/act/5d5bc328-3a90-4d8d-980c-8e0fcd36bce0/schedules,bb9af19111240efa2ca21c56bae221a7ffdb681a350f13bda182ac97f9fd6ba8,
713,55d43e6d-aea7-4262-8c45-4c6550bf5a28,ACT,,,,,"The Maintenance Orders Enforcement Act, 1921",AC_CEN_3_46_000010_192118_1523344048158,1921,18,ACT,CENTRAL,0,123456789/496490,,https://indiacode.gov.in/server/api/core/items/55d43e6d-aea7-4262-8c45-4c6550bf5a28,https://indiacode.gov.in/act/55d43e6d-aea7-4262-8c45-4c6550bf5a28,https://indiacode.gov.in/act/55d43e6d-aea7-4262-8c45-4c6550bf5a28/sections,https://indiacode.gov.in/act/55d43e6d-aea7-4262-8c45-4c6550bf5a28/schedules,bb9af19111240efa2ca21c56bae221a7ffdb681a350f13bda182ac97f9fd6ba8,
714,a4b14b89-07d8-4f94-96f4-0ff87c703fc5,ACT,,,,,"The Aligarh Muslim University Act, 1920",AC_CEN_9_30_00038_192040_1523343938865,1920,40,ACT,CENTRAL,0,123456789/496762,,https://indiacode.gov.in/server/api/core/items/a4b14b89-07d8-4f94-96f4-0ff87c703fc5,https://indiacode.gov.in/act/a4b14b89-07d8-4f94-96f4-0ff87c703fc5,https://indiacode.gov.in/act/a4b14b89-07d8-4f94-96f4-0ff87c703fc5/sections,https://indiacode.gov.in/act/a4b14b89-07d8-4f94-96f4-0ff87c703fc5/schedules,bb9af19111240efa2ca21c56bae221a7ffdb681a350f13bda182ac97f9fd6ba8,
715,d7a30959-a867-4672-afdf-782b7eaba9b6,ACT,,,,,"The Charitable and Religious Trusts Act, 1920",AC_CEN_3_20_00057_192014_1523343564162,1920,14,ACT,CENTRAL,0,123456789/496434,,https://indiacode.gov.in/server/api/core/items/d7a30959-a867-4672-afdf-782b7eaba9b6,https://indiacode.gov.in/act/d7a30959-a867-4672-afdf-782b7eaba9b6,https://indiacode.gov.in/act/d7a30959-a867-4672-afdf-782b7eaba9b6/sections,https://indiacode.gov.in/act/d7a30959-a867-4672-afdf-782b7eaba9b6/schedules,bb9af19111240efa2ca21c56bae221a7ffdb681a350f13bda182ac97f9fd6ba8,
716,d80fba74-dcef-47e8-8a3a-ce4276446df3,ACT,,,,,"The Indian Red Cross Society Act, 1920",AC_CEN_12_13_00022_192015_1523343659114,1920,15,ACT,CENTRAL,0,123456789/495985,,https://indiacode.gov.in/server/api/core/items/d80fba74-dcef-47e8-8a3a-ce4276446df3,https://indiacode.gov.in/act/d80fba74-dcef-47e8-8a3a-ce4276446df3,https://indiacode.gov.in/act/d80fba74-dcef-47e8-8a3a-ce4276446df3/sections,https://indiacode.gov.in/act/d80fba74-dcef-47e8-8a3a-ce4276446df3/schedules,bb9af19111240efa2ca21c56bae221a7ffdb681a350f13bda182ac97f9fd6ba8,
717,a62f950d-4434-463e-849b-d4bedbda40a8,ACT,,,,,"The Provincial Insolvency Act, 1920",AC_CEN_22_0_00012_192005_1704696404205,1920,5,ACT,CENTRAL,0,123456789/496119,,https://indiacode.gov.in/server/api/core/items/a62f950d-4434-463e-849b-d4bedbda40a8,https://indiacode.gov.in/act/a62f950d-4434-463e-849b-d4bedbda40a8,https://indiacode.gov.in/act/a62f950d-4434-463e-849b-d4bedbda40a8/sections,https://indiacode.gov.in/act/a62f950d-4434-463e-849b-d4bedbda40a8/schedules,bb9af19111240efa2ca21c56bae221a7ffdb681a350f13bda182ac97f9fd6ba8,
718,33714a18-f38d-40ca-ad38-ee0fe85dc360,ACT,,,,,"The Calcutta High Court (Jurisdictional Limits) Act, 1919",AC_CEN_3_3_00030_191915_1523343136342,1919,15,ACT,CENTRAL,0,123456789/496489,,https://indiacode.gov.in/server/api/core/items/33714a18-f38d-40ca-ad38-ee0fe85dc360,https://indiacode.gov.in/act/33714a18-f38d-40ca-ad38-ee0fe85dc360,https://indiacode.gov.in/act/33714a18-f38d-40ca-ad38-ee0fe85dc360/sections,https://indiacode.gov.in/act/33714a18-f38d-40ca-ad38-ee0fe85dc360/schedules,bb9af19111240efa2ca21c56bae221a7ffdb681a350f13bda182ac97f9fd6ba8,
719,e0d06a1b-22a0-413d-8096-0c3140c667c0,ACT,,,,,"The Poisons Act, 1919",AC_CEN_5_40_00020_191912_1523343031904,1919,12,ACT,CENTRAL,0,123456789/496586,,https://indiacode.gov.in/server/api/core/items/e0d06a1b-22a0-413d-8096-0c3140c667c0,https://indiacode.gov.in/act/e0d06a1b-22a0-413d-8096-0c3140c667c0,https://indiacode.gov.in/act/e0d06a1b-22a0-413d-8096-0c3140c667c0/sections,https://indiacode.gov.in/act/e0d06a1b-22a0-413d-8096-0c3140c667c0/schedules,bb9af19111240efa2ca21c56bae221a7ffdb681a350f13bda182ac97f9fd6ba8,
720,d493880a-ae08-44f3-806f-7b33e621e037,ACT,,,,,"The Usurious Loans Act, 1918",AC_CEN_2_11_00028_191810_1523342873787,1918,10,ACT,CENTRAL,0,123456789/496246,,https://indiacode.gov.in/server/api/core/items/d493880a-ae08-44f3-806f-7b33e621e037,https://indiacode.gov.in/act/d493880a-ae08-44f3-806f-7b33e621e037,https://indiacode.gov.in/act/d493880a-ae08-44f3-806f-7b33e621e037/sections,https://indiacode.gov.in/act/d493880a-ae08-44f3-806f-7b33e621e037/schedules,bb9af19111240efa2ca21c56bae221a7ffdb681a350f13bda182ac97f9fd6ba8,
721,00e0c48a-2f0d-460e-9dd8-d3af949cef81,ACT,,,,,"The Post Office Cash Certificates Act, 1917",AC_CEN_37_95_00002_191718_1523342769327,1917,18,ACT,CENTRAL,0,123456789/496377,,https://indiacode.gov.in/server/api/core/items/00e0c48a-2f0d-460e-9dd8-d3af949cef81,https://indiacode.gov.in/act/00e0c48a-2f0d-460e-9dd8-d3af949cef81,https://indiacode.gov.in/act/00e0c48a-2f0d-460e-9dd8-d3af949cef81/sections,https://indiacode.gov.in/act/00e0c48a-2f0d-460e-9dd8-d3af949cef81/schedules,bb9af19111240efa2ca21c56bae221a7ffdb681a350f13bda182ac97f9fd6ba8,
722,fe3c9a54-c760-4c90-adb0-07b7d95d3ece,ACT,,,,,"The King of Oudh's Estate Validation Act, 1917",AC_CEN_5_5_00118_191712_1674121988053,1917,12,ACT,CENTRAL,0,123456789/496690,,https://indiacode.gov.in/server/api/core/items/fe3c9a54-c760-4c90-adb0-07b7d95d3ece,https://indiacode.gov.in/act/fe3c9a54-c760-4c90-adb0-07b7d95d3ece,https://indiacode.gov.in/act/fe3c9a54-c760-4c90-adb0-07b7d95d3ece/sections,https://indiacode.gov.in/act/fe3c9a54-c760-4c90-adb0-07b7d95d3ece/schedules,bb9af19111240efa2ca21c56bae221a7ffdb681a350f13bda182ac97f9fd6ba8,
723,1b42a9ca-0bfd-4d3c-8ab4-5123bd179684,ACT,,,,,"The Destruction of Records Act, 1917",AC_CEN_27_0_00015_191705_1523342690765,1917,5,ACT,CENTRAL,0,123456789/496182,,https://indiacode.gov.in/server/api/core/items/1b42a9ca-0bfd-4d3c-8ab4-5123bd179684,https://indiacode.gov.in/act/1b42a9ca-0bfd-4d3c-8ab4-5123bd179684,https://indiacode.gov.in/act/1b42a9ca-0bfd-4d3c-8ab4-5123bd179684/sections,https://indiacode.gov.in/act/1b42a9ca-0bfd-4d3c-8ab4-5123bd179684/schedules,bb9af19111240efa2ca21c56bae221a7ffdb681a350f13bda182ac97f9fd6ba8,
724,3faeb03f-3dce-4019-8c2b-c9dba1d603bc,ACT,,,,,"The Hindu Disposition of Property Act, 1916",AC_CEN_3_20_00055_191615_1523342501478,1916,15,ACT,CENTRAL,0,123456789/496433,,https://indiacode.gov.in/server/api/core/items/3faeb03f-3dce-4019-8c2b-c9dba1d603bc,https://indiacode.gov.in/act/3faeb03f-3dce-4019-8c2b-c9dba1d603bc,https://indiacode.gov.in/act/3faeb03f-3dce-4019-8c2b-c9dba1d603bc/sections,https://indiacode.gov.in/act/3faeb03f-3dce-4019-8c2b-c9dba1d603bc/schedules,bb9af19111240efa2ca21c56bae221a7ffdb681a350f13bda182ac97f9fd6ba8,
725,235b97e0-1d89-45fc-a7a0-f06b95a5c571,ACT,,,,,"The Banaras Hindu University Act, 1915",AC_CEN_9_30_00037_191516_1523342355197,1915,16,ACT,CENTRAL,0,123456789/496761,,https://indiacode.gov.in/server/api/core/items/235b97e0-1d89-45fc-a7a0-f06b95a5c571,https://indiacode.gov.in/act/235b97e0-1d89-45fc-a7a0-f06b95a5c571,https://indiacode.gov.in/act/235b97e0-1d89-45fc-a7a0-f06b95a5c571/sections,https://indiacode.gov.in/act/235b97e0-1d89-45fc-a7a0-f06b95a5c571/schedules,bb9af19111240efa2ca21c56bae221a7ffdb681a350f13bda182ac97f9fd6ba8,
726,a3704c2c-da2c-4266-a0d9-e610415f4fbf,ACT,,,,,"The Sir Jamsetjee Jejeebhoy Baronetcy Act, 1915",AC_CEN_5_40_00019_191510_1523342223455,1915,10,ACT,CENTRAL,0,123456789/496585,,https://indiacode.gov.in/server/api/core/items/a3704c2c-da2c-4266-a0d9-e610415f4fbf,https://indiacode.gov.in/act/a3704c2c-da2c-4266-a0d9-e610415f4fbf,https://indiacode.gov.in/act/a3704c2c-da2c-4266-a0d9-e610415f4fbf/sections,https://indiacode.gov.in/act/a3704c2c-da2c-4266-a0d9-e610415f4fbf/schedules,bb9af19111240efa2ca21c56bae221a7ffdb681a350f13bda182ac97f9fd6ba8,
727,7cf3ef36-b143-4a94-9260-c1da90ebe2ac,ACT,,,,,"The Local Authorities Loans Act, 1914",AC_CEN_5_5_00104_191409_1663845852095,1914,9,ACT,CENTRAL,0,123456789/496676,,https://indiacode.gov.in/server/api/core/items/7cf3ef36-b143-4a94-9260-c1da90ebe2ac,https://indiacode.gov.in/act/7cf3ef36-b143-4a94-9260-c1da90ebe2ac,https://indiacode.gov.in/act/7cf3ef36-b143-4a94-9260-c1da90ebe2ac/sections,https://indiacode.gov.in/act/7cf3ef36-b143-4a94-9260-c1da90ebe2ac/schedules,bb9af19111240efa2ca21c56bae221a7ffdb681a350f13bda182ac97f9fd6ba8,
728,b8568e38-977e-4269-a647-9ec73916af59,ACT,,,,,"The Destructive Insects and Pests Act, 1914",AC_CEN_23_31_00008_191402_1523342057238,1914,2,ACT,CENTRAL,0,123456789/496133,,https://indiacode.gov.in/server/api/core/items/b8568e38-977e-4269-a647-9ec73916af59,https://indiacode.gov.in/act/b8568e38-977e-4269-a647-9ec73916af59,https://indiacode.gov.in/act/b8568e38-977e-4269-a647-9ec73916af59/sections,https://indiacode.gov.in/act/b8568e38-977e-4269-a647-9ec73916af59/schedules,bb9af19111240efa2ca21c56bae221a7ffdb681a350f13bda182ac97f9fd6ba8,
729,54a8800a-c03e-4e2f-836b-813d5bce3c09,ACT,,,,,"The White Phosphorus Matches Prohibition Act, 1913",AC_CEN_5_5_00064_191305_1523341916175,1913,5,ACT,CENTRAL,0,123456789/496644,,https://indiacode.gov.in/server/api/core/items/54a8800a-c03e-4e2f-836b-813d5bce3c09,https://indiacode.gov.in/act/54a8800a-c03e-4e2f-836b-813d5bce3c09,https://indiacode.gov.in/act/54a8800a-c03e-4e2f-836b-813d5bce3c09/sections,https://indiacode.gov.in/act/54a8800a-c03e-4e2f-836b-813d5bce3c09/schedules,bb9af19111240efa2ca21c56bae221a7ffdb681a350f13bda182ac97f9fd6ba8,
730,4aa08d52-d1c4-41d6-8d81-3064c4a234da,ACT,,,,,"The Official Trustees Act, 1913",AC_CEN_3_20_00054_191302_1523341485774,1913,2,ACT,CENTRAL,0,123456789/496432,,https://indiacode.gov.in/server/api/core/items/4aa08d52-d1c4-41d6-8d81-3064c4a234da,https://indiacode.gov.in/act/4aa08d52-d1c4-41d6-8d81-3064c4a234da,https://indiacode.gov.in/act/4aa08d52-d1c4-41d6-8d81-3064c4a234da/sections,https://indiacode.gov.in/act/4aa08d52-d1c4-41d6-8d81-3064c4a234da/schedules,bb9af19111240efa2ca21c56bae221a7ffdb681a350f13bda182ac97f9fd6ba8,
731,a0235212-6a11-453e-81d8-599b7f66a61e,ACT,,,,,"The Co-operative Societies Act, 1912",AC_CEN_5_5_00116_191202_1667287261557,1912,2,ACT,CENTRAL,0,123456789/496686,,https://indiacode.gov.in/server/api/core/items/a0235212-6a11-453e-81d8-599b7f66a61e,https://indiacode.gov.in/act/a0235212-6a11-453e-81d8-599b7f66a61e,https://indiacode.gov.in/act/a0235212-6a11-453e-81d8-599b7f66a61e/sections,https://indiacode.gov.in/act/a0235212-6a11-453e-81d8-599b7f66a61e/schedules,bb9af19111240efa2ca21c56bae221a7ffdb681a350f13bda182ac97f9fd6ba8,
732,bcaa2003-c60d-4b81-bdc3-d2aec9ff9f16,ACT,,,,,"The Indian Museum Act, 1910",AC_CEN_27_0_00014_191010_1523341315850,1910,10,ACT,CENTRAL,0,123456789/496181,,https://indiacode.gov.in/server/api/core/items/bcaa2003-c60d-4b81-bdc3-d2aec9ff9f16,https://indiacode.gov.in/act/bcaa2003-c60d-4b81-bdc3-d2aec9ff9f16,https://indiacode.gov.in/act/bcaa2003-c60d-4b81-bdc3-d2aec9ff9f16/sections,https://indiacode.gov.in/act/bcaa2003-c60d-4b81-bdc3-d2aec9ff9f16/schedules,bb9af19111240efa2ca21c56bae221a7ffdb681a350f13bda182ac97f9fd6ba8,
733,17cac5d8-0922-4e7b-8803-af5604ccb972,ACT,,,,,"The Anand Marriage Act, 1909",AC_CEN_3_20_00053_190907_1523341015192,1909,7,ACT,CENTRAL,0,123456789/496431,,https://indiacode.gov.in/server/api/core/items/17cac5d8-0922-4e7b-8803-af5604ccb972,https://indiacode.gov.in/act/17cac5d8-0922-4e7b-8803-af5604ccb972,https://indiacode.gov.in/act/17cac5d8-0922-4e7b-8803-af5604ccb972/sections,https://indiacode.gov.in/act/17cac5d8-0922-4e7b-8803-af5604ccb972/schedules,bb9af19111240efa2ca21c56bae221a7ffdb681a350f13bda182ac97f9fd6ba8,
734,c1252e33-8e63-439f-8ba1-fa9254c75f3a,ACT,,,,,"The Presidency-Towns Insolvency Act, 1909",AC_CEN_22_0_00013_190903_1704968403887,1909,3,ACT,CENTRAL,0,123456789/496121,,https://indiacode.gov.in/server/api/core/items/c1252e33-8e63-439f-8ba1-fa9254c75f3a,https://indiacode.gov.in/act/c1252e33-8e63-439f-8ba1-fa9254c75f3a,https://indiacode.gov.in/act/c1252e33-8e63-439f-8ba1-fa9254c75f3a/sections,https://indiacode.gov.in/act/c1252e33-8e63-439f-8ba1-fa9254c75f3a/schedules,bb9af19111240efa2ca21c56bae221a7ffdb681a350f13bda182ac97f9fd6ba8,
735,1930ffdb-10f3-4d71-bc42-f91303dae14e,ACT,,,,,"The Registration Act, 1908",AC_CEN_18_43_00004_190816_1523340837338,1908,16,ACT,CENTRAL,0,123456789/496068,,https://indiacode.gov.in/server/api/core/items/1930ffdb-10f3-4d71-bc42-f91303dae14e,https://indiacode.gov.in/act/1930ffdb-10f3-4d71-bc42-f91303dae14e,https://indiacode.gov.in/act/1930ffdb-10f3-4d71-bc42-f91303dae14e/sections,https://indiacode.gov.in/act/1930ffdb-10f3-4d71-bc42-f91303dae14e/schedules,bb9af19111240efa2ca21c56bae221a7ffdb681a350f13bda182ac97f9fd6ba8,
736,c67061c8-b6a2-4392-977b-148deaa5f13c,ACT,,,,,"The Central Provinces Financial Commissioner's Act, 1908",AC_CEN_5_5_00113_190813_1666335686003,1908,13,ACT,CENTRAL,0,123456789/496681,,https://indiacode.gov.in/server/api/core/items/c67061c8-b6a2-4392-977b-148deaa5f13c,https://indiacode.gov.in/act/c67061c8-b6a2-4392-977b-148deaa5f13c,https://indiacode.gov.in/act/c67061c8-b6a2-4392-977b-148deaa5f13c/sections,https://indiacode.gov.in/act/c67061c8-b6a2-4392-977b-148deaa5f13c/schedules,bb9af19111240efa2ca21c56bae221a7ffdb681a350f13bda182ac97f9fd6ba8,
737,854690c0-b96d-41c0-82d7-b8a6dd97ff46,ACT,,,,,"The Explosive Substances Act, 1908",AC_CEN_5_23_00051_190806_1545374878109,1908,6,ACT,CENTRAL,0,123456789/496551,,https://indiacode.gov.in/server/api/core/items/854690c0-b96d-41c0-82d7-b8a6dd97ff46,https://indiacode.gov.in/act/854690c0-b96d-41c0-82d7-b8a6dd97ff46,https://indiacode.gov.in/act/854690c0-b96d-41c0-82d7-b8a6dd97ff46/sections,https://indiacode.gov.in/act/854690c0-b96d-41c0-82d7-b8a6dd97ff46/schedules,bb9af19111240efa2ca21c56bae221a7ffdb681a350f13bda182ac97f9fd6ba8,
738,3d38ec80-965e-4df0-a2d2-3d97cb1dc702,ACT,,,,,"The Code of Civil Procedure, 1908",AC_CEN_3_20_00051_190805_1523340333624,1908,5,ACT,CENTRAL,0,123456789/496430,,https://indiacode.gov.in/server/api/core/items/3d38ec80-965e-4df0-a2d2-3d97cb1dc702,https://indiacode.gov.in/act/3d38ec80-965e-4df0-a2d2-3d97cb1dc702,https://indiacode.gov.in/act/3d38ec80-965e-4df0-a2d2-3d97cb1dc702/sections,https://indiacode.gov.in/act/3d38ec80-965e-4df0-a2d2-3d97cb1dc702/schedules,bb9af19111240efa2ca21c56bae221a7ffdb681a350f13bda182ac97f9fd6ba8,
739,7d07824d-585a-4dbf-b7ea-7a59e8af020d,ACT,,,,,"The Ancient Monuments Preservation Act, 1904",AC_CEN_27_0_00013_190407_1523340103367,1904,7,ACT,CENTRAL,0,123456789/496180,,https://indiacode.gov.in/server/api/core/items/7d07824d-585a-4dbf-b7ea-7a59e8af020d,https://indiacode.gov.in/act/7d07824d-585a-4dbf-b7ea-7a59e8af020d,https://indiacode.gov.in/act/7d07824d-585a-4dbf-b7ea-7a59e8af020d/sections,https://indiacode.gov.in/act/7d07824d-585a-4dbf-b7ea-7a59e8af020d/schedules,bb9af19111240efa2ca21c56bae221a7ffdb681a350f13bda182ac97f9fd6ba8,
740,4347bb4d-71b7-4442-a2ef-5bc16a7bce80,ACT,,,,,"The Victoria Memorial Act, 1903",AC_CEN_27_0_00012_190310_1523339874358,1903,10,ACT,CENTRAL,0,123456789/496179,,https://indiacode.gov.in/server/api/core/items/4347bb4d-71b7-4442-a2ef-5bc16a7bce80,https://indiacode.gov.in/act/4347bb4d-71b7-4442-a2ef-5bc16a7bce80,https://indiacode.gov.in/act/4347bb4d-71b7-4442-a2ef-5bc16a7bce80/sections,https://indiacode.gov.in/act/4347bb4d-71b7-4442-a2ef-5bc16a7bce80/schedules,bb9af19111240efa2ca21c56bae221a7ffdb681a350f13bda182ac97f9fd6ba8,
741,b4349321-618c-4d07-8dcf-aa5ddf1f8800,ACT,,,,,"The Works of Defence Act, 1903",AC_CEN_28_38_00020_190307_1523340006572,1903,7,ACT,CENTRAL,0,123456789/496211,,https://indiacode.gov.in/server/api/core/items/b4349321-618c-4d07-8dcf-aa5ddf1f8800,https://indiacode.gov.in/act/b4349321-618c-4d07-8dcf-aa5ddf1f8800,https://indiacode.gov.in/act/b4349321-618c-4d07-8dcf-aa5ddf1f8800/sections,https://indiacode.gov.in/act/b4349321-618c-4d07-8dcf-aa5ddf1f8800/schedules,bb9af19111240efa2ca21c56bae221a7ffdb681a350f13bda182ac97f9fd6ba8,
742,7f6b1531-6410-4e01-b00a-6f5b55cfefaf,ACT,,,,,"The Indian Tolls (Army and Air Force) Act, 1901",AC_CEN_28_38_00019_190102_1523339562372,1901,2,ACT,CENTRAL,0,123456789/496209,,https://indiacode.gov.in/server/api/core/items/7f6b1531-6410-4e01-b00a-6f5b55cfefaf,https://indiacode.gov.in/act/7f6b1531-6410-4e01-b00a-6f5b55cfefaf,https://indiacode.gov.in/act/7f6b1531-6410-4e01-b00a-6f5b55cfefaf/sections,https://indiacode.gov.in/act/7f6b1531-6410-4e01-b00a-6f5b55cfefaf/schedules,bb9af19111240efa2ca21c56bae221a7ffdb681a350f13bda182ac97f9fd6ba8,
743,9289bf6f-2360-4bdf-b359-0574ebe08ae2,ACT,,,,,"The Prisoners Act, 1900",AC_CEN_5_40_00018_190003_1523339448591,1900,3,ACT,CENTRAL,0,123456789/496584,,https://indiacode.gov.in/server/api/core/items/9289bf6f-2360-4bdf-b359-0574ebe08ae2,https://indiacode.gov.in/act/9289bf6f-2360-4bdf-b359-0574ebe08ae2,https://indiacode.gov.in/act/9289bf6f-2360-4bdf-b359-0574ebe08ae2/sections,https://indiacode.gov.in/act/9289bf6f-2360-4bdf-b359-0574ebe08ae2/schedules,bb9af19111240efa2ca21c56bae221a7ffdb681a350f13bda182ac97f9fd6ba8,
744,c0fa12ee-6047-4740-b621-6a0c57ec8e9a,ACT,,,,,"The Central Provinces Court of Wards Act, 1899",AC_CEN_5_5_00120_189924_1668661247420,1899,24,ACT,CENTRAL,0,123456789/496696,,https://indiacode.gov.in/server/api/core/items/c0fa12ee-6047-4740-b621-6a0c57ec8e9a,https://indiacode.gov.in/act/c0fa12ee-6047-4740-b621-6a0c57ec8e9a,https://indiacode.gov.in/act/c0fa12ee-6047-4740-b621-6a0c57ec8e9a/sections,https://indiacode.gov.in/act/c0fa12ee-6047-4740-b621-6a0c57ec8e9a/schedules,bb9af19111240efa2ca21c56bae221a7ffdb681a350f13bda182ac97f9fd6ba8,
745,4cd97597-eaa3-43e7-a930-a99f86aa8433,ACT,,,,,"The Government Buildings Act, 1899",AC_CEN_17_0_00036_189904_1523339193774,1899,4,ACT,CENTRAL,0,123456789/496031,,https://indiacode.gov.in/server/api/core/items/4cd97597-eaa3-43e7-a930-a99f86aa8433,https://indiacode.gov.in/act/4cd97597-eaa3-43e7-a930-a99f86aa8433,https://indiacode.gov.in/act/4cd97597-eaa3-43e7-a930-a99f86aa8433/sections,https://indiacode.gov.in/act/4cd97597-eaa3-43e7-a930-a99f86aa8433/schedules,bb9af19111240efa2ca21c56bae221a7ffdb681a350f13bda182ac97f9fd6ba8,
746,445b5e9e-e4c5-4973-8bef-c9e057d57d5f,ACT,,,,,"The Indian Stamp Act, 1899",AC_CEN_2_2_00036_189902_1523339055436,1899,2,ACT,CENTRAL,0,123456789/496294,,https://indiacode.gov.in/server/api/core/items/445b5e9e-e4c5-4973-8bef-c9e057d57d5f,https://indiacode.gov.in/act/445b5e9e-e4c5-4973-8bef-c9e057d57d5f,https://indiacode.gov.in/act/445b5e9e-e4c5-4973-8bef-c9e057d57d5f/sections,https://indiacode.gov.in/act/445b5e9e-e4c5-4973-8bef-c9e057d57d5f/schedules,bb9af19111240efa2ca21c56bae221a7ffdb681a350f13bda182ac97f9fd6ba8,
747,e9855c91-d0c9-43a0-b995-42b2dafc396e,ACT,,,,,"The Central Provinces Tenancy Act, 1898",AC_CEN_5_5_00119_189811_1675234739417,1898,11,ACT,CENTRAL,0,123456789/496694,,https://indiacode.gov.in/server/api/core/items/e9855c91-d0c9-43a0-b995-42b2dafc396e,https://indiacode.gov.in/act/e9855c91-d0c9-43a0-b995-42b2dafc396e,https://indiacode.gov.in/act/e9855c91-d0c9-43a0-b995-42b2dafc396e/sections,https://indiacode.gov.in/act/e9855c91-d0c9-43a0-b995-42b2dafc396e/schedules,bb9af19111240efa2ca21c56bae221a7ffdb681a350f13bda182ac97f9fd6ba8,
748,e6499f75-af0c-4023-857f-c0c8dd8177a7,ACT,,,,,"The Live-stock Importation Act, 1898",AC_CEN_23_62_00007_189809_1523338057879,1898,9,ACT,CENTRAL,0,123456789/496149,,https://indiacode.gov.in/server/api/core/items/e6499f75-af0c-4023-857f-c0c8dd8177a7,https://indiacode.gov.in/act/e6499f75-af0c-4023-857f-c0c8dd8177a7,https://indiacode.gov.in/act/e6499f75-af0c-4023-857f-c0c8dd8177a7/sections,https://indiacode.gov.in/act/e6499f75-af0c-4023-857f-c0c8dd8177a7/schedules,bb9af19111240efa2ca21c56bae221a7ffdb681a350f13bda182ac97f9fd6ba8,
749,9ce13761-0b81-44c8-b84e-8b42207ba88f,ACT,,,,,"The General Clauses Act, 1897",AC_CEN_3_20_00050_189710_1523337761854,1897,10,ACT,CENTRAL,0,123456789/496429,,https://indiacode.gov.in/server/api/core/items/9ce13761-0b81-44c8-b84e-8b42207ba88f,https://indiacode.gov.in/act/9ce13761-0b81-44c8-b84e-8b42207ba88f,https://indiacode.gov.in/act/9ce13761-0b81-44c8-b84e-8b42207ba88f/sections,https://indiacode.gov.in/act/9ce13761-0b81-44c8-b84e-8b42207ba88f/schedules,bb9af19111240efa2ca21c56bae221a7ffdb681a350f13bda182ac97f9fd6ba8,
750,dd7a9cf9-f0a7-4195-8f50-1298bcc01c5f,ACT,,,,,"The Epidemic Diseases Act, 1897",AC_CEN_12_13_00021_189703_1523337650143,1897,3,ACT,CENTRAL,0,123456789/495983,,https://indiacode.gov.in/server/api/core/items/dd7a9cf9-f0a7-4195-8f50-1298bcc01c5f,https://indiacode.gov.in/act/dd7a9cf9-f0a7-4195-8f50-1298bcc01c5f,https://indiacode.gov.in/act/dd7a9cf9-f0a7-4195-8f50-1298bcc01c5f/sections,https://indiacode.gov.in/act/dd7a9cf9-f0a7-4195-8f50-1298bcc01c5f/schedules,bb9af19111240efa2ca21c56bae221a7ffdb681a350f13bda182ac97f9fd6ba8,
751,901228df-4672-4682-98b2-5a3b52a5b00a,ACT,,,,,"The Prisons Act, 1894",AC_CEN_5_5_00063_189409_1523337412866,1894,9,ACT,CENTRAL,0,123456789/496643,,https://indiacode.gov.in/server/api/core/items/901228df-4672-4682-98b2-5a3b52a5b00a,https://indiacode.gov.in/act/901228df-4672-4682-98b2-5a3b52a5b00a,https://indiacode.gov.in/act/901228df-4672-4682-98b2-5a3b52a5b00a/sections,https://indiacode.gov.in/act/901228df-4672-4682-98b2-5a3b52a5b00a/schedules,bb9af19111240efa2ca21c56bae221a7ffdb681a350f13bda182ac97f9fd6ba8,
752,52ec77c9-efad-4ace-8d58-75e3287b68a2,ACT,,,,,"The Partition Act, 1893",AC_CEN_3_20_00070_189304_1547448130517,1893,4,ACT,CENTRAL,0,123456789/496445,,https://indiacode.gov.in/server/api/core/items/52ec77c9-efad-4ace-8d58-75e3287b68a2,https://indiacode.gov.in/act/52ec77c9-efad-4ace-8d58-75e3287b68a2,https://indiacode.gov.in/act/52ec77c9-efad-4ace-8d58-75e3287b68a2/sections,https://indiacode.gov.in/act/52ec77c9-efad-4ace-8d58-75e3287b68a2/schedules,bb9af19111240efa2ca21c56bae221a7ffdb681a350f13bda182ac97f9fd6ba8,
753,a271cf4e-f97d-4e5a-a382-3cd22d52b299,ACT,,,,,"The Sir Dinshaw Manockjee Petit Act, 1893",AC_CEN_5_5_00112_189306_1666334662312,1893,6,ACT,CENTRAL,0,123456789/496680,,https://indiacode.gov.in/server/api/core/items/a271cf4e-f97d-4e5a-a382-3cd22d52b299,https://indiacode.gov.in/act/a271cf4e-f97d-4e5a-a382-3cd22d52b299,https://indiacode.gov.in/act/a271cf4e-f97d-4e5a-a382-3cd22d52b299/sections,https://indiacode.gov.in/act/a271cf4e-f97d-4e5a-a382-3cd22d52b299/schedules,bb9af19111240efa2ca21c56bae221a7ffdb681a350f13bda182ac97f9fd6ba8,
754,a3b1a5bd-c7f3-4d90-8986-6c4e9acb238f,ACT,,,,,"The Madras City Civil Court Act, 1892",AC_CEN_3_3_00029_189207_1523337170643,1892,7,ACT,CENTRAL,0,123456789/496488,,https://indiacode.gov.in/server/api/core/items/a3b1a5bd-c7f3-4d90-8986-6c4e9acb238f,https://indiacode.gov.in/act/a3b1a5bd-c7f3-4d90-8986-6c4e9acb238f,https://indiacode.gov.in/act/a3b1a5bd-c7f3-4d90-8986-6c4e9acb238f/sections,https://indiacode.gov.in/act/a3b1a5bd-c7f3-4d90-8986-6c4e9acb238f/schedules,bb9af19111240efa2ca21c56bae221a7ffdb681a350f13bda182ac97f9fd6ba8,
755,4fab13db-baed-419b-9c86-ab5bebbd7879,ACT,,,,,"The Bengal Military Police Act, 1892",AC_CEN_5_5_00111_189205_1666334510811,1892,5,ACT,CENTRAL,0,123456789/496679,,https://indiacode.gov.in/server/api/core/items/4fab13db-baed-419b-9c86-ab5bebbd7879,https://indiacode.gov.in/act/4fab13db-baed-419b-9c86-ab5bebbd7879,https://indiacode.gov.in/act/4fab13db-baed-419b-9c86-ab5bebbd7879/sections,https://indiacode.gov.in/act/4fab13db-baed-419b-9c86-ab5bebbd7879/schedules,bb9af19111240efa2ca21c56bae221a7ffdb681a350f13bda182ac97f9fd6ba8,
756,573a74ac-281f-47b6-83a0-a56823346da8,ACT,,,,,"The Bankers' Books Evidence Act, 1891",AC_CEN_3_20_00049_189118_1523337061600,1891,18,ACT,CENTRAL,0,123456789/496428,,https://indiacode.gov.in/server/api/core/items/573a74ac-281f-47b6-83a0-a56823346da8,https://indiacode.gov.in/act/573a74ac-281f-47b6-83a0-a56823346da8,https://indiacode.gov.in/act/573a74ac-281f-47b6-83a0-a56823346da8/sections,https://indiacode.gov.in/act/573a74ac-281f-47b6-83a0-a56823346da8/schedules,bb9af19111240efa2ca21c56bae221a7ffdb681a350f13bda182ac97f9fd6ba8,
757,24c855db-f16f-49a5-87f7-41be4335e364,ACT,,,,,"The Murshidabad Act, 1891",AC_CEN_5_5_00062_189115_1523336259308,1891,15,ACT,CENTRAL,0,123456789/496642,,https://indiacode.gov.in/server/api/core/items/24c855db-f16f-49a5-87f7-41be4335e364,https://indiacode.gov.in/act/24c855db-f16f-49a5-87f7-41be4335e364,https://indiacode.gov.in/act/24c855db-f16f-49a5-87f7-41be4335e364/sections,https://indiacode.gov.in/act/24c855db-f16f-49a5-87f7-41be4335e364/schedules,bb9af19111240efa2ca21c56bae221a7ffdb681a350f13bda182ac97f9fd6ba8,
758,99ac813d-80a6-4f98-bf6a-918c71c81f30,ACT,,,,,"The Easements (Extending Act 5 of 1882), 1891",AC_CEN_3_20_00048_189108_1523336153564,1891,8,ACT,CENTRAL,0,123456789/496427,,https://indiacode.gov.in/server/api/core/items/99ac813d-80a6-4f98-bf6a-918c71c81f30,https://indiacode.gov.in/act/99ac813d-80a6-4f98-bf6a-918c71c81f30,https://indiacode.gov.in/act/99ac813d-80a6-4f98-bf6a-918c71c81f30/sections,https://indiacode.gov.in/act/99ac813d-80a6-4f98-bf6a-918c71c81f30/schedules,bb9af19111240efa2ca21c56bae221a7ffdb681a350f13bda182ac97f9fd6ba8,
759,45414e71-16da-488b-a4fe-cf65032c8a79,ACT,,,,,"The North-western Provinces and Oudh Act, 1890",AC_CEN_5_5_00114_189020_1666335792135,1890,20,ACT,CENTRAL,0,123456789/496683,,https://indiacode.gov.in/server/api/core/items/45414e71-16da-488b-a4fe-cf65032c8a79,https://indiacode.gov.in/act/45414e71-16da-488b-a4fe-cf65032c8a79,https://indiacode.gov.in/act/45414e71-16da-488b-a4fe-cf65032c8a79/sections,https://indiacode.gov.in/act/45414e71-16da-488b-a4fe-cf65032c8a79/schedules,bb9af19111240efa2ca21c56bae221a7ffdb681a350f13bda182ac97f9fd6ba8,
760,b11b9515-16ca-4e69-8999-d0032a3913fa,ACT,,,,,"The Guardians and Wards Act, 1890",AC_CEN_3_20_00047_189008_1523274313365,1890,8,ACT,CENTRAL,0,123456789/496426,,https://indiacode.gov.in/server/api/core/items/b11b9515-16ca-4e69-8999-d0032a3913fa,https://indiacode.gov.in/act/b11b9515-16ca-4e69-8999-d0032a3913fa,https://indiacode.gov.in/act/b11b9515-16ca-4e69-8999-d0032a3913fa/sections,https://indiacode.gov.in/act/b11b9515-16ca-4e69-8999-d0032a3913fa/schedules,bb9af19111240efa2ca21c56bae221a7ffdb681a350f13bda182ac97f9fd6ba8,
761,aa955239-efa1-4815-a1c9-87414abef3f5,ACT,,,,,"The Charitable Endowments Act, 1890",AC_CEN_3_20_00046_189006_1523274192012,1890,6,ACT,CENTRAL,0,123456789/496425,,https://indiacode.gov.in/server/api/core/items/aa955239-efa1-4815-a1c9-87414abef3f5,https://indiacode.gov.in/act/aa955239-efa1-4815-a1c9-87414abef3f5,https://indiacode.gov.in/act/aa955239-efa1-4815-a1c9-87414abef3f5/sections,https://indiacode.gov.in/act/aa955239-efa1-4815-a1c9-87414abef3f5/schedules,bb9af19111240efa2ca21c56bae221a7ffdb681a350f13bda182ac97f9fd6ba8,
762,187ee7cb-b0b2-4183-848f-89638996b48e,ACT,,,,,"The Revenue Recovery Act, 1890",AC_CEN_2_2_00035_189001_1523274075507,1890,1,ACT,CENTRAL,0,123456789/496292,,https://indiacode.gov.in/server/api/core/items/187ee7cb-b0b2-4183-848f-89638996b48e,https://indiacode.gov.in/act/187ee7cb-b0b2-4183-848f-89638996b48e,https://indiacode.gov.in/act/187ee7cb-b0b2-4183-848f-89638996b48e/sections,https://indiacode.gov.in/act/187ee7cb-b0b2-4183-848f-89638996b48e/schedules,bb9af19111240efa2ca21c56bae221a7ffdb681a350f13bda182ac97f9fd6ba8,
763,4274767d-b48a-43ab-ab31-65d87e70defc,ACT,,,,,"The King of Oudh's Estate Act, 1888",AC_CEN_5_5_00120_188814_1675765637561,1888,14,ACT,CENTRAL,0,123456789/496695,,https://indiacode.gov.in/server/api/core/items/4274767d-b48a-43ab-ab31-65d87e70defc,https://indiacode.gov.in/act/4274767d-b48a-43ab-ab31-65d87e70defc,https://indiacode.gov.in/act/4274767d-b48a-43ab-ab31-65d87e70defc/sections,https://indiacode.gov.in/act/4274767d-b48a-43ab-ab31-65d87e70defc/schedules,bb9af19111240efa2ca21c56bae221a7ffdb681a350f13bda182ac97f9fd6ba8,
764,fa0a5278-f3c2-4a8a-ad2a-162a825125c5,ACT,,,,,"The City of Bombay Municipal (Supplementary) Act, 1888",AC_CEN_5_5_00118_A1888-12_1692600153824,1888,12,ACT,CENTRAL,0,123456789/496692,,https://indiacode.gov.in/server/api/core/items/fa0a5278-f3c2-4a8a-ad2a-162a825125c5,https://indiacode.gov.in/act/fa0a5278-f3c2-4a8a-ad2a-162a825125c5,https://indiacode.gov.in/act/fa0a5278-f3c2-4a8a-ad2a-162a825125c5/sections,https://indiacode.gov.in/act/fa0a5278-f3c2-4a8a-ad2a-162a825125c5/schedules,bb9af19111240efa2ca21c56bae221a7ffdb681a350f13bda182ac97f9fd6ba8,
765,82f4feb2-d65f-4906-91ae-c36cc3cb2a37,ACT,,,,,"The Indian Reserve Forces Act, 1888",AC_CEN_5_23_00040_188804_1523273943369,1888,4,ACT,CENTRAL,0,123456789/496542,,https://indiacode.gov.in/server/api/core/items/82f4feb2-d65f-4906-91ae-c36cc3cb2a37,https://indiacode.gov.in/act/82f4feb2-d65f-4906-91ae-c36cc3cb2a37,https://indiacode.gov.in/act/82f4feb2-d65f-4906-91ae-c36cc3cb2a37/sections,https://indiacode.gov.in/act/82f4feb2-d65f-4906-91ae-c36cc3cb2a37/schedules,bb9af19111240efa2ca21c56bae221a7ffdb681a350f13bda182ac97f9fd6ba8,
766,4886ea43-8ede-4122-b6c6-e0bc6c222ff7,ACT,,,,,"The Punjab Tenancy Act, 1887.",AC_CEN_18_43_00006_188716_1667986253328,1887,16,ACT,CENTRAL,0,123456789/496070,,https://indiacode.gov.in/server/api/core/items/4886ea43-8ede-4122-b6c6-e0bc6c222ff7,https://indiacode.gov.in/act/4886ea43-8ede-4122-b6c6-e0bc6c222ff7,https://indiacode.gov.in/act/4886ea43-8ede-4122-b6c6-e0bc6c222ff7/sections,https://indiacode.gov.in/act/4886ea43-8ede-4122-b6c6-e0bc6c222ff7/schedules,bb9af19111240efa2ca21c56bae221a7ffdb681a350f13bda182ac97f9fd6ba8,
767,7b726eff-0489-411d-b2dd-ab8be8669329,ACT,,,,,"The King of Oudh's Estate Act, 1887",AC_CEN_5_5_00117_188719_1667973159306,1887,19,ACT,CENTRAL,0,123456789/496689,,https://indiacode.gov.in/server/api/core/items/7b726eff-0489-411d-b2dd-ab8be8669329,https://indiacode.gov.in/act/7b726eff-0489-411d-b2dd-ab8be8669329,https://indiacode.gov.in/act/7b726eff-0489-411d-b2dd-ab8be8669329/sections,https://indiacode.gov.in/act/7b726eff-0489-411d-b2dd-ab8be8669329/schedules,bb9af19111240efa2ca21c56bae221a7ffdb681a350f13bda182ac97f9fd6ba8,
768,9a4668d6-8be5-47eb-b690-eda0becd768c,ACT,,,,,"The Punjab Land-Revenue Act, 1887",AC_CEN_18_43_00005_188717_1667972973751,1887,17,ACT,CENTRAL,0,123456789/496069,,https://indiacode.gov.in/server/api/core/items/9a4668d6-8be5-47eb-b690-eda0becd768c,https://indiacode.gov.in/act/9a4668d6-8be5-47eb-b690-eda0becd768c,https://indiacode.gov.in/act/9a4668d6-8be5-47eb-b690-eda0becd768c/sections,https://indiacode.gov.in/act/9a4668d6-8be5-47eb-b690-eda0becd768c/schedules,bb9af19111240efa2ca21c56bae221a7ffdb681a350f13bda182ac97f9fd6ba8,
769,46cf0a35-7c91-424c-9817-17f8da774dbc,ACT,,,,,"The Bengal, Agra and Assam Civil Courts Act, 1887",AC_CEN_3_3_00027_188712_1523273842065,1887,12,ACT,CENTRAL,0,123456789/496486,,https://indiacode.gov.in/server/api/core/items/46cf0a35-7c91-424c-9817-17f8da774dbc,https://indiacode.gov.in/act/46cf0a35-7c91-424c-9817-17f8da774dbc,https://indiacode.gov.in/act/46cf0a35-7c91-424c-9817-17f8da774dbc/sections,https://indiacode.gov.in/act/46cf0a35-7c91-424c-9817-17f8da774dbc/schedules,bb9af19111240efa2ca21c56bae221a7ffdb681a350f13bda182ac97f9fd6ba8,
770,1cc23f98-aa88-427d-ac01-b19191bd7b02,ACT,,,,,"The Provincial Small Cause Courts Act, 1887",AC_CEN_3_3_00026_188709_1523273740812,1887,9,ACT,CENTRAL,0,123456789/496485,,https://indiacode.gov.in/server/api/core/items/1cc23f98-aa88-427d-ac01-b19191bd7b02,https://indiacode.gov.in/act/1cc23f98-aa88-427d-ac01-b19191bd7b02,https://indiacode.gov.in/act/1cc23f98-aa88-427d-ac01-b19191bd7b02/sections,https://indiacode.gov.in/act/1cc23f98-aa88-427d-ac01-b19191bd7b02/schedules,bb9af19111240efa2ca21c56bae221a7ffdb681a350f13bda182ac97f9fd6ba8,
771,0b16fc5b-b7ce-4b5d-8643-652451f73ce2,ACT,,,,,"The Suits Valuation Act, 1887",AC_CEN_3_46_00009_188707_1523273588317,1887,7,ACT,CENTRAL,0,123456789/496499,,https://indiacode.gov.in/server/api/core/items/0b16fc5b-b7ce-4b5d-8643-652451f73ce2,https://indiacode.gov.in/act/0b16fc5b-b7ce-4b5d-8643-652451f73ce2,https://indiacode.gov.in/act/0b16fc5b-b7ce-4b5d-8643-652451f73ce2/sections,https://indiacode.gov.in/act/0b16fc5b-b7ce-4b5d-8643-652451f73ce2/schedules,bb9af19111240efa2ca21c56bae221a7ffdb681a350f13bda182ac97f9fd6ba8,
772,a818ec00-1f01-4c68-9d22-bc727c3edea4,ACT,,,,,The Deo Estate Act,AC_CEN_5_5_00117_188609_1692335295088,1886,9,ACT,CENTRAL,0,123456789/496688,,https://indiacode.gov.in/server/api/core/items/a818ec00-1f01-4c68-9d22-bc727c3edea4,https://indiacode.gov.in/act/a818ec00-1f01-4c68-9d22-bc727c3edea4,https://indiacode.gov.in/act/a818ec00-1f01-4c68-9d22-bc727c3edea4/sections,https://indiacode.gov.in/act/a818ec00-1f01-4c68-9d22-bc727c3edea4/schedules,bb9af19111240efa2ca21c56bae221a7ffdb681a350f13bda182ac97f9fd6ba8,
773,e139476c-de97-40dc-98fd-e8796f2bcb38,ACT,,,,,"The Births, Deaths and Marriages Registration Act, 1886",AC_CEN_3_20_00045_188606_1523273337975,1886,6,ACT,CENTRAL,0,123456789/496424,,https://indiacode.gov.in/server/api/core/items/e139476c-de97-40dc-98fd-e8796f2bcb38,https://indiacode.gov.in/act/e139476c-de97-40dc-98fd-e8796f2bcb38,https://indiacode.gov.in/act/e139476c-de97-40dc-98fd-e8796f2bcb38/sections,https://indiacode.gov.in/act/e139476c-de97-40dc-98fd-e8796f2bcb38/schedules,bb9af19111240efa2ca21c56bae221a7ffdb681a350f13bda182ac97f9fd6ba8,
774,36ef073c-9520-42af-8142-96c3920ee2ba,ACT,,,,,"The Indian Telegraph Act, 1885",AC_CEN_37_58_00003_188513_1523273054156,1885,13,ACT,CENTRAL,0,123456789/496374,,https://indiacode.gov.in/server/api/core/items/36ef073c-9520-42af-8142-96c3920ee2ba,https://indiacode.gov.in/act/36ef073c-9520-42af-8142-96c3920ee2ba,https://indiacode.gov.in/act/36ef073c-9520-42af-8142-96c3920ee2ba/sections,https://indiacode.gov.in/act/36ef073c-9520-42af-8142-96c3920ee2ba/schedules,bb9af19111240efa2ca21c56bae221a7ffdb681a350f13bda182ac97f9fd6ba8,
775,a0b6dd50-6524-4b54-a81f-82c1af7f1cda,ACT,,,,,"The Agriculturists' Loans Act, 1884",AC_CEN_5_5_00098_188412_1663829667024,1884,12,ACT,CENTRAL,0,123456789/496671,,https://indiacode.gov.in/server/api/core/items/a0b6dd50-6524-4b54-a81f-82c1af7f1cda,https://indiacode.gov.in/act/a0b6dd50-6524-4b54-a81f-82c1af7f1cda,https://indiacode.gov.in/act/a0b6dd50-6524-4b54-a81f-82c1af7f1cda/sections,https://indiacode.gov.in/act/a0b6dd50-6524-4b54-a81f-82c1af7f1cda/schedules,bb9af19111240efa2ca21c56bae221a7ffdb681a350f13bda182ac97f9fd6ba8,
776,7d8c2c36-9fc1-447e-a686-a99ef14c8357,ACT,,,,,"The Explosives Act, 1884",AC_CEN_11_61_00011_188404_1523272950845,1884,4,ACT,CENTRAL,0,123456789/495969,,https://indiacode.gov.in/server/api/core/items/7d8c2c36-9fc1-447e-a686-a99ef14c8357,https://indiacode.gov.in/act/7d8c2c36-9fc1-447e-a686-a99ef14c8357,https://indiacode.gov.in/act/7d8c2c36-9fc1-447e-a686-a99ef14c8357/sections,https://indiacode.gov.in/act/7d8c2c36-9fc1-447e-a686-a99ef14c8357/schedules,bb9af19111240efa2ca21c56bae221a7ffdb681a350f13bda182ac97f9fd6ba8,
777,c1cf2418-3bde-4342-8c56-5a3900205a2a,ACT,,,,,"The Panjab District Boards Act, 1883",AC_CEN_18_21_00011_188320_1523272812780,1883,20,ACT,CENTRAL,0,123456789/496061,,https://indiacode.gov.in/server/api/core/items/c1cf2418-3bde-4342-8c56-5a3900205a2a,https://indiacode.gov.in/act/c1cf2418-3bde-4342-8c56-5a3900205a2a,https://indiacode.gov.in/act/c1cf2418-3bde-4342-8c56-5a3900205a2a/sections,https://indiacode.gov.in/act/c1cf2418-3bde-4342-8c56-5a3900205a2a/schedules,bb9af19111240efa2ca21c56bae221a7ffdb681a350f13bda182ac97f9fd6ba8,
778,d11f897b-89e4-4635-8c3a-5cdad902e80c,ACT,,,,,"The Land Improvement Loans Act, 1883",AC_CEN_18_43_00003_188319_1523272692578,1883,19,ACT,CENTRAL,0,123456789/496065,,https://indiacode.gov.in/server/api/core/items/d11f897b-89e4-4635-8c3a-5cdad902e80c,https://indiacode.gov.in/act/d11f897b-89e4-4635-8c3a-5cdad902e80c,https://indiacode.gov.in/act/d11f897b-89e4-4635-8c3a-5cdad902e80c/sections,https://indiacode.gov.in/act/d11f897b-89e4-4635-8c3a-5cdad902e80c/schedules,bb9af19111240efa2ca21c56bae221a7ffdb681a350f13bda182ac97f9fd6ba8,
779,1e827a19-1318-4d9e-8b1a-b9e9c61d0c9f,ACT,,,,,"The Presidency Small Cause Courts Act, 1882",AC_CEN_3_3_00025_188215_1523272578725,1882,15,ACT,CENTRAL,0,123456789/496484,,https://indiacode.gov.in/server/api/core/items/1e827a19-1318-4d9e-8b1a-b9e9c61d0c9f,https://indiacode.gov.in/act/1e827a19-1318-4d9e-8b1a-b9e9c61d0c9f,https://indiacode.gov.in/act/1e827a19-1318-4d9e-8b1a-b9e9c61d0c9f/sections,https://indiacode.gov.in/act/1e827a19-1318-4d9e-8b1a-b9e9c61d0c9f/schedules,bb9af19111240efa2ca21c56bae221a7ffdb681a350f13bda182ac97f9fd6ba8,
780,2b436b95-ae89-4c5f-ab70-3d5ef5ffd8e8,ACT,,,,,"The Transfer of Property Act, 1882",AC_CEN_3_20_00042_188204_1523272233671,1882,4,ACT,CENTRAL,0,123456789/496421,,https://indiacode.gov.in/server/api/core/items/2b436b95-ae89-4c5f-ab70-3d5ef5ffd8e8,https://indiacode.gov.in/act/2b436b95-ae89-4c5f-ab70-3d5ef5ffd8e8,https://indiacode.gov.in/act/2b436b95-ae89-4c5f-ab70-3d5ef5ffd8e8/sections,https://indiacode.gov.in/act/2b436b95-ae89-4c5f-ab70-3d5ef5ffd8e8/schedules,bb9af19111240efa2ca21c56bae221a7ffdb681a350f13bda182ac97f9fd6ba8,
781,5e2491a0-7c07-4c7c-bf38-27e8ab46e06f,ACT,,,,,"The Powers-of Attorney Act, 1882",AC_CEN_3_20_00044_188207_1523272415955,1882,7,ACT,CENTRAL,0,123456789/496423,,https://indiacode.gov.in/server/api/core/items/5e2491a0-7c07-4c7c-bf38-27e8ab46e06f,https://indiacode.gov.in/act/5e2491a0-7c07-4c7c-bf38-27e8ab46e06f,https://indiacode.gov.in/act/5e2491a0-7c07-4c7c-bf38-27e8ab46e06f/sections,https://indiacode.gov.in/act/5e2491a0-7c07-4c7c-bf38-27e8ab46e06f/schedules,bb9af19111240efa2ca21c56bae221a7ffdb681a350f13bda182ac97f9fd6ba8,
782,b020b170-1f08-440a-828f-8559cdc5f062,ACT,,,,,"The Indian Easements Act, 1882",AC_CEN_3_20_00043_188205_1523272326474,1882,5,ACT,CENTRAL,0,123456789/496422,,https://indiacode.gov.in/server/api/core/items/b020b170-1f08-440a-828f-8559cdc5f062,https://indiacode.gov.in/act/b020b170-1f08-440a-828f-8559cdc5f062,https://indiacode.gov.in/act/b020b170-1f08-440a-828f-8559cdc5f062/sections,https://indiacode.gov.in/act/b020b170-1f08-440a-828f-8559cdc5f062/schedules,bb9af19111240efa2ca21c56bae221a7ffdb681a350f13bda182ac97f9fd6ba8,
783,6ba886a5-688b-4da1-bd10-9c63daa5cd8b,ACT,,,,,"The Indian Trusts Act, 1882",AC_CEN_3_20_00041_188202_1523272124725,1882,2,ACT,CENTRAL,0,123456789/496420,,https://indiacode.gov.in/server/api/core/items/6ba886a5-688b-4da1-bd10-9c63daa5cd8b,https://indiacode.gov.in/act/6ba886a5-688b-4da1-bd10-9c63daa5cd8b,https://indiacode.gov.in/act/6ba886a5-688b-4da1-bd10-9c63daa5cd8b/sections,https://indiacode.gov.in/act/6ba886a5-688b-4da1-bd10-9c63daa5cd8b/schedules,bb9af19111240efa2ca21c56bae221a7ffdb681a350f13bda182ac97f9fd6ba8,
784,38b01c2d-f1b8-4b1f-a8bf-86b4da3b72a0,ACT,,,,,"The Negotiable Instruments Act, 1881",AC_CEN_2_33_00042_00042_1523271998701,1881,26,ACT,CENTRAL,0,123456789/496318,,https://indiacode.gov.in/server/api/core/items/38b01c2d-f1b8-4b1f-a8bf-86b4da3b72a0,https://indiacode.gov.in/act/38b01c2d-f1b8-4b1f-a8bf-86b4da3b72a0,https://indiacode.gov.in/act/38b01c2d-f1b8-4b1f-a8bf-86b4da3b72a0/sections,https://indiacode.gov.in/act/38b01c2d-f1b8-4b1f-a8bf-86b4da3b72a0/schedules,bb9af19111240efa2ca21c56bae221a7ffdb681a350f13bda182ac97f9fd6ba8,
785,3e114313-7c51-4b6f-9f5d-c5aa965b6c77,ACT,,,,,"The Central Provinces Land-Revenue Act, 1881",AC_CEN_5_5_00108_188118_1666091160281,1881,18,ACT,CENTRAL,0,123456789/496677,,https://indiacode.gov.in/server/api/core/items/3e114313-7c51-4b6f-9f5d-c5aa965b6c77,https://indiacode.gov.in/act/3e114313-7c51-4b6f-9f5d-c5aa965b6c77,https://indiacode.gov.in/act/3e114313-7c51-4b6f-9f5d-c5aa965b6c77/sections,https://indiacode.gov.in/act/3e114313-7c51-4b6f-9f5d-c5aa965b6c77/schedules,bb9af19111240efa2ca21c56bae221a7ffdb681a350f13bda182ac97f9fd6ba8,
786,3dd319e0-914b-4757-9972-f10c0bdf4f57,ACT,,,,,"The Religious Societies Act, 1880",AC_CEN_3_20_00039_188001_1523270795707,1880,1,ACT,CENTRAL,0,123456789/496418,,https://indiacode.gov.in/server/api/core/items/3dd319e0-914b-4757-9972-f10c0bdf4f57,https://indiacode.gov.in/act/3dd319e0-914b-4757-9972-f10c0bdf4f57,https://indiacode.gov.in/act/3dd319e0-914b-4757-9972-f10c0bdf4f57/sections,https://indiacode.gov.in/act/3dd319e0-914b-4757-9972-f10c0bdf4f57/schedules,bb9af19111240efa2ca21c56bae221a7ffdb681a350f13bda182ac97f9fd6ba8,
787,824ae76c-7955-4804-99fe-25d9ea60e67f,ACT,,,,,"The Kazis' Act, 1880",AC_CEN_3_20_00040_188012_1523270912626,1880,12,ACT,CENTRAL,0,123456789/496419,,https://indiacode.gov.in/server/api/core/items/824ae76c-7955-4804-99fe-25d9ea60e67f,https://indiacode.gov.in/act/824ae76c-7955-4804-99fe-25d9ea60e67f,https://indiacode.gov.in/act/824ae76c-7955-4804-99fe-25d9ea60e67f/sections,https://indiacode.gov.in/act/824ae76c-7955-4804-99fe-25d9ea60e67f/schedules,bb9af19111240efa2ca21c56bae221a7ffdb681a350f13bda182ac97f9fd6ba8,
788,7e927455-5933-4f0d-bbdb-db687dc3e130,ACT,,,,,"The Legal Practitioners Act, 1879",AC_CEN_3_46_00008_187918_1523270691223,1879,18,ACT,CENTRAL,0,123456789/496497,,https://indiacode.gov.in/server/api/core/items/7e927455-5933-4f0d-bbdb-db687dc3e130,https://indiacode.gov.in/act/7e927455-5933-4f0d-bbdb-db687dc3e130,https://indiacode.gov.in/act/7e927455-5933-4f0d-bbdb-db687dc3e130/sections,https://indiacode.gov.in/act/7e927455-5933-4f0d-bbdb-db687dc3e130/schedules,bb9af19111240efa2ca21c56bae221a7ffdb681a350f13bda182ac97f9fd6ba8,
789,922be334-305c-415a-951f-4aafd1347057,ACT,,,,,"The Dekkhan Agriculturists' Relief Act, 1879",AC_CEN_5_5_00099_187917_1663829896037,1879,17,ACT,CENTRAL,0,123456789/496672,,https://indiacode.gov.in/server/api/core/items/922be334-305c-415a-951f-4aafd1347057,https://indiacode.gov.in/act/922be334-305c-415a-951f-4aafd1347057,https://indiacode.gov.in/act/922be334-305c-415a-951f-4aafd1347057/sections,https://indiacode.gov.in/act/922be334-305c-415a-951f-4aafd1347057/schedules,bb9af19111240efa2ca21c56bae221a7ffdb681a350f13bda182ac97f9fd6ba8,
790,10192f14-3878-48e1-b88e-55d6b4206a24,ACT,,,,,"The Northern Indian Ferries Act, 1878",AC_CEN_30_0_00012_187817_1523270134718,1878,17,ACT,CENTRAL,0,123456789/496330,,https://indiacode.gov.in/server/api/core/items/10192f14-3878-48e1-b88e-55d6b4206a24,https://indiacode.gov.in/act/10192f14-3878-48e1-b88e-55d6b4206a24,https://indiacode.gov.in/act/10192f14-3878-48e1-b88e-55d6b4206a24/sections,https://indiacode.gov.in/act/10192f14-3878-48e1-b88e-55d6b4206a24/schedules,bb9af19111240efa2ca21c56bae221a7ffdb681a350f13bda182ac97f9fd6ba8,
791,d2d08e99-211f-47d7-a15c-99af112b7f6c,ACT,,,,,"The Indian Treasure-trove Act, 1878",AC_CEN_2_11_00027_187806_1523270020940,1878,6,ACT,CENTRAL,0,123456789/496244,,https://indiacode.gov.in/server/api/core/items/d2d08e99-211f-47d7-a15c-99af112b7f6c,https://indiacode.gov.in/act/d2d08e99-211f-47d7-a15c-99af112b7f6c,https://indiacode.gov.in/act/d2d08e99-211f-47d7-a15c-99af112b7f6c/sections,https://indiacode.gov.in/act/d2d08e99-211f-47d7-a15c-99af112b7f6c/schedules,bb9af19111240efa2ca21c56bae221a7ffdb681a350f13bda182ac97f9fd6ba8,
792,074d0b0c-3228-44ed-a55c-33b2b91a0b01,ACT,,,,,"The Broach and Kaira Incumbered Estates Act, 1877",AC_CEN_5_5_00119_187714_1668661120990,1877,14,ACT,CENTRAL,0,123456789/496693,,https://indiacode.gov.in/server/api/core/items/074d0b0c-3228-44ed-a55c-33b2b91a0b01,https://indiacode.gov.in/act/074d0b0c-3228-44ed-a55c-33b2b91a0b01,https://indiacode.gov.in/act/074d0b0c-3228-44ed-a55c-33b2b91a0b01/sections,https://indiacode.gov.in/act/074d0b0c-3228-44ed-a55c-33b2b91a0b01/schedules,bb9af19111240efa2ca21c56bae221a7ffdb681a350f13bda182ac97f9fd6ba8,
793,1de9383e-a385-4506-8a02-d2515322b059,ACT,,,,,"The Oudh Laws Act, 1876",AC_CEN_5_5_00109_187618_1666091274292,1876,18,ACT,CENTRAL,0,123456789/496678,,https://indiacode.gov.in/server/api/core/items/1de9383e-a385-4506-8a02-d2515322b059,https://indiacode.gov.in/act/1de9383e-a385-4506-8a02-d2515322b059,https://indiacode.gov.in/act/1de9383e-a385-4506-8a02-d2515322b059/sections,https://indiacode.gov.in/act/1de9383e-a385-4506-8a02-d2515322b059/schedules,bb9af19111240efa2ca21c56bae221a7ffdb681a350f13bda182ac97f9fd6ba8,
794,87b814b2-1ea6-462e-b75f-8b54ee521c6d,ACT,,,,,"The Bombay Revenue Jurisdiction Act, 1876",AC_CEN_18_21_00005_187610_1550814354714,1876,10,ACT,CENTRAL,0,123456789/496057,,https://indiacode.gov.in/server/api/core/items/87b814b2-1ea6-462e-b75f-8b54ee521c6d,https://indiacode.gov.in/act/87b814b2-1ea6-462e-b75f-8b54ee521c6d,https://indiacode.gov.in/act/87b814b2-1ea6-462e-b75f-8b54ee521c6d/sections,https://indiacode.gov.in/act/87b814b2-1ea6-462e-b75f-8b54ee521c6d/schedules,bb9af19111240efa2ca21c56bae221a7ffdb681a350f13bda182ac97f9fd6ba8,
795,a386a67d-5747-4731-80bc-b908f557c19a,ACT,,,,,"The Chutia Nagpur Encumbered Estates Act, 1876",AC_CEN_5_5_00094_187606_1663821910941,1876,6,ACT,CENTRAL,0,123456789/496670,,https://indiacode.gov.in/server/api/core/items/a386a67d-5747-4731-80bc-b908f557c19a,https://indiacode.gov.in/act/a386a67d-5747-4731-80bc-b908f557c19a,https://indiacode.gov.in/act/a386a67d-5747-4731-80bc-b908f557c19a/sections,https://indiacode.gov.in/act/a386a67d-5747-4731-80bc-b908f557c19a/schedules,bb9af19111240efa2ca21c56bae221a7ffdb681a350f13bda182ac97f9fd6ba8,
796,b4435ed8-7d5b-4224-80af-b13126602d4f,ACT,,,,,"The Majority Act, 1875",AC_CEN_3_20_00038_187509_1523269774430,1875,9,ACT,CENTRAL,0,123456789/496417,,https://indiacode.gov.in/server/api/core/items/b4435ed8-7d5b-4224-80af-b13126602d4f,https://indiacode.gov.in/act/b4435ed8-7d5b-4224-80af-b13126602d4f,https://indiacode.gov.in/act/b4435ed8-7d5b-4224-80af-b13126602d4f/sections,https://indiacode.gov.in/act/b4435ed8-7d5b-4224-80af-b13126602d4f/schedules,bb9af19111240efa2ca21c56bae221a7ffdb681a350f13bda182ac97f9fd6ba8,
797,63a01f34-a9e7-4217-810b-928159cbfb85,ACT,,,,,"The Laws Local Extent Act, 1874",AC_CEN_5_5_000100_187415_1663830097653,1874,15,ACT,CENTRAL,0,123456789/496596,,https://indiacode.gov.in/server/api/core/items/63a01f34-a9e7-4217-810b-928159cbfb85,https://indiacode.gov.in/act/63a01f34-a9e7-4217-810b-928159cbfb85,https://indiacode.gov.in/act/63a01f34-a9e7-4217-810b-928159cbfb85/sections,https://indiacode.gov.in/act/63a01f34-a9e7-4217-810b-928159cbfb85/schedules,bb9af19111240efa2ca21c56bae221a7ffdb681a350f13bda182ac97f9fd6ba8,
798,b32c4c07-10b7-4c11-b7c8-36a230dae552,ACT,,,,,"The Married Women's Property Act, 1874",AC_CEN_3_20_00037_187403_1523269675897,1874,3,ACT,CENTRAL,0,123456789/496416,,https://indiacode.gov.in/server/api/core/items/b32c4c07-10b7-4c11-b7c8-36a230dae552,https://indiacode.gov.in/act/b32c4c07-10b7-4c11-b7c8-36a230dae552,https://indiacode.gov.in/act/b32c4c07-10b7-4c11-b7c8-36a230dae552/sections,https://indiacode.gov.in/act/b32c4c07-10b7-4c11-b7c8-36a230dae552/schedules,bb9af19111240efa2ca21c56bae221a7ffdb681a350f13bda182ac97f9fd6ba8,
799,258f712a-cb95-40d9-9cc6-8462ad9d45a0,ACT,,,,,"The Northern India Canal and Drainage Act, 1873",AC_CEN_7_0_00018_187308_1523269512549,1873,8,ACT,CENTRAL,0,123456789/496713,,https://indiacode.gov.in/server/api/core/items/258f712a-cb95-40d9-9cc6-8462ad9d45a0,https://indiacode.gov.in/act/258f712a-cb95-40d9-9cc6-8462ad9d45a0,https://indiacode.gov.in/act/258f712a-cb95-40d9-9cc6-8462ad9d45a0/sections,https://indiacode.gov.in/act/258f712a-cb95-40d9-9cc6-8462ad9d45a0/schedules,bb9af19111240efa2ca21c56bae221a7ffdb681a350f13bda182ac97f9fd6ba8,
800,62ca1611-61f6-4478-964b-7bbe363f3805,ACT,,,,,"The Government Savings Promotion Act, 1873",AC_CEN_2_11_00026_187305_1523269408953,1873,5,ACT,CENTRAL,0,123456789/496242,,https://indiacode.gov.in/server/api/core/items/62ca1611-61f6-4478-964b-7bbe363f3805,https://indiacode.gov.in/act/62ca1611-61f6-4478-964b-7bbe363f3805,https://indiacode.gov.in/act/62ca1611-61f6-4478-964b-7bbe363f3805/sections,https://indiacode.gov.in/act/62ca1611-61f6-4478-964b-7bbe363f3805/schedules,bb9af19111240efa2ca21c56bae221a7ffdb681a350f13bda182ac97f9fd6ba8,
801,44180980-0c32-4518-abbc-6a8f5800a5e1,ACT,,,,,"The Madras Civil Courts' Act, 1873",AC_CEN_3_3_00024_187303_1523269251496,1873,3,ACT,CENTRAL,0,123456789/496483,,https://indiacode.gov.in/server/api/core/items/44180980-0c32-4518-abbc-6a8f5800a5e1,https://indiacode.gov.in/act/44180980-0c32-4518-abbc-6a8f5800a5e1,https://indiacode.gov.in/act/44180980-0c32-4518-abbc-6a8f5800a5e1/sections,https://indiacode.gov.in/act/44180980-0c32-4518-abbc-6a8f5800a5e1/schedules,99795b82f464d633e43bcc5a23e900740ef93093175ffabac2f037e6376fa102,
802,23cbf968-bc98-4b60-984f-2fd6b3e665c2,ACT,,,,,"The Indian Christian Marriage Act, 1872",AC_CEN_3_20_00036_187215_1523269135126,1872,15,ACT,CENTRAL,0,123456789/496414,,https://indiacode.gov.in/server/api/core/items/23cbf968-bc98-4b60-984f-2fd6b3e665c2,https://indiacode.gov.in/act/23cbf968-bc98-4b60-984f-2fd6b3e665c2,https://indiacode.gov.in/act/23cbf968-bc98-4b60-984f-2fd6b3e665c2/sections,https://indiacode.gov.in/act/23cbf968-bc98-4b60-984f-2fd6b3e665c2/schedules,99795b82f464d633e43bcc5a23e900740ef93093175ffabac2f037e6376fa102,
803,0e782442-f035-4d53-aace-81b1552a8cf2,ACT,,,,,"The Indian Contract Act, 1872",AC_CEN_3_20_00035_187209_1523268996428,1872,9,ACT,CENTRAL,0,123456789/496413,,https://indiacode.gov.in/server/api/core/items/0e782442-f035-4d53-aace-81b1552a8cf2,https://indiacode.gov.in/act/0e782442-f035-4d53-aace-81b1552a8cf2,https://indiacode.gov.in/act/0e782442-f035-4d53-aace-81b1552a8cf2/sections,https://indiacode.gov.in/act/0e782442-f035-4d53-aace-81b1552a8cf2/schedules,99795b82f464d633e43bcc5a23e900740ef93093175ffabac2f037e6376fa102,
804,07532100-983b-405d-a0fd-2e4a2aca8dbc,ACT,,,,,"The Punjab Laws Act, 1872",AC_CEN_5_5_00101_187204_1663830323109,1872,4,ACT,CENTRAL,0,123456789/496673,,https://indiacode.gov.in/server/api/core/items/07532100-983b-405d-a0fd-2e4a2aca8dbc,https://indiacode.gov.in/act/07532100-983b-405d-a0fd-2e4a2aca8dbc,https://indiacode.gov.in/act/07532100-983b-405d-a0fd-2e4a2aca8dbc/sections,https://indiacode.gov.in/act/07532100-983b-405d-a0fd-2e4a2aca8dbc/schedules,99795b82f464d633e43bcc5a23e900740ef93093175ffabac2f037e6376fa102,
805,32fbc3a7-1902-4012-89fb-c0aaf849bc92,ACT,,,,,"The Pensions Act, 1871",AC_CEN_26_89_00001_187123_1523268761051,1871,23,ACT,CENTRAL,0,123456789/496178,,https://indiacode.gov.in/server/api/core/items/32fbc3a7-1902-4012-89fb-c0aaf849bc92,https://indiacode.gov.in/act/32fbc3a7-1902-4012-89fb-c0aaf849bc92,https://indiacode.gov.in/act/32fbc3a7-1902-4012-89fb-c0aaf849bc92/sections,https://indiacode.gov.in/act/32fbc3a7-1902-4012-89fb-c0aaf849bc92/schedules,99795b82f464d633e43bcc5a23e900740ef93093175ffabac2f037e6376fa102,
806,d31d3af4-0aa3-4570-b31c-003ea7b3e716,ACT,,,,,"The Dehra Dun Act, 1871",AC_CEN_5_5_00092_187121_1661923541218,1871,21,ACT,CENTRAL,0,123456789/496668,,https://indiacode.gov.in/server/api/core/items/d31d3af4-0aa3-4570-b31c-003ea7b3e716,https://indiacode.gov.in/act/d31d3af4-0aa3-4570-b31c-003ea7b3e716,https://indiacode.gov.in/act/d31d3af4-0aa3-4570-b31c-003ea7b3e716/sections,https://indiacode.gov.in/act/d31d3af4-0aa3-4570-b31c-003ea7b3e716/schedules,99795b82f464d633e43bcc5a23e900740ef93093175ffabac2f037e6376fa102,
807,91822d67-14e4-465c-a0fe-554842ff855b,ACT,,,,,"The Cattle-Trespass Act, 1871",AC_CEN_23_62_00006_187101_1523268567263,1871,1,ACT,CENTRAL,0,123456789/496147,,https://indiacode.gov.in/server/api/core/items/91822d67-14e4-465c-a0fe-554842ff855b,https://indiacode.gov.in/act/91822d67-14e4-465c-a0fe-554842ff855b,https://indiacode.gov.in/act/91822d67-14e4-465c-a0fe-554842ff855b/sections,https://indiacode.gov.in/act/91822d67-14e4-465c-a0fe-554842ff855b/schedules,99795b82f464d633e43bcc5a23e900740ef93093175ffabac2f037e6376fa102,
808,cb35c2ce-7bb5-4fbc-8102-6278cc02091a,ACT,,,,,"The Oudh Taluqdar's Relief Act, 1870",AC_CEN_5_5_00103_187024_1663845783612,1870,24,ACT,CENTRAL,0,123456789/496675,,https://indiacode.gov.in/server/api/core/items/cb35c2ce-7bb5-4fbc-8102-6278cc02091a,https://indiacode.gov.in/act/cb35c2ce-7bb5-4fbc-8102-6278cc02091a,https://indiacode.gov.in/act/cb35c2ce-7bb5-4fbc-8102-6278cc02091a/sections,https://indiacode.gov.in/act/cb35c2ce-7bb5-4fbc-8102-6278cc02091a/schedules,99795b82f464d633e43bcc5a23e900740ef93093175ffabac2f037e6376fa102,
809,6f74d5d7-8017-443c-a33d-3db8544a494b,ACT,,,,,"The Court-Fees Act, 1870",AC_CEN_3_3_00023_187007_1523268447465,1870,7,ACT,CENTRAL,0,123456789/496482,,https://indiacode.gov.in/server/api/core/items/6f74d5d7-8017-443c-a33d-3db8544a494b,https://indiacode.gov.in/act/6f74d5d7-8017-443c-a33d-3db8544a494b,https://indiacode.gov.in/act/6f74d5d7-8017-443c-a33d-3db8544a494b/sections,https://indiacode.gov.in/act/6f74d5d7-8017-443c-a33d-3db8544a494b/schedules,99795b82f464d633e43bcc5a23e900740ef93093175ffabac2f037e6376fa102,
810,2f8561f9-bdb6-49b5-9be4-c1c410a83369,ACT,,,,,"The Bombay Civil Court's Act, 1869",AC_CEN_3_3_00022_186914_1523268305336,1869,14,ACT,CENTRAL,0,123456789/496480,,https://indiacode.gov.in/server/api/core/items/2f8561f9-bdb6-49b5-9be4-c1c410a83369,https://indiacode.gov.in/act/2f8561f9-bdb6-49b5-9be4-c1c410a83369,https://indiacode.gov.in/act/2f8561f9-bdb6-49b5-9be4-c1c410a83369/sections,https://indiacode.gov.in/act/2f8561f9-bdb6-49b5-9be4-c1c410a83369/schedules,99795b82f464d633e43bcc5a23e900740ef93093175ffabac2f037e6376fa102,
811,80d1140f-2a69-4ffd-bb3e-54a84303f8fa,ACT,,,,,"The Divorce Act, 1869",AC_CEN_3_20_00033_186904_1523268113865,1869,4,ACT,CENTRAL,0,123456789/496410,,https://indiacode.gov.in/server/api/core/items/80d1140f-2a69-4ffd-bb3e-54a84303f8fa,https://indiacode.gov.in/act/80d1140f-2a69-4ffd-bb3e-54a84303f8fa,https://indiacode.gov.in/act/80d1140f-2a69-4ffd-bb3e-54a84303f8fa/sections,https://indiacode.gov.in/act/80d1140f-2a69-4ffd-bb3e-54a84303f8fa/schedules,99795b82f464d633e43bcc5a23e900740ef93093175ffabac2f037e6376fa102,
812,28318361-2c5d-4774-8030-55f879a0a241,ACT,,,,,"The Oudh Estates' Act, 1869",AC_CEN_5_5_00102_186901_1663845682032,1869,1,ACT,CENTRAL,0,123456789/496674,,https://indiacode.gov.in/server/api/core/items/28318361-2c5d-4774-8030-55f879a0a241,https://indiacode.gov.in/act/28318361-2c5d-4774-8030-55f879a0a241,https://indiacode.gov.in/act/28318361-2c5d-4774-8030-55f879a0a241/sections,https://indiacode.gov.in/act/28318361-2c5d-4774-8030-55f879a0a241/schedules,99795b82f464d633e43bcc5a23e900740ef93093175ffabac2f037e6376fa102,
813,6b8129ec-e4bf-40e2-b1de-2b91739c2576,ACT,,,,,"The Sarais' Act, 1867",AC_CEN_5_5_00089_186722_1661253567439,1867,22,ACT,CENTRAL,0,123456789/496665,,https://indiacode.gov.in/server/api/core/items/6b8129ec-e4bf-40e2-b1de-2b91739c2576,https://indiacode.gov.in/act/6b8129ec-e4bf-40e2-b1de-2b91739c2576,https://indiacode.gov.in/act/6b8129ec-e4bf-40e2-b1de-2b91739c2576/sections,https://indiacode.gov.in/act/6b8129ec-e4bf-40e2-b1de-2b91739c2576/schedules,99795b82f464d633e43bcc5a23e900740ef93093175ffabac2f037e6376fa102,
814,c851af28-2119-42e7-9f21-a2c4d182e8bc,ACT,,,,,"The Public Gambling Act, 1867",AC_CEN_5_23_00039_186703_1523267566863,1867,3,ACT,CENTRAL,0,123456789/496541,,https://indiacode.gov.in/server/api/core/items/c851af28-2119-42e7-9f21-a2c4d182e8bc,https://indiacode.gov.in/act/c851af28-2119-42e7-9f21-a2c4d182e8bc,https://indiacode.gov.in/act/c851af28-2119-42e7-9f21-a2c4d182e8bc/sections,https://indiacode.gov.in/act/c851af28-2119-42e7-9f21-a2c4d182e8bc/schedules,99795b82f464d633e43bcc5a23e900740ef93093175ffabac2f037e6376fa102,
815,39892b7b-d088-4e7c-9eda-666350b50a77,ACT,,,,,"The Indian Tolls Act, 1864",AC_CEN_30_0_00017_186415_1553751167865,1864,15,ACT,CENTRAL,0,123456789/496331,,https://indiacode.gov.in/server/api/core/items/39892b7b-d088-4e7c-9eda-666350b50a77,https://indiacode.gov.in/act/39892b7b-d088-4e7c-9eda-666350b50a77,https://indiacode.gov.in/act/39892b7b-d088-4e7c-9eda-666350b50a77/sections,https://indiacode.gov.in/act/39892b7b-d088-4e7c-9eda-666350b50a77/schedules,99795b82f464d633e43bcc5a23e900740ef93093175ffabac2f037e6376fa102,
816,0bf234c3-26a2-4cc6-8a74-1d2f4f6c34ce,ACT,,,,,"The Partition of Revenue-paying Estates Act, 1863",AC_CEN_5_5_00078_186319_1659335140903,1863,19,ACT,CENTRAL,0,123456789/496657,,https://indiacode.gov.in/server/api/core/items/0bf234c3-26a2-4cc6-8a74-1d2f4f6c34ce,https://indiacode.gov.in/act/0bf234c3-26a2-4cc6-8a74-1d2f4f6c34ce,https://indiacode.gov.in/act/0bf234c3-26a2-4cc6-8a74-1d2f4f6c34ce/sections,https://indiacode.gov.in/act/0bf234c3-26a2-4cc6-8a74-1d2f4f6c34ce/schedules,99795b82f464d633e43bcc5a23e900740ef93093175ffabac2f037e6376fa102,
817,6db95087-9cb9-41a0-a7e7-6a9979321a26,ACT,,,,,"The Religious endowments act, 1863",AC_CEN_3_20_00032_186320_1523267123192,1863,20,ACT,CENTRAL,0,123456789/496408,,https://indiacode.gov.in/server/api/core/items/6db95087-9cb9-41a0-a7e7-6a9979321a26,https://indiacode.gov.in/act/6db95087-9cb9-41a0-a7e7-6a9979321a26,https://indiacode.gov.in/act/6db95087-9cb9-41a0-a7e7-6a9979321a26/sections,https://indiacode.gov.in/act/6db95087-9cb9-41a0-a7e7-6a9979321a26/schedules,99795b82f464d633e43bcc5a23e900740ef93093175ffabac2f037e6376fa102,
818,c92d4d1c-813d-443c-a016-4d159a8f610a,ACT,,,,,"The Waste-Lands (Claims) Act, 1863",AC_CEN_5_5_00079_186323_1659589575506,1863,23,ACT,CENTRAL,0,123456789/496658,,https://indiacode.gov.in/server/api/core/items/c92d4d1c-813d-443c-a016-4d159a8f610a,https://indiacode.gov.in/act/c92d4d1c-813d-443c-a016-4d159a8f610a,https://indiacode.gov.in/act/c92d4d1c-813d-443c-a016-4d159a8f610a/sections,https://indiacode.gov.in/act/c92d4d1c-813d-443c-a016-4d159a8f610a/schedules,99795b82f464d633e43bcc5a23e900740ef93093175ffabac2f037e6376fa102,
819,f7ad1dc3-277e-4efb-96f5-c69d55c97528,ACT,,,,,"The Stage-Carriages Act, 1861",AC_CEN_30_0_000010_186116_1523267005446,1861,16,ACT,CENTRAL,0,123456789/496328,,https://indiacode.gov.in/server/api/core/items/f7ad1dc3-277e-4efb-96f5-c69d55c97528,https://indiacode.gov.in/act/f7ad1dc3-277e-4efb-96f5-c69d55c97528,https://indiacode.gov.in/act/f7ad1dc3-277e-4efb-96f5-c69d55c97528/sections,https://indiacode.gov.in/act/f7ad1dc3-277e-4efb-96f5-c69d55c97528/schedules,99795b82f464d633e43bcc5a23e900740ef93093175ffabac2f037e6376fa102,
820,27d85faf-3fab-4c53-aa8d-08420b84c72c,ACT,,,,,"The Police Act, 1861",AC_CEN_5_23_00038_186105_1523266889428,1861,5,ACT,CENTRAL,0,123456789/496540,,https://indiacode.gov.in/server/api/core/items/27d85faf-3fab-4c53-aa8d-08420b84c72c,https://indiacode.gov.in/act/27d85faf-3fab-4c53-aa8d-08420b84c72c,https://indiacode.gov.in/act/27d85faf-3fab-4c53-aa8d-08420b84c72c/sections,https://indiacode.gov.in/act/27d85faf-3fab-4c53-aa8d-08420b84c72c/schedules,99795b82f464d633e43bcc5a23e900740ef93093175ffabac2f037e6376fa102,
821,77ddbc0f-8934-4315-a93f-5b5071a33ad5,ACT,,,,,"The Societies Registration Act, 1860",AC_CEN_22_0_00011_186021_1523266592429,1860,21,ACT,CENTRAL,0,123456789/496118,,https://indiacode.gov.in/server/api/core/items/77ddbc0f-8934-4315-a93f-5b5071a33ad5,https://indiacode.gov.in/act/77ddbc0f-8934-4315-a93f-5b5071a33ad5,https://indiacode.gov.in/act/77ddbc0f-8934-4315-a93f-5b5071a33ad5/sections,https://indiacode.gov.in/act/77ddbc0f-8934-4315-a93f-5b5071a33ad5/schedules,99795b82f464d633e43bcc5a23e900740ef93093175ffabac2f037e6376fa102,
822,5c6e40da-c829-498c-b9a4-8fa621e616e5,ACT,,,,,"The Madras District Police Act, 1859",AC_CEN_5_5_00091_185924_1661923291284,1859,24,ACT,CENTRAL,0,123456789/496667,,https://indiacode.gov.in/server/api/core/items/5c6e40da-c829-498c-b9a4-8fa621e616e5,https://indiacode.gov.in/act/5c6e40da-c829-498c-b9a4-8fa621e616e5,https://indiacode.gov.in/act/5c6e40da-c829-498c-b9a4-8fa621e616e5/sections,https://indiacode.gov.in/act/5c6e40da-c829-498c-b9a4-8fa621e616e5/schedules,99795b82f464d633e43bcc5a23e900740ef93093175ffabac2f037e6376fa102,
823,ec610119-7d9d-478a-97e2-8b094d4ef22f,ACT,,,,,"The Bengal Land Revenue Sales Act, 1859",AC_CEN_18_43_00004_185911_1667972824098,1859,11,ACT,CENTRAL,0,123456789/496067,,https://indiacode.gov.in/server/api/core/items/ec610119-7d9d-478a-97e2-8b094d4ef22f,https://indiacode.gov.in/act/ec610119-7d9d-478a-97e2-8b094d4ef22f,https://indiacode.gov.in/act/ec610119-7d9d-478a-97e2-8b094d4ef22f/sections,https://indiacode.gov.in/act/ec610119-7d9d-478a-97e2-8b094d4ef22f/schedules,99795b82f464d633e43bcc5a23e900740ef93093175ffabac2f037e6376fa102,
824,0dcdcc08-1929-41a8-b205-6fff3c00206f,ACT,,,,,"The Bengal Ghatwali Land Act, 1859",AC_CEN_5_5_00088_1859-05_1660728881582,1859,5,ACT,CENTRAL,0,123456789/496664,,https://indiacode.gov.in/server/api/core/items/0dcdcc08-1929-41a8-b205-6fff3c00206f,https://indiacode.gov.in/act/0dcdcc08-1929-41a8-b205-6fff3c00206f,https://indiacode.gov.in/act/0dcdcc08-1929-41a8-b205-6fff3c00206f/sections,https://indiacode.gov.in/act/0dcdcc08-1929-41a8-b205-6fff3c00206f/schedules,99795b82f464d633e43bcc5a23e900740ef93093175ffabac2f037e6376fa102,
825,b8f2e0c5-1c90-425b-a706-bdc8bbb709e3,ACT,,,,,"Tobacco Duty (Town of Bombay) Act, 1857",AC_CEN_5_5_00090_185704_1661923082394,1857,4,ACT,CENTRAL,0,123456789/496666,,https://indiacode.gov.in/server/api/core/items/b8f2e0c5-1c90-425b-a706-bdc8bbb709e3,https://indiacode.gov.in/act/b8f2e0c5-1c90-425b-a706-bdc8bbb709e3,https://indiacode.gov.in/act/b8f2e0c5-1c90-425b-a706-bdc8bbb709e3/sections,https://indiacode.gov.in/act/b8f2e0c5-1c90-425b-a706-bdc8bbb709e3/schedules,99795b82f464d633e43bcc5a23e900740ef93093175ffabac2f037e6376fa102,
826,e9d92f40-c7c3-483f-b0b6-803cf2e2ae6b,ACT,,,,,"The Calcutta Land-Revenue Act, 1856",AC_CEN_5_5_00076_1856-18_1659084451530,1856,18,ACT,CENTRAL,0,123456789/496655,,https://indiacode.gov.in/server/api/core/items/e9d92f40-c7c3-483f-b0b6-803cf2e2ae6b,https://indiacode.gov.in/act/e9d92f40-c7c3-483f-b0b6-803cf2e2ae6b,https://indiacode.gov.in/act/e9d92f40-c7c3-483f-b0b6-803cf2e2ae6b/sections,https://indiacode.gov.in/act/e9d92f40-c7c3-483f-b0b6-803cf2e2ae6b/schedules,99795b82f464d633e43bcc5a23e900740ef93093175ffabac2f037e6376fa102,
827,62553889-ac79-4010-a8af-2610e1ee0e6f,ACT,,,,,"The Bengal Embankment Act, 1855",AC_CEN_5_5_00084_185532_1660111426081,1855,32,ACT,CENTRAL,0,123456789/496663,,https://indiacode.gov.in/server/api/core/items/62553889-ac79-4010-a8af-2610e1ee0e6f,https://indiacode.gov.in/act/62553889-ac79-4010-a8af-2610e1ee0e6f,https://indiacode.gov.in/act/62553889-ac79-4010-a8af-2610e1ee0e6f/sections,https://indiacode.gov.in/act/62553889-ac79-4010-a8af-2610e1ee0e6f/schedules,99795b82f464d633e43bcc5a23e900740ef93093175ffabac2f037e6376fa102,
828,56ba552e-f7b7-4d44-a726-f68e82a00ddf,ACT,,,,,"The Fatal Accidents Act, 1855",AC_CEN_3_20_00031_185513_1523265540979,1855,13,ACT,CENTRAL,0,123456789/496406,,https://indiacode.gov.in/server/api/core/items/56ba552e-f7b7-4d44-a726-f68e82a00ddf,https://indiacode.gov.in/act/56ba552e-f7b7-4d44-a726-f68e82a00ddf,https://indiacode.gov.in/act/56ba552e-f7b7-4d44-a726-f68e82a00ddf/sections,https://indiacode.gov.in/act/56ba552e-f7b7-4d44-a726-f68e82a00ddf/schedules,99795b82f464d633e43bcc5a23e900740ef93093175ffabac2f037e6376fa102,
829,d82c266d-c4c1-4de3-8492-9e04520b05e1,ACT,,,,,"The Legal Representatives Suits Act, 1855",AC_CEN_3_20_00030_185512_1523265304472,1855,12,ACT,CENTRAL,0,123456789/496404,,https://indiacode.gov.in/server/api/core/items/d82c266d-c4c1-4de3-8492-9e04520b05e1,https://indiacode.gov.in/act/d82c266d-c4c1-4de3-8492-9e04520b05e1,https://indiacode.gov.in/act/d82c266d-c4c1-4de3-8492-9e04520b05e1/sections,https://indiacode.gov.in/act/d82c266d-c4c1-4de3-8492-9e04520b05e1/schedules,99795b82f464d633e43bcc5a23e900740ef93093175ffabac2f037e6376fa102,
830,84980797-45ab-46d2-8e77-6d4e9429d40a,ACT,,,,,"The Police, Agra Act, 1854",AC_CEN_5_5_00083_185416_1660111267890,1854,16,ACT,CENTRAL,0,123456789/496662,,https://indiacode.gov.in/server/api/core/items/84980797-45ab-46d2-8e77-6d4e9429d40a,https://indiacode.gov.in/act/84980797-45ab-46d2-8e77-6d4e9429d40a,https://indiacode.gov.in/act/84980797-45ab-46d2-8e77-6d4e9429d40a/sections,https://indiacode.gov.in/act/84980797-45ab-46d2-8e77-6d4e9429d40a/schedules,99795b82f464d633e43bcc5a23e900740ef93093175ffabac2f037e6376fa102,
831,2db03509-67eb-4ab3-9fe2-a942b925ea14,ACT,,,,,"The Bengal Bonded Warehouse Association Act, 1854",AC_CEN_5_5_00082_185405_1660111138723,1854,5,ACT,CENTRAL,0,123456789/496661,,https://indiacode.gov.in/server/api/core/items/2db03509-67eb-4ab3-9fe2-a942b925ea14,https://indiacode.gov.in/act/2db03509-67eb-4ab3-9fe2-a942b925ea14,https://indiacode.gov.in/act/2db03509-67eb-4ab3-9fe2-a942b925ea14/sections,https://indiacode.gov.in/act/2db03509-67eb-4ab3-9fe2-a942b925ea14/schedules,99795b82f464d633e43bcc5a23e900740ef93093175ffabac2f037e6376fa102,
832,b1dc6e21-00a5-4ddc-a8c1-42b4022f2a19,ACT,,,,,"The Shore Nuisances (Bombay and Kotaba) Act, 1853",AC_CEN_5_5_00081_185311_1660110880018,1853,11,ACT,CENTRAL,0,123456789/496660,,https://indiacode.gov.in/server/api/core/items/b1dc6e21-00a5-4ddc-a8c1-42b4022f2a19,https://indiacode.gov.in/act/b1dc6e21-00a5-4ddc-a8c1-42b4022f2a19,https://indiacode.gov.in/act/b1dc6e21-00a5-4ddc-a8c1-42b4022f2a19/sections,https://indiacode.gov.in/act/b1dc6e21-00a5-4ddc-a8c1-42b4022f2a19/schedules,99795b82f464d633e43bcc5a23e900740ef93093175ffabac2f037e6376fa102,
833,09d32831-57f0-482c-b9da-625de1cd6c3c,ACT,,,,,"The Rent Recovery Act, 1853",AC_CEN_5_5_00080_185306_1660110752050,1853,6,ACT,CENTRAL,0,123456789/496659,,https://indiacode.gov.in/server/api/core/items/09d32831-57f0-482c-b9da-625de1cd6c3c,https://indiacode.gov.in/act/09d32831-57f0-482c-b9da-625de1cd6c3c,https://indiacode.gov.in/act/09d32831-57f0-482c-b9da-625de1cd6c3c/sections,https://indiacode.gov.in/act/09d32831-57f0-482c-b9da-625de1cd6c3c/schedules,99795b82f464d633e43bcc5a23e900740ef93093175ffabac2f037e6376fa102,
834,21e43cea-7b93-4017-b18b-6c467a5dbff0,ACT,,,,,"Extending certain Acts to Straits Settlement , 1852",AC_CEN_5_5_00117_185214_1691752147214,1852,14,ACT,CENTRAL,0,123456789/496687,,https://indiacode.gov.in/server/api/core/items/21e43cea-7b93-4017-b18b-6c467a5dbff0,https://indiacode.gov.in/act/21e43cea-7b93-4017-b18b-6c467a5dbff0,https://indiacode.gov.in/act/21e43cea-7b93-4017-b18b-6c467a5dbff0/sections,https://indiacode.gov.in/act/21e43cea-7b93-4017-b18b-6c467a5dbff0/schedules,99795b82f464d633e43bcc5a23e900740ef93093175ffabac2f037e6376fa102,
835,1f8ab025-e52d-4645-9480-656f825d4d50,ACT,,,,,"The Bombay Rent-free Estates Act, 1851",AC_CEN_5_5_00077_1852-11_1659085066642,1852,11,ACT,CENTRAL,0,123456789/496656,,https://indiacode.gov.in/server/api/core/items/1f8ab025-e52d-4645-9480-656f825d4d50,https://indiacode.gov.in/act/1f8ab025-e52d-4645-9480-656f825d4d50,https://indiacode.gov.in/act/1f8ab025-e52d-4645-9480-656f825d4d50/sections,https://indiacode.gov.in/act/1f8ab025-e52d-4645-9480-656f825d4d50/schedules,99795b82f464d633e43bcc5a23e900740ef93093175ffabac2f037e6376fa102,
836,1ede808a-d108-4c89-9b09-92d9a61ce667,ACT,,,,,"The Madras City Land Revenue Act, 1851",AC_CEN_5_5_00074_185112_1658826550747,1851,12,ACT,CENTRAL,0,123456789/496654,,https://indiacode.gov.in/server/api/core/items/1ede808a-d108-4c89-9b09-92d9a61ce667,https://indiacode.gov.in/act/1ede808a-d108-4c89-9b09-92d9a61ce667,https://indiacode.gov.in/act/1ede808a-d108-4c89-9b09-92d9a61ce667/sections,https://indiacode.gov.in/act/1ede808a-d108-4c89-9b09-92d9a61ce667/schedules,99795b82f464d633e43bcc5a23e900740ef93093175ffabac2f037e6376fa102,
837,42b90bcb-13cd-420f-b72d-88da031f7bdf,ACT,,,,,"The Indian Tolls Act, 1851",AC_CEN_30_0_00008_185108_1523264886492,1851,8,ACT,CENTRAL,0,123456789/496329,,https://indiacode.gov.in/server/api/core/items/42b90bcb-13cd-420f-b72d-88da031f7bdf,https://indiacode.gov.in/act/42b90bcb-13cd-420f-b72d-88da031f7bdf,https://indiacode.gov.in/act/42b90bcb-13cd-420f-b72d-88da031f7bdf/sections,https://indiacode.gov.in/act/42b90bcb-13cd-420f-b72d-88da031f7bdf/schedules,99795b82f464d633e43bcc5a23e900740ef93093175ffabac2f037e6376fa102,
838,ebec65b0-7425-45fc-9f6e-a4554d526aaa,ACT,,,,,"The Improvements in Towns Act, 1850",AC_CEN_5_5_00073_185026_1658826305589,1850,26,ACT,CENTRAL,0,123456789/496653,,https://indiacode.gov.in/server/api/core/items/ebec65b0-7425-45fc-9f6e-a4554d526aaa,https://indiacode.gov.in/act/ebec65b0-7425-45fc-9f6e-a4554d526aaa,https://indiacode.gov.in/act/ebec65b0-7425-45fc-9f6e-a4554d526aaa/sections,https://indiacode.gov.in/act/ebec65b0-7425-45fc-9f6e-a4554d526aaa/schedules,99795b82f464d633e43bcc5a23e900740ef93093175ffabac2f037e6376fa102,
839,b890cacd-71b0-434f-bfde-3bcb2b4b1945,ACT,,,,,"The Forfeited Deposits Act, 1850",AC_CEN_5_5_00072_185025_1658825457062,1850,25,ACT,CENTRAL,0,123456789/496652,,https://indiacode.gov.in/server/api/core/items/b890cacd-71b0-434f-bfde-3bcb2b4b1945,https://indiacode.gov.in/act/b890cacd-71b0-434f-bfde-3bcb2b4b1945,https://indiacode.gov.in/act/b890cacd-71b0-434f-bfde-3bcb2b4b1945/sections,https://indiacode.gov.in/act/b890cacd-71b0-434f-bfde-3bcb2b4b1945/schedules,99795b82f464d633e43bcc5a23e900740ef93093175ffabac2f037e6376fa102,
840,7829d260-ad57-4a30-a8ad-4cdc5bd92448,ACT,,,,,"Madras Board of Revenue,1849",AC_CEN_5_5_00116_184910_1691751875007,1849,10,ACT,CENTRAL,0,123456789/496685,,https://indiacode.gov.in/server/api/core/items/7829d260-ad57-4a30-a8ad-4cdc5bd92448,https://indiacode.gov.in/act/7829d260-ad57-4a30-a8ad-4cdc5bd92448,https://indiacode.gov.in/act/7829d260-ad57-4a30-a8ad-4cdc5bd92448/sections,https://indiacode.gov.in/act/7829d260-ad57-4a30-a8ad-4cdc5bd92448/schedules,99795b82f464d633e43bcc5a23e900740ef93093175ffabac2f037e6376fa102,
841,113903dd-a72b-4a68-90f6-11c9cd0133f2,ACT,,,,,"The Bengal Land Holder's Attendance Act, 1848",AC_CEN_5_5_00071_184820_1658140228374,1848,20,ACT,CENTRAL,0,123456789/496651,,https://indiacode.gov.in/server/api/core/items/113903dd-a72b-4a68-90f6-11c9cd0133f2,https://indiacode.gov.in/act/113903dd-a72b-4a68-90f6-11c9cd0133f2,https://indiacode.gov.in/act/113903dd-a72b-4a68-90f6-11c9cd0133f2/sections,https://indiacode.gov.in/act/113903dd-a72b-4a68-90f6-11c9cd0133f2/schedules,99795b82f464d633e43bcc5a23e900740ef93093175ffabac2f037e6376fa102,
842,4fb224df-0621-4ed0-8939-bf9068050964,ACT,,,,,"The Boundary-Marks, Bombay 1846",AC_CEN_5_5_00067_184603_1658137912860,1846,3,ACT,CENTRAL,0,123456789/496647,,https://indiacode.gov.in/server/api/core/items/4fb224df-0621-4ed0-8939-bf9068050964,https://indiacode.gov.in/act/4fb224df-0621-4ed0-8939-bf9068050964,https://indiacode.gov.in/act/4fb224df-0621-4ed0-8939-bf9068050964/sections,https://indiacode.gov.in/act/4fb224df-0621-4ed0-8939-bf9068050964/schedules,99795b82f464d633e43bcc5a23e900740ef93093175ffabac2f037e6376fa102,
843,03094b8d-27d1-49d4-8b85-523ae9376656,ACT,,,,,"The Revenue Commissioners, Bombay Act, 1842",AC_CEN_5_5_00069_184217_1658139760681,1842,17,ACT,CENTRAL,0,123456789/496649,,https://indiacode.gov.in/server/api/core/items/03094b8d-27d1-49d4-8b85-523ae9376656,https://indiacode.gov.in/act/03094b8d-27d1-49d4-8b85-523ae9376656,https://indiacode.gov.in/act/03094b8d-27d1-49d4-8b85-523ae9376656/sections,https://indiacode.gov.in/act/03094b8d-27d1-49d4-8b85-523ae9376656/schedules,99795b82f464d633e43bcc5a23e900740ef93093175ffabac2f037e6376fa102,
844,7b2c7694-8dd5-4c6f-9b8b-b84e8f74dbde,ACT,,,,,"The Revenue, Bombay, 1842",AC_CEN_5_5_00070_184213_1658139989903,1842,13,ACT,CENTRAL,0,123456789/496650,,https://indiacode.gov.in/server/api/core/items/7b2c7694-8dd5-4c6f-9b8b-b84e8f74dbde,https://indiacode.gov.in/act/7b2c7694-8dd5-4c6f-9b8b-b84e8f74dbde,https://indiacode.gov.in/act/7b2c7694-8dd5-4c6f-9b8b-b84e8f74dbde/sections,https://indiacode.gov.in/act/7b2c7694-8dd5-4c6f-9b8b-b84e8f74dbde/schedules,99795b82f464d633e43bcc5a23e900740ef93093175ffabac2f037e6376fa102,
845,cbb70fd6-1658-4734-aa3d-fb6607df3ac1,ACT,,,,,"The Madras Rent and Revenue Sales Act, 1839",AC_CEN_5_5_00114_183907_1691478563347,1839,7,ACT,CENTRAL,0,123456789/496682,,https://indiacode.gov.in/server/api/core/items/cbb70fd6-1658-4734-aa3d-fb6607df3ac1,https://indiacode.gov.in/act/cbb70fd6-1658-4734-aa3d-fb6607df3ac1,https://indiacode.gov.in/act/cbb70fd6-1658-4734-aa3d-fb6607df3ac1/sections,https://indiacode.gov.in/act/cbb70fd6-1658-4734-aa3d-fb6607df3ac1/schedules,99795b82f464d633e43bcc5a23e900740ef93093175ffabac2f037e6376fa102,
846,eae3b6cf-0520-43df-bc3f-7c616584809c,ACT,,,,,"The Bengal Bonded Warehouse Association Act, 1838",AC_CEN_5_5_00093_183805_1662013952073,1838,5,ACT,CENTRAL,0,123456789/496669,,https://indiacode.gov.in/server/api/core/items/eae3b6cf-0520-43df-bc3f-7c616584809c,https://indiacode.gov.in/act/eae3b6cf-0520-43df-bc3f-7c616584809c,https://indiacode.gov.in/act/eae3b6cf-0520-43df-bc3f-7c616584809c/sections,https://indiacode.gov.in/act/eae3b6cf-0520-43df-bc3f-7c616584809c/schedules,99795b82f464d633e43bcc5a23e900740ef93093175ffabac2f037e6376fa102,
847,c0f13927-0af8-46f3-a87a-0a942e8f7af9,ACT,,,,,"The Bengal Indigo Contracts Act, 1836",AC_CEN_5_5_00062_183610_1657710068459,1836,10,ACT,CENTRAL,0,123456789/496641,,https://indiacode.gov.in/server/api/core/items/c0f13927-0af8-46f3-a87a-0a942e8f7af9,https://indiacode.gov.in/act/c0f13927-0af8-46f3-a87a-0a942e8f7af9,https://indiacode.gov.in/act/c0f13927-0af8-46f3-a87a-0a942e8f7af9/sections,https://indiacode.gov.in/act/c0f13927-0af8-46f3-a87a-0a942e8f7af9/schedules,99795b82f464d633e43bcc5a23e900740ef93093175ffabac2f037e6376fa102,
848,f33fe562-a40e-4567-9c2e-b49003a330cc,REPEAL_ACTS,,,,,"The Tribunals Reforms Act, 2021",,,,REPEAL_ACTS,CENTRAL,,123456789/619912,,https://indiacode.gov.in/server/api/core/items/f33fe562-a40e-4567-9c2e-b49003a330cc,https://indiacode.gov.in/act/f33fe562-a40e-4567-9c2e-b49003a330cc,https://indiacode.gov.in/act/f33fe562-a40e-4567-9c2e-b49003a330cc/sections,https://indiacode.gov.in/act/f33fe562-a40e-4567-9c2e-b49003a330cc/schedules,a86c65f52473548577a13d41b5b539d29d2ce44f6a6e281b05ebd2d9d33ba1c1,
849,f05ec976-cc58-4f08-a76a-f7b14ed568a0,REPEAL_ACTS,,,,,"The Employees Provident Funds and Miscellaneous Provisions Act, 1952, 19 of 1952 (Rep., Act 36 of 2020)",,,,REPEAL_ACTS,CENTRAL,,123456789/619911,,https://indiacode.gov.in/server/api/core/items/f05ec976-cc58-4f08-a76a-f7b14ed568a0,https://indiacode.gov.in/act/f05ec976-cc58-4f08-a76a-f7b14ed568a0,https://indiacode.gov.in/act/f05ec976-cc58-4f08-a76a-f7b14ed568a0/sections,https://indiacode.gov.in/act/f05ec976-cc58-4f08-a76a-f7b14ed568a0/schedules,a86c65f52473548577a13d41b5b539d29d2ce44f6a6e281b05ebd2d9d33ba1c1,
